2025-09-17 11:39:36.008 [main] INFO  [,] c.e.o.s.SubscriberServiceApplication - Starting SubscriberServiceApplication using Java 21.0.8 with PID 1761095 (/home/allan/source/observability/subscriber-service/target/subscriber-service-1.0.0-SNAPSHOT.jar started by allan in /home/allan/source/observability/subscriber-service)
2025-09-17 11:39:36.136 [main] INFO  [,] c.e.o.s.SubscriberServiceApplication - The following 1 profile is active: "local"
2025-09-17 11:39:37.498 [main] INFO  [,] o.s.d.r.c.RepositoryConfigurationDelegate - Bootstrapping Spring Data JPA repositories in DEFAULT mode.
2025-09-17 11:39:37.672 [main] INFO  [,] o.s.d.r.c.RepositoryConfigurationDelegate - Finished Spring Data repository scanning in 167 ms. Found 1 JPA repository interface.
2025-09-17 11:39:37.742 [main] INFO  [,] o.s.i.c.DefaultConfiguringBeanFactoryPostProcessor - No bean named 'errorChannel' has been explicitly defined. Therefore, a default PublishSubscribeChannel will be created.
2025-09-17 11:39:37.757 [main] INFO  [,] o.s.i.c.DefaultConfiguringBeanFactoryPostProcessor - No bean named 'integrationHeaderChannelRegistry' has been explicitly defined. Therefore, a default DefaultHeaderChannelRegistry will be created.
2025-09-17 11:39:38.564 [main] INFO  [,] o.s.b.w.e.tomcat.TomcatWebServer - Tomcat initialized with port 8081 (http)
2025-09-17 11:39:38.586 [main] INFO  [,] o.a.catalina.core.StandardService - Starting service [Tomcat]
2025-09-17 11:39:38.586 [main] INFO  [,] o.a.catalina.core.StandardEngine - Starting Servlet engine: [Apache Tomcat/10.1.19]
2025-09-17 11:39:38.622 [main] INFO  [,] o.a.c.c.C.[Tomcat].[localhost].[/] - Initializing Spring embedded WebApplicationContext
2025-09-17 11:39:38.622 [main] INFO  [,] o.s.b.w.s.c.ServletWebServerApplicationContext - Root WebApplicationContext: initialization completed in 2392 ms
2025-09-17 11:39:39.256 [main] INFO  [,] o.h.jpa.internal.util.LogHelper - HHH000204: Processing PersistenceUnitInfo [name: default]
2025-09-17 11:39:39.339 [main] INFO  [,] org.hibernate.Version - HHH000412: Hibernate ORM core version 6.4.4.Final
2025-09-17 11:39:39.378 [main] INFO  [,] o.h.c.i.RegionFactoryInitiator - HHH000026: Second-level cache disabled
2025-09-17 11:39:39.592 [main] INFO  [,] o.s.o.j.p.SpringPersistenceUnitInfo - No LoadTimeWeaver setup: ignoring JPA class transformer
2025-09-17 11:39:39.615 [main] INFO  [,] com.zaxxer.hikari.HikariDataSource - SubscriberServicePool - Starting...
2025-09-17 11:39:40.671 [main] ERROR [,] com.zaxxer.hikari.pool.HikariPool - SubscriberServicePool - Exception during pool initialization.
org.postgresql.util.PSQLException: Connection to localhost:5432 refused. Check that the hostname and port are correct and that the postmaster is accepting TCP/IP connections.
	at org.postgresql.core.v3.ConnectionFactoryImpl.openConnectionImpl(ConnectionFactoryImpl.java:342)
	at org.postgresql.core.ConnectionFactory.openConnection(ConnectionFactory.java:54)
	at org.postgresql.jdbc.PgConnection.<init>(PgConnection.java:263)
	at org.postgresql.Driver.makeConnection(Driver.java:443)
	at org.postgresql.Driver.connect(Driver.java:297)
	at com.zaxxer.hikari.util.DriverDataSource.getConnection(DriverDataSource.java:138)
	at com.zaxxer.hikari.pool.PoolBase.newConnection(PoolBase.java:359)
	at com.zaxxer.hikari.pool.PoolBase.newPoolEntry(PoolBase.java:201)
	at com.zaxxer.hikari.pool.HikariPool.createPoolEntry(HikariPool.java:470)
	at com.zaxxer.hikari.pool.HikariPool.checkFailFast(HikariPool.java:561)
	at com.zaxxer.hikari.pool.HikariPool.<init>(HikariPool.java:100)
	at com.zaxxer.hikari.HikariDataSource.getConnection(HikariDataSource.java:112)
	at org.hibernate.engine.jdbc.connections.internal.DatasourceConnectionProviderImpl.getConnection(DatasourceConnectionProviderImpl.java:122)
	at org.hibernate.engine.jdbc.env.internal.JdbcEnvironmentInitiator$ConnectionProviderJdbcConnectionAccess.obtainConnection(JdbcEnvironmentInitiator.java:428)
	at org.hibernate.resource.transaction.backend.jdbc.internal.JdbcIsolationDelegate.delegateWork(JdbcIsolationDelegate.java:61)
	at org.hibernate.engine.jdbc.env.internal.JdbcEnvironmentInitiator.getJdbcEnvironmentUsingJdbcMetadata(JdbcEnvironmentInitiator.java:276)
	at org.hibernate.engine.jdbc.env.internal.JdbcEnvironmentInitiator.initiateService(JdbcEnvironmentInitiator.java:107)
	at org.hibernate.engine.jdbc.env.internal.JdbcEnvironmentInitiator.initiateService(JdbcEnvironmentInitiator.java:68)
	at org.hibernate.boot.registry.internal.StandardServiceRegistryImpl.initiateService(StandardServiceRegistryImpl.java:130)
	at org.hibernate.service.internal.AbstractServiceRegistryImpl.createService(AbstractServiceRegistryImpl.java:263)
	at org.hibernate.service.internal.AbstractServiceRegistryImpl.initializeService(AbstractServiceRegistryImpl.java:238)
	at org.hibernate.service.internal.AbstractServiceRegistryImpl.getService(AbstractServiceRegistryImpl.java:215)
	at org.hibernate.boot.model.relational.Database.<init>(Database.java:45)
	at org.hibernate.boot.internal.InFlightMetadataCollectorImpl.getDatabase(InFlightMetadataCollectorImpl.java:223)
	at org.hibernate.boot.internal.InFlightMetadataCollectorImpl.<init>(InFlightMetadataCollectorImpl.java:191)
	at org.hibernate.boot.model.process.spi.MetadataBuildingProcess.complete(MetadataBuildingProcess.java:170)
	at org.hibernate.jpa.boot.internal.EntityManagerFactoryBuilderImpl.metadata(EntityManagerFactoryBuilderImpl.java:1432)
	at org.hibernate.jpa.boot.internal.EntityManagerFactoryBuilderImpl.build(EntityManagerFactoryBuilderImpl.java:1503)
	at org.springframework.orm.jpa.vendor.SpringHibernateJpaPersistenceProvider.createContainerEntityManagerFactory(SpringHibernateJpaPersistenceProvider.java:75)
	at org.springframework.orm.jpa.LocalContainerEntityManagerFactoryBean.createNativeEntityManagerFactory(LocalContainerEntityManagerFactoryBean.java:390)
	at org.springframework.orm.jpa.AbstractEntityManagerFactoryBean.buildNativeEntityManagerFactory(AbstractEntityManagerFactoryBean.java:409)
	at org.springframework.orm.jpa.AbstractEntityManagerFactoryBean.afterPropertiesSet(AbstractEntityManagerFactoryBean.java:396)
	at org.springframework.orm.jpa.LocalContainerEntityManagerFactoryBean.afterPropertiesSet(LocalContainerEntityManagerFactoryBean.java:366)
	at org.springframework.beans.factory.support.AbstractAutowireCapableBeanFactory.invokeInitMethods(AbstractAutowireCapableBeanFactory.java:1833)
	at org.springframework.beans.factory.support.AbstractAutowireCapableBeanFactory.initializeBean(AbstractAutowireCapableBeanFactory.java:1782)
	at org.springframework.beans.factory.support.AbstractAutowireCapableBeanFactory.doCreateBean(AbstractAutowireCapableBeanFactory.java:600)
	at org.springframework.beans.factory.support.AbstractAutowireCapableBeanFactory.createBean(AbstractAutowireCapableBeanFactory.java:522)
	at org.springframework.beans.factory.support.AbstractBeanFactory.lambda$doGetBean$0(AbstractBeanFactory.java:326)
	at org.springframework.beans.factory.support.DefaultSingletonBeanRegistry.getSingleton(DefaultSingletonBeanRegistry.java:234)
	at org.springframework.beans.factory.support.AbstractBeanFactory.doGetBean(AbstractBeanFactory.java:324)
	at org.springframework.beans.factory.support.AbstractBeanFactory.getBean(AbstractBeanFactory.java:200)
	at org.springframework.context.support.AbstractApplicationContext.getBean(AbstractApplicationContext.java:1234)
	at org.springframework.context.support.AbstractApplicationContext.finishBeanFactoryInitialization(AbstractApplicationContext.java:952)
	at org.springframework.context.support.AbstractApplicationContext.refresh(AbstractApplicationContext.java:624)
	at org.springframework.boot.web.servlet.context.ServletWebServerApplicationContext.refresh(ServletWebServerApplicationContext.java:146)
	at org.springframework.boot.SpringApplication.refresh(SpringApplication.java:754)
	at org.springframework.boot.SpringApplication.refreshContext(SpringApplication.java:456)
	at org.springframework.boot.SpringApplication.run(SpringApplication.java:334)
	at org.springframework.boot.SpringApplication.run(SpringApplication.java:1354)
	at org.springframework.boot.SpringApplication.run(SpringApplication.java:1343)
	at com.example.observability.subscriber.SubscriberServiceApplication.main(SubscriberServiceApplication.java:25)
	at java.base/jdk.internal.reflect.DirectMethodHandleAccessor.invoke(DirectMethodHandleAccessor.java:103)
	at java.base/java.lang.reflect.Method.invoke(Method.java:580)
	at org.springframework.boot.loader.launch.Launcher.launch(Launcher.java:91)
	at org.springframework.boot.loader.launch.Launcher.launch(Launcher.java:53)
	at org.springframework.boot.loader.launch.JarLauncher.main(JarLauncher.java:58)
Caused by: java.net.ConnectException: Connection refused
	at java.base/sun.nio.ch.Net.pollConnect(Native Method)
	at java.base/sun.nio.ch.Net.pollConnectNow(Net.java:682)
	at java.base/sun.nio.ch.NioSocketImpl.timedFinishConnect(NioSocketImpl.java:542)
	at java.base/sun.nio.ch.NioSocketImpl.connect(NioSocketImpl.java:592)
	at java.base/java.net.SocksSocketImpl.connect(SocksSocketImpl.java:327)
	at java.base/java.net.Socket.connect(Socket.java:751)
	at org.postgresql.core.PGStream.createSocket(PGStream.java:243)
	at org.postgresql.core.PGStream.<init>(PGStream.java:98)
	at org.postgresql.core.v3.ConnectionFactoryImpl.tryConnect(ConnectionFactoryImpl.java:132)
	at org.postgresql.core.v3.ConnectionFactoryImpl.openConnectionImpl(ConnectionFactoryImpl.java:258)
	... 55 common frames omitted
2025-09-17 11:39:40.675 [main] WARN  [,] o.h.e.j.e.i.JdbcEnvironmentInitiator - HHH000342: Could not obtain connection to query metadata
java.lang.NullPointerException: Cannot invoke "org.hibernate.engine.jdbc.spi.SqlExceptionHelper.convert(java.sql.SQLException, String)" because the return value of "org.hibernate.resource.transaction.backend.jdbc.internal.JdbcIsolationDelegate.sqlExceptionHelper()" is null
	at org.hibernate.resource.transaction.backend.jdbc.internal.JdbcIsolationDelegate.delegateWork(JdbcIsolationDelegate.java:116)
	at org.hibernate.engine.jdbc.env.internal.JdbcEnvironmentInitiator.getJdbcEnvironmentUsingJdbcMetadata(JdbcEnvironmentInitiator.java:276)
	at org.hibernate.engine.jdbc.env.internal.JdbcEnvironmentInitiator.initiateService(JdbcEnvironmentInitiator.java:107)
	at org.hibernate.engine.jdbc.env.internal.JdbcEnvironmentInitiator.initiateService(JdbcEnvironmentInitiator.java:68)
	at org.hibernate.boot.registry.internal.StandardServiceRegistryImpl.initiateService(StandardServiceRegistryImpl.java:130)
	at org.hibernate.service.internal.AbstractServiceRegistryImpl.createService(AbstractServiceRegistryImpl.java:263)
	at org.hibernate.service.internal.AbstractServiceRegistryImpl.initializeService(AbstractServiceRegistryImpl.java:238)
	at org.hibernate.service.internal.AbstractServiceRegistryImpl.getService(AbstractServiceRegistryImpl.java:215)
	at org.hibernate.boot.model.relational.Database.<init>(Database.java:45)
	at org.hibernate.boot.internal.InFlightMetadataCollectorImpl.getDatabase(InFlightMetadataCollectorImpl.java:223)
	at org.hibernate.boot.internal.InFlightMetadataCollectorImpl.<init>(InFlightMetadataCollectorImpl.java:191)
	at org.hibernate.boot.model.process.spi.MetadataBuildingProcess.complete(MetadataBuildingProcess.java:170)
	at org.hibernate.jpa.boot.internal.EntityManagerFactoryBuilderImpl.metadata(EntityManagerFactoryBuilderImpl.java:1432)
	at org.hibernate.jpa.boot.internal.EntityManagerFactoryBuilderImpl.build(EntityManagerFactoryBuilderImpl.java:1503)
	at org.springframework.orm.jpa.vendor.SpringHibernateJpaPersistenceProvider.createContainerEntityManagerFactory(SpringHibernateJpaPersistenceProvider.java:75)
	at org.springframework.orm.jpa.LocalContainerEntityManagerFactoryBean.createNativeEntityManagerFactory(LocalContainerEntityManagerFactoryBean.java:390)
	at org.springframework.orm.jpa.AbstractEntityManagerFactoryBean.buildNativeEntityManagerFactory(AbstractEntityManagerFactoryBean.java:409)
	at org.springframework.orm.jpa.AbstractEntityManagerFactoryBean.afterPropertiesSet(AbstractEntityManagerFactoryBean.java:396)
	at org.springframework.orm.jpa.LocalContainerEntityManagerFactoryBean.afterPropertiesSet(LocalContainerEntityManagerFactoryBean.java:366)
	at org.springframework.beans.factory.support.AbstractAutowireCapableBeanFactory.invokeInitMethods(AbstractAutowireCapableBeanFactory.java:1833)
	at org.springframework.beans.factory.support.AbstractAutowireCapableBeanFactory.initializeBean(AbstractAutowireCapableBeanFactory.java:1782)
	at org.springframework.beans.factory.support.AbstractAutowireCapableBeanFactory.doCreateBean(AbstractAutowireCapableBeanFactory.java:600)
	at org.springframework.beans.factory.support.AbstractAutowireCapableBeanFactory.createBean(AbstractAutowireCapableBeanFactory.java:522)
	at org.springframework.beans.factory.support.AbstractBeanFactory.lambda$doGetBean$0(AbstractBeanFactory.java:326)
	at org.springframework.beans.factory.support.DefaultSingletonBeanRegistry.getSingleton(DefaultSingletonBeanRegistry.java:234)
	at org.springframework.beans.factory.support.AbstractBeanFactory.doGetBean(AbstractBeanFactory.java:324)
	at org.springframework.beans.factory.support.AbstractBeanFactory.getBean(AbstractBeanFactory.java:200)
	at org.springframework.context.support.AbstractApplicationContext.getBean(AbstractApplicationContext.java:1234)
	at org.springframework.context.support.AbstractApplicationContext.finishBeanFactoryInitialization(AbstractApplicationContext.java:952)
	at org.springframework.context.support.AbstractApplicationContext.refresh(AbstractApplicationContext.java:624)
	at org.springframework.boot.web.servlet.context.ServletWebServerApplicationContext.refresh(ServletWebServerApplicationContext.java:146)
	at org.springframework.boot.SpringApplication.refresh(SpringApplication.java:754)
	at org.springframework.boot.SpringApplication.refreshContext(SpringApplication.java:456)
	at org.springframework.boot.SpringApplication.run(SpringApplication.java:334)
	at org.springframework.boot.SpringApplication.run(SpringApplication.java:1354)
	at org.springframework.boot.SpringApplication.run(SpringApplication.java:1343)
	at com.example.observability.subscriber.SubscriberServiceApplication.main(SubscriberServiceApplication.java:25)
	at java.base/jdk.internal.reflect.DirectMethodHandleAccessor.invoke(DirectMethodHandleAccessor.java:103)
	at java.base/java.lang.reflect.Method.invoke(Method.java:580)
	at org.springframework.boot.loader.launch.Launcher.launch(Launcher.java:91)
	at org.springframework.boot.loader.launch.Launcher.launch(Launcher.java:53)
	at org.springframework.boot.loader.launch.JarLauncher.main(JarLauncher.java:58)
2025-09-17 11:39:40.692 [main] WARN  [,] org.hibernate.orm.deprecation - HHH90000025: PostgreSQLDialect does not need to be specified explicitly using 'hibernate.dialect' (remove the property setting and it will be selected by default)
2025-09-17 11:39:41.394 [main] INFO  [,] o.h.e.t.j.p.i.JtaPlatformInitiator - HHH000489: No JTA platform available (set 'hibernate.transaction.jta.platform' to enable JTA platform integration)
2025-09-17 11:39:41.397 [main] INFO  [,] o.s.o.j.LocalContainerEntityManagerFactoryBean - Initialized JPA EntityManagerFactory for persistence unit 'default'
2025-09-17 11:39:41.718 [main] INFO  [,] o.s.d.j.r.query.QueryEnhancerFactory - Hibernate is in classpath; If applicable, HQL parser will be used.
2025-09-17 11:39:42.234 [main] INFO  [,] c.e.o.subscriber.config.PubSubConfig - Pub/Sub configuration initialized - using @PubsubListener for message consumption
2025-09-17 11:39:42.245 [main] INFO  [,] c.e.o.s.c.PubSubIntegrationConfig - Creating orders-subscription-channel for Pub/Sub integration
2025-09-17 11:39:42.480 [main] WARN  [,] c.g.c.s.c.DefaultCredentialsProvider - No core credentials are set. Service-specific credentials (e.g., spring.cloud.gcp.pubsub.credentials.*) should be used if your app uses services that require credentials.
java.io.IOException: Your default credentials were not found. To set up Application Default Credentials for your environment, see https://cloud.google.com/docs/authentication/external/set-up-adc.
	at com.google.auth.oauth2.DefaultCredentialsProvider.getDefaultCredentials(DefaultCredentialsProvider.java:127)
	at com.google.auth.oauth2.GoogleCredentials.getApplicationDefault(GoogleCredentials.java:152)
	at com.google.auth.oauth2.GoogleCredentials.getApplicationDefault(GoogleCredentials.java:124)
	at com.google.api.gax.core.GoogleCredentialsProvider.getCredentials(GoogleCredentialsProvider.java:70)
	at com.google.cloud.spring.core.DefaultCredentialsProvider.<init>(DefaultCredentialsProvider.java:101)
	at com.google.cloud.spring.autoconfigure.core.GcpContextAutoConfiguration.googleCredentials(GcpContextAutoConfiguration.java:56)
	at java.base/jdk.internal.reflect.DirectMethodHandleAccessor.invoke(DirectMethodHandleAccessor.java:103)
	at java.base/java.lang.reflect.Method.invoke(Method.java:580)
	at org.springframework.beans.factory.support.SimpleInstantiationStrategy.instantiate(SimpleInstantiationStrategy.java:140)
	at org.springframework.beans.factory.support.ConstructorResolver.instantiate(ConstructorResolver.java:644)
	at org.springframework.beans.factory.support.ConstructorResolver.instantiateUsingFactoryMethod(ConstructorResolver.java:485)
	at org.springframework.beans.factory.support.AbstractAutowireCapableBeanFactory.instantiateUsingFactoryMethod(AbstractAutowireCapableBeanFactory.java:1335)
	at org.springframework.beans.factory.support.AbstractAutowireCapableBeanFactory.createBeanInstance(AbstractAutowireCapableBeanFactory.java:1165)
	at org.springframework.beans.factory.support.AbstractAutowireCapableBeanFactory.doCreateBean(AbstractAutowireCapableBeanFactory.java:562)
	at org.springframework.beans.factory.support.AbstractAutowireCapableBeanFactory.createBean(AbstractAutowireCapableBeanFactory.java:522)
	at org.springframework.beans.factory.support.AbstractBeanFactory.lambda$doGetBean$0(AbstractBeanFactory.java:326)
	at org.springframework.beans.factory.support.DefaultSingletonBeanRegistry.getSingleton(DefaultSingletonBeanRegistry.java:234)
	at org.springframework.beans.factory.support.AbstractBeanFactory.doGetBean(AbstractBeanFactory.java:324)
	at org.springframework.beans.factory.support.AbstractBeanFactory.getBean(AbstractBeanFactory.java:200)
	at org.springframework.beans.factory.config.DependencyDescriptor.resolveCandidate(DependencyDescriptor.java:254)
	at org.springframework.beans.factory.support.DefaultListableBeanFactory.doResolveDependency(DefaultListableBeanFactory.java:1443)
	at org.springframework.beans.factory.support.DefaultListableBeanFactory.resolveDependency(DefaultListableBeanFactory.java:1353)
	at org.springframework.beans.factory.support.ConstructorResolver.resolveAutowiredArgument(ConstructorResolver.java:904)
	at org.springframework.beans.factory.support.ConstructorResolver.createArgumentArray(ConstructorResolver.java:782)
	at org.springframework.beans.factory.support.ConstructorResolver.autowireConstructor(ConstructorResolver.java:237)
	at org.springframework.beans.factory.support.AbstractAutowireCapableBeanFactory.autowireConstructor(AbstractAutowireCapableBeanFactory.java:1355)
	at org.springframework.beans.factory.support.AbstractAutowireCapableBeanFactory.createBeanInstance(AbstractAutowireCapableBeanFactory.java:1192)
	at org.springframework.beans.factory.support.AbstractAutowireCapableBeanFactory.doCreateBean(AbstractAutowireCapableBeanFactory.java:562)
	at org.springframework.beans.factory.support.AbstractAutowireCapableBeanFactory.createBean(AbstractAutowireCapableBeanFactory.java:522)
	at org.springframework.beans.factory.support.AbstractBeanFactory.lambda$doGetBean$0(AbstractBeanFactory.java:326)
	at org.springframework.beans.factory.support.DefaultSingletonBeanRegistry.getSingleton(DefaultSingletonBeanRegistry.java:234)
	at org.springframework.beans.factory.support.AbstractBeanFactory.doGetBean(AbstractBeanFactory.java:324)
	at org.springframework.beans.factory.support.AbstractBeanFactory.getBean(AbstractBeanFactory.java:200)
	at org.springframework.beans.factory.support.ConstructorResolver.instantiateUsingFactoryMethod(ConstructorResolver.java:409)
	at org.springframework.beans.factory.support.AbstractAutowireCapableBeanFactory.instantiateUsingFactoryMethod(AbstractAutowireCapableBeanFactory.java:1335)
	at org.springframework.beans.factory.support.AbstractAutowireCapableBeanFactory.createBeanInstance(AbstractAutowireCapableBeanFactory.java:1165)
	at org.springframework.beans.factory.support.AbstractAutowireCapableBeanFactory.doCreateBean(AbstractAutowireCapableBeanFactory.java:562)
	at org.springframework.beans.factory.support.AbstractAutowireCapableBeanFactory.createBean(AbstractAutowireCapableBeanFactory.java:522)
	at org.springframework.beans.factory.support.AbstractBeanFactory.lambda$doGetBean$0(AbstractBeanFactory.java:326)
	at org.springframework.beans.factory.support.DefaultSingletonBeanRegistry.getSingleton(DefaultSingletonBeanRegistry.java:234)
	at org.springframework.beans.factory.support.AbstractBeanFactory.doGetBean(AbstractBeanFactory.java:324)
	at org.springframework.beans.factory.support.AbstractBeanFactory.getBean(AbstractBeanFactory.java:200)
	at org.springframework.beans.factory.config.DependencyDescriptor.resolveCandidate(DependencyDescriptor.java:254)
	at org.springframework.beans.factory.support.DefaultListableBeanFactory.doResolveDependency(DefaultListableBeanFactory.java:1443)
	at org.springframework.beans.factory.support.DefaultListableBeanFactory.resolveDependency(DefaultListableBeanFactory.java:1353)
	at org.springframework.beans.factory.support.ConstructorResolver.resolveAutowiredArgument(ConstructorResolver.java:904)
	at org.springframework.beans.factory.support.ConstructorResolver.createArgumentArray(ConstructorResolver.java:782)
	at org.springframework.beans.factory.support.ConstructorResolver.instantiateUsingFactoryMethod(ConstructorResolver.java:542)
	at org.springframework.beans.factory.support.AbstractAutowireCapableBeanFactory.instantiateUsingFactoryMethod(AbstractAutowireCapableBeanFactory.java:1335)
	at org.springframework.beans.factory.support.AbstractAutowireCapableBeanFactory.createBeanInstance(AbstractAutowireCapableBeanFactory.java:1165)
	at org.springframework.beans.factory.support.AbstractAutowireCapableBeanFactory.doCreateBean(AbstractAutowireCapableBeanFactory.java:562)
	at org.springframework.beans.factory.support.AbstractAutowireCapableBeanFactory.createBean(AbstractAutowireCapableBeanFactory.java:522)
	at org.springframework.beans.factory.support.AbstractBeanFactory.lambda$doGetBean$0(AbstractBeanFactory.java:326)
	at org.springframework.beans.factory.support.DefaultSingletonBeanRegistry.getSingleton(DefaultSingletonBeanRegistry.java:234)
	at org.springframework.beans.factory.support.AbstractBeanFactory.doGetBean(AbstractBeanFactory.java:324)
	at org.springframework.beans.factory.support.AbstractBeanFactory.getBean(AbstractBeanFactory.java:200)
	at org.springframework.beans.factory.support.DefaultListableBeanFactory.preInstantiateSingletons(DefaultListableBeanFactory.java:975)
	at org.springframework.context.support.AbstractApplicationContext.finishBeanFactoryInitialization(AbstractApplicationContext.java:962)
	at org.springframework.context.support.AbstractApplicationContext.refresh(AbstractApplicationContext.java:624)
	at org.springframework.boot.web.servlet.context.ServletWebServerApplicationContext.refresh(ServletWebServerApplicationContext.java:146)
	at org.springframework.boot.SpringApplication.refresh(SpringApplication.java:754)
	at org.springframework.boot.SpringApplication.refreshContext(SpringApplication.java:456)
	at org.springframework.boot.SpringApplication.run(SpringApplication.java:334)
	at org.springframework.boot.SpringApplication.run(SpringApplication.java:1354)
	at org.springframework.boot.SpringApplication.run(SpringApplication.java:1343)
	at com.example.observability.subscriber.SubscriberServiceApplication.main(SubscriberServiceApplication.java:25)
	at java.base/jdk.internal.reflect.DirectMethodHandleAccessor.invoke(DirectMethodHandleAccessor.java:103)
	at java.base/java.lang.reflect.Method.invoke(Method.java:580)
	at org.springframework.boot.loader.launch.Launcher.launch(Launcher.java:91)
	at org.springframework.boot.loader.launch.Launcher.launch(Launcher.java:53)
	at org.springframework.boot.loader.launch.JarLauncher.main(JarLauncher.java:58)
2025-09-17 11:39:42.888 [main] INFO  [,] c.e.o.s.c.PubSubIntegrationConfig - Creating PubSubInboundChannelAdapter for orders-subscription
2025-09-17 11:39:42.896 [main] INFO  [,] c.e.o.s.c.PubSubIntegrationConfig - PubSubInboundChannelAdapter configured successfully
2025-09-17 11:39:42.983 [main] WARN  [,] o.s.b.a.o.j.JpaBaseConfiguration$JpaWebConfiguration - spring.jpa.open-in-view is enabled by default. Therefore, database queries may be performed during view rendering. Explicitly configure spring.jpa.open-in-view to disable this warning
2025-09-17 11:39:44.012 [main] INFO  [,] o.s.b.a.e.web.EndpointLinksResolver - Exposing 10 endpoint(s) beneath base path '/actuator'
2025-09-17 11:39:44.263 [main] INFO  [,] o.s.i.endpoint.EventDrivenConsumer - Adding {logging-channel-adapter:_org.springframework.integration.errorLogger} as a subscriber to the 'errorChannel' channel
2025-09-17 11:39:44.264 [main] INFO  [,] o.s.i.c.PublishSubscribeChannel - Channel 'subscriber-service.errorChannel' has 1 subscriber(s).
2025-09-17 11:39:44.264 [main] INFO  [,] o.s.i.endpoint.EventDrivenConsumer - started bean '_org.springframework.integration.errorLogger'
2025-09-17 11:39:44.265 [main] INFO  [,] o.s.i.endpoint.EventDrivenConsumer - Adding {service-activator:orderEventListener.receiveOrderEvent.serviceActivator} as a subscriber to the 'ordersSubscriptionChannel' channel
2025-09-17 11:39:44.265 [main] INFO  [,] o.s.i.channel.DirectChannel - Channel 'subscriber-service.ordersSubscriptionChannel' has 1 subscriber(s).
2025-09-17 11:39:44.265 [main] INFO  [,] o.s.i.endpoint.EventDrivenConsumer - started bean 'orderEventListener.receiveOrderEvent.serviceActivator'
2025-09-17 11:39:44.299 [main] INFO  [,] o.s.b.w.e.tomcat.TomcatWebServer - Tomcat started on port 8081 (http) with context path ''
2025-09-17 11:39:44.316 [main] INFO  [,] c.e.o.s.SubscriberServiceApplication - Started SubscriberServiceApplication in 8.918 seconds (process running for 11.899)
2025-09-17 11:40:25.891 [tomcat-handler-0] INFO  [,] o.a.c.c.C.[Tomcat].[localhost].[/] - Initializing Spring DispatcherServlet 'dispatcherServlet'
2025-09-17 11:40:25.891 [tomcat-handler-0] INFO  [,] o.s.web.servlet.DispatcherServlet - Initializing Servlet 'dispatcherServlet'
2025-09-17 11:40:25.893 [tomcat-handler-0] INFO  [,] o.s.web.servlet.DispatcherServlet - Completed initialization in 1 ms
2025-09-17 11:40:39.013 [grpc-default-executor-2] ERROR [,] c.g.c.p.v.StreamingSubscriberConnection - terminated streaming with exception
com.google.api.gax.rpc.NotFoundException: com.google.api.gax.rpc.NotFoundException: io.grpc.StatusRuntimeException: NOT_FOUND: Subscription does not exist (resource=orders-subscription)
	at com.google.api.gax.rpc.ApiExceptionFactory.createException(ApiExceptionFactory.java:90)
	at com.google.api.gax.rpc.ApiExceptionFactory.createException(ApiExceptionFactory.java:41)
	at com.google.cloud.pubsub.v1.StreamingSubscriberConnection$1.onFailure(StreamingSubscriberConnection.java:342)
	at com.google.api.core.ApiFutures$1.onFailure(ApiFutures.java:84)
	at com.google.common.util.concurrent.Futures$CallbackListener.run(Futures.java:1127)
	at com.google.common.util.concurrent.DirectExecutor.execute(DirectExecutor.java:31)
	at com.google.common.util.concurrent.AbstractFuture.executeListener(AbstractFuture.java:1286)
	at com.google.common.util.concurrent.AbstractFuture.complete(AbstractFuture.java:1055)
	at com.google.common.util.concurrent.AbstractFuture.setException(AbstractFuture.java:807)
	at com.google.api.core.AbstractApiFuture$InternalSettableFuture.setException(AbstractApiFuture.java:92)
	at com.google.api.core.AbstractApiFuture.setException(AbstractApiFuture.java:74)
	at com.google.api.core.SettableApiFuture.setException(SettableApiFuture.java:51)
	at com.google.cloud.pubsub.v1.StreamingSubscriberConnection$StreamingPullResponseObserver.onError(StreamingSubscriberConnection.java:264)
	at com.google.api.gax.tracing.TracedResponseObserver.onError(TracedResponseObserver.java:104)
	at com.google.api.gax.grpc.ExceptionResponseObserver.onErrorImpl(ExceptionResponseObserver.java:84)
	at com.google.api.gax.rpc.StateCheckingResponseObserver.onError(StateCheckingResponseObserver.java:84)
	at com.google.api.gax.grpc.GrpcDirectStreamController$ResponseObserverAdapter.onClose(GrpcDirectStreamController.java:148)
	at io.opentelemetry.javaagent.shaded.instrumentation.grpc.v1_6.TracingClientInterceptor$TracingClientCall$TracingClientCallListener.onClose(TracingClientInterceptor.java:184)
	at io.grpc.internal.ClientCallImpl.closeObserver(ClientCallImpl.java:574)
	at io.grpc.internal.ClientCallImpl.access$300(ClientCallImpl.java:72)
	at io.grpc.internal.ClientCallImpl$ClientStreamListenerImpl$1StreamClosed.runInternal(ClientCallImpl.java:742)
	at io.grpc.internal.ClientCallImpl$ClientStreamListenerImpl$1StreamClosed.runInContext(ClientCallImpl.java:723)
	at io.grpc.internal.ContextRunnable.run(ContextRunnable.java:37)
	at io.grpc.internal.SerializingExecutor.run(SerializingExecutor.java:133)
	at java.base/java.util.concurrent.ThreadPoolExecutor.runWorker(ThreadPoolExecutor.java:1144)
	at java.base/java.util.concurrent.ThreadPoolExecutor$Worker.run(ThreadPoolExecutor.java:642)
	at java.base/java.lang.Thread.run(Thread.java:1583)
Caused by: com.google.api.gax.rpc.NotFoundException: io.grpc.StatusRuntimeException: NOT_FOUND: Subscription does not exist (resource=orders-subscription)
	at com.google.api.gax.rpc.ApiExceptionFactory.createException(ApiExceptionFactory.java:90)
	at com.google.api.gax.rpc.ApiExceptionFactory.createException(ApiExceptionFactory.java:41)
	at com.google.api.gax.grpc.GrpcApiExceptionFactory.create(GrpcApiExceptionFactory.java:86)
	at com.google.api.gax.grpc.GrpcApiExceptionFactory.create(GrpcApiExceptionFactory.java:66)
	at com.google.api.gax.grpc.ExceptionResponseObserver.onErrorImpl(ExceptionResponseObserver.java:82)
	... 12 common frames omitted
Caused by: io.grpc.StatusRuntimeException: NOT_FOUND: Subscription does not exist (resource=orders-subscription)
	at io.grpc.Status.asRuntimeException(Status.java:533)
	... 11 common frames omitted
2025-09-17 11:40:39.012 [grpc-default-executor-4] ERROR [,] c.g.c.p.v.StreamingSubscriberConnection - terminated streaming with exception
com.google.api.gax.rpc.NotFoundException: com.google.api.gax.rpc.NotFoundException: io.grpc.StatusRuntimeException: NOT_FOUND: Subscription does not exist (resource=orders-subscription)
	at com.google.api.gax.rpc.ApiExceptionFactory.createException(ApiExceptionFactory.java:90)
	at com.google.api.gax.rpc.ApiExceptionFactory.createException(ApiExceptionFactory.java:41)
	at com.google.cloud.pubsub.v1.StreamingSubscriberConnection$1.onFailure(StreamingSubscriberConnection.java:342)
	at com.google.api.core.ApiFutures$1.onFailure(ApiFutures.java:84)
	at com.google.common.util.concurrent.Futures$CallbackListener.run(Futures.java:1127)
	at com.google.common.util.concurrent.DirectExecutor.execute(DirectExecutor.java:31)
	at com.google.common.util.concurrent.AbstractFuture.executeListener(AbstractFuture.java:1286)
	at com.google.common.util.concurrent.AbstractFuture.complete(AbstractFuture.java:1055)
	at com.google.common.util.concurrent.AbstractFuture.setException(AbstractFuture.java:807)
	at com.google.api.core.AbstractApiFuture$InternalSettableFuture.setException(AbstractApiFuture.java:92)
	at com.google.api.core.AbstractApiFuture.setException(AbstractApiFuture.java:74)
	at com.google.api.core.SettableApiFuture.setException(SettableApiFuture.java:51)
	at com.google.cloud.pubsub.v1.StreamingSubscriberConnection$StreamingPullResponseObserver.onError(StreamingSubscriberConnection.java:264)
	at com.google.api.gax.tracing.TracedResponseObserver.onError(TracedResponseObserver.java:104)
	at com.google.api.gax.grpc.ExceptionResponseObserver.onErrorImpl(ExceptionResponseObserver.java:84)
	at com.google.api.gax.rpc.StateCheckingResponseObserver.onError(StateCheckingResponseObserver.java:84)
	at com.google.api.gax.grpc.GrpcDirectStreamController$ResponseObserverAdapter.onClose(GrpcDirectStreamController.java:148)
	at io.opentelemetry.javaagent.shaded.instrumentation.grpc.v1_6.TracingClientInterceptor$TracingClientCall$TracingClientCallListener.onClose(TracingClientInterceptor.java:184)
	at io.grpc.internal.ClientCallImpl.closeObserver(ClientCallImpl.java:574)
	at io.grpc.internal.ClientCallImpl.access$300(ClientCallImpl.java:72)
	at io.grpc.internal.ClientCallImpl$ClientStreamListenerImpl$1StreamClosed.runInternal(ClientCallImpl.java:742)
	at io.grpc.internal.ClientCallImpl$ClientStreamListenerImpl$1StreamClosed.runInContext(ClientCallImpl.java:723)
	at io.grpc.internal.ContextRunnable.run(ContextRunnable.java:37)
	at io.grpc.internal.SerializingExecutor.run(SerializingExecutor.java:133)
	at java.base/java.util.concurrent.ThreadPoolExecutor.runWorker(ThreadPoolExecutor.java:1144)
	at java.base/java.util.concurrent.ThreadPoolExecutor$Worker.run(ThreadPoolExecutor.java:642)
	at java.base/java.lang.Thread.run(Thread.java:1583)
Caused by: com.google.api.gax.rpc.NotFoundException: io.grpc.StatusRuntimeException: NOT_FOUND: Subscription does not exist (resource=orders-subscription)
	at com.google.api.gax.rpc.ApiExceptionFactory.createException(ApiExceptionFactory.java:90)
	at com.google.api.gax.rpc.ApiExceptionFactory.createException(ApiExceptionFactory.java:41)
	at com.google.api.gax.grpc.GrpcApiExceptionFactory.create(GrpcApiExceptionFactory.java:86)
	at com.google.api.gax.grpc.GrpcApiExceptionFactory.create(GrpcApiExceptionFactory.java:66)
	at com.google.api.gax.grpc.ExceptionResponseObserver.onErrorImpl(ExceptionResponseObserver.java:82)
	... 12 common frames omitted
Caused by: io.grpc.StatusRuntimeException: NOT_FOUND: Subscription does not exist (resource=orders-subscription)
	at io.grpc.Status.asRuntimeException(Status.java:533)
	... 11 common frames omitted
2025-09-17 11:40:39.013 [grpc-default-executor-1] ERROR [,] c.g.c.p.v.StreamingSubscriberConnection - terminated streaming with exception
com.google.api.gax.rpc.NotFoundException: com.google.api.gax.rpc.NotFoundException: io.grpc.StatusRuntimeException: NOT_FOUND: Subscription does not exist (resource=orders-subscription)
	at com.google.api.gax.rpc.ApiExceptionFactory.createException(ApiExceptionFactory.java:90)
	at com.google.api.gax.rpc.ApiExceptionFactory.createException(ApiExceptionFactory.java:41)
	at com.google.cloud.pubsub.v1.StreamingSubscriberConnection$1.onFailure(StreamingSubscriberConnection.java:342)
	at com.google.api.core.ApiFutures$1.onFailure(ApiFutures.java:84)
	at com.google.common.util.concurrent.Futures$CallbackListener.run(Futures.java:1127)
	at com.google.common.util.concurrent.DirectExecutor.execute(DirectExecutor.java:31)
	at com.google.common.util.concurrent.AbstractFuture.executeListener(AbstractFuture.java:1286)
	at com.google.common.util.concurrent.AbstractFuture.complete(AbstractFuture.java:1055)
	at com.google.common.util.concurrent.AbstractFuture.setException(AbstractFuture.java:807)
	at com.google.api.core.AbstractApiFuture$InternalSettableFuture.setException(AbstractApiFuture.java:92)
	at com.google.api.core.AbstractApiFuture.setException(AbstractApiFuture.java:74)
	at com.google.api.core.SettableApiFuture.setException(SettableApiFuture.java:51)
	at com.google.cloud.pubsub.v1.StreamingSubscriberConnection$StreamingPullResponseObserver.onError(StreamingSubscriberConnection.java:264)
	at com.google.api.gax.tracing.TracedResponseObserver.onError(TracedResponseObserver.java:104)
	at com.google.api.gax.grpc.ExceptionResponseObserver.onErrorImpl(ExceptionResponseObserver.java:84)
	at com.google.api.gax.rpc.StateCheckingResponseObserver.onError(StateCheckingResponseObserver.java:84)
	at com.google.api.gax.grpc.GrpcDirectStreamController$ResponseObserverAdapter.onClose(GrpcDirectStreamController.java:148)
	at io.opentelemetry.javaagent.shaded.instrumentation.grpc.v1_6.TracingClientInterceptor$TracingClientCall$TracingClientCallListener.onClose(TracingClientInterceptor.java:184)
	at io.grpc.internal.ClientCallImpl.closeObserver(ClientCallImpl.java:574)
	at io.grpc.internal.ClientCallImpl.access$300(ClientCallImpl.java:72)
	at io.grpc.internal.ClientCallImpl$ClientStreamListenerImpl$1StreamClosed.runInternal(ClientCallImpl.java:742)
	at io.grpc.internal.ClientCallImpl$ClientStreamListenerImpl$1StreamClosed.runInContext(ClientCallImpl.java:723)
	at io.grpc.internal.ContextRunnable.run(ContextRunnable.java:37)
	at io.grpc.internal.SerializingExecutor.run(SerializingExecutor.java:133)
	at java.base/java.util.concurrent.ThreadPoolExecutor.runWorker(ThreadPoolExecutor.java:1144)
	at java.base/java.util.concurrent.ThreadPoolExecutor$Worker.run(ThreadPoolExecutor.java:642)
	at java.base/java.lang.Thread.run(Thread.java:1583)
Caused by: com.google.api.gax.rpc.NotFoundException: io.grpc.StatusRuntimeException: NOT_FOUND: Subscription does not exist (resource=orders-subscription)
	at com.google.api.gax.rpc.ApiExceptionFactory.createException(ApiExceptionFactory.java:90)
	at com.google.api.gax.rpc.ApiExceptionFactory.createException(ApiExceptionFactory.java:41)
	at com.google.api.gax.grpc.GrpcApiExceptionFactory.create(GrpcApiExceptionFactory.java:86)
	at com.google.api.gax.grpc.GrpcApiExceptionFactory.create(GrpcApiExceptionFactory.java:66)
	at com.google.api.gax.grpc.ExceptionResponseObserver.onErrorImpl(ExceptionResponseObserver.java:82)
	... 12 common frames omitted
Caused by: io.grpc.StatusRuntimeException: NOT_FOUND: Subscription does not exist (resource=orders-subscription)
	at io.grpc.Status.asRuntimeException(Status.java:533)
	... 11 common frames omitted
2025-09-17 11:40:39.013 [grpc-default-executor-5] ERROR [,] c.g.c.p.v.StreamingSubscriberConnection - terminated streaming with exception
com.google.api.gax.rpc.NotFoundException: com.google.api.gax.rpc.NotFoundException: io.grpc.StatusRuntimeException: NOT_FOUND: Subscription does not exist (resource=orders-subscription)
	at com.google.api.gax.rpc.ApiExceptionFactory.createException(ApiExceptionFactory.java:90)
	at com.google.api.gax.rpc.ApiExceptionFactory.createException(ApiExceptionFactory.java:41)
	at com.google.cloud.pubsub.v1.StreamingSubscriberConnection$1.onFailure(StreamingSubscriberConnection.java:342)
	at com.google.api.core.ApiFutures$1.onFailure(ApiFutures.java:84)
	at com.google.common.util.concurrent.Futures$CallbackListener.run(Futures.java:1127)
	at com.google.common.util.concurrent.DirectExecutor.execute(DirectExecutor.java:31)
	at com.google.common.util.concurrent.AbstractFuture.executeListener(AbstractFuture.java:1286)
	at com.google.common.util.concurrent.AbstractFuture.complete(AbstractFuture.java:1055)
	at com.google.common.util.concurrent.AbstractFuture.setException(AbstractFuture.java:807)
	at com.google.api.core.AbstractApiFuture$InternalSettableFuture.setException(AbstractApiFuture.java:92)
	at com.google.api.core.AbstractApiFuture.setException(AbstractApiFuture.java:74)
	at com.google.api.core.SettableApiFuture.setException(SettableApiFuture.java:51)
	at com.google.cloud.pubsub.v1.StreamingSubscriberConnection$StreamingPullResponseObserver.onError(StreamingSubscriberConnection.java:264)
	at com.google.api.gax.tracing.TracedResponseObserver.onError(TracedResponseObserver.java:104)
	at com.google.api.gax.grpc.ExceptionResponseObserver.onErrorImpl(ExceptionResponseObserver.java:84)
	at com.google.api.gax.rpc.StateCheckingResponseObserver.onError(StateCheckingResponseObserver.java:84)
	at com.google.api.gax.grpc.GrpcDirectStreamController$ResponseObserverAdapter.onClose(GrpcDirectStreamController.java:148)
	at io.opentelemetry.javaagent.shaded.instrumentation.grpc.v1_6.TracingClientInterceptor$TracingClientCall$TracingClientCallListener.onClose(TracingClientInterceptor.java:184)
	at io.grpc.internal.ClientCallImpl.closeObserver(ClientCallImpl.java:574)
	at io.grpc.internal.ClientCallImpl.access$300(ClientCallImpl.java:72)
	at io.grpc.internal.ClientCallImpl$ClientStreamListenerImpl$1StreamClosed.runInternal(ClientCallImpl.java:742)
	at io.grpc.internal.ClientCallImpl$ClientStreamListenerImpl$1StreamClosed.runInContext(ClientCallImpl.java:723)
	at io.grpc.internal.ContextRunnable.run(ContextRunnable.java:37)
	at io.grpc.internal.SerializingExecutor.run(SerializingExecutor.java:133)
	at java.base/java.util.concurrent.ThreadPoolExecutor.runWorker(ThreadPoolExecutor.java:1144)
	at java.base/java.util.concurrent.ThreadPoolExecutor$Worker.run(ThreadPoolExecutor.java:642)
	at java.base/java.lang.Thread.run(Thread.java:1583)
Caused by: com.google.api.gax.rpc.NotFoundException: io.grpc.StatusRuntimeException: NOT_FOUND: Subscription does not exist (resource=orders-subscription)
	at com.google.api.gax.rpc.ApiExceptionFactory.createException(ApiExceptionFactory.java:90)
	at com.google.api.gax.rpc.ApiExceptionFactory.createException(ApiExceptionFactory.java:41)
	at com.google.api.gax.grpc.GrpcApiExceptionFactory.create(GrpcApiExceptionFactory.java:86)
	at com.google.api.gax.grpc.GrpcApiExceptionFactory.create(GrpcApiExceptionFactory.java:66)
	at com.google.api.gax.grpc.ExceptionResponseObserver.onErrorImpl(ExceptionResponseObserver.java:82)
	... 12 common frames omitted
Caused by: io.grpc.StatusRuntimeException: NOT_FOUND: Subscription does not exist (resource=orders-subscription)
	at io.grpc.Status.asRuntimeException(Status.java:533)
	... 11 common frames omitted
2025-09-17 11:40:39.015 [grpc-default-executor-2] WARN  [,] c.g.c.p.v.StreamingSubscriberConnection - Setting response: SUCCESSFUL on outstanding messages
2025-09-17 11:40:39.015 [grpc-default-executor-1] WARN  [,] c.g.c.p.v.StreamingSubscriberConnection - Setting response: SUCCESSFUL on outstanding messages
2025-09-17 11:40:39.015 [grpc-default-executor-5] WARN  [,] c.g.c.p.v.StreamingSubscriberConnection - Setting response: SUCCESSFUL on outstanding messages
2025-09-17 11:40:39.015 [grpc-default-executor-4] WARN  [,] c.g.c.p.v.StreamingSubscriberConnection - Setting response: SUCCESSFUL on outstanding messages
2025-09-17 15:11:26.458 [main] INFO  [,] c.e.o.s.SubscriberServiceApplication - Starting SubscriberServiceApplication using Java 21.0.8 with PID 2023259 (/home/allan/source/observability/subscriber-service/target/subscriber-service-1.0.0-SNAPSHOT.jar started by allan in /home/allan/source/observability/subscriber-service)
2025-09-17 15:11:26.507 [main] INFO  [,] c.e.o.s.SubscriberServiceApplication - The following 1 profile is active: "local"
2025-09-17 15:11:28.585 [main] INFO  [,] o.s.d.r.c.RepositoryConfigurationDelegate - Bootstrapping Spring Data JPA repositories in DEFAULT mode.
2025-09-17 15:11:28.821 [main] INFO  [,] o.s.d.r.c.RepositoryConfigurationDelegate - Finished Spring Data repository scanning in 225 ms. Found 1 JPA repository interface.
2025-09-17 15:11:28.929 [main] INFO  [,] o.s.i.c.DefaultConfiguringBeanFactoryPostProcessor - No bean named 'errorChannel' has been explicitly defined. Therefore, a default PublishSubscribeChannel will be created.
2025-09-17 15:11:28.945 [main] INFO  [,] o.s.i.c.DefaultConfiguringBeanFactoryPostProcessor - No bean named 'integrationHeaderChannelRegistry' has been explicitly defined. Therefore, a default DefaultHeaderChannelRegistry will be created.
2025-09-17 15:11:30.054 [main] INFO  [,] o.s.b.w.e.tomcat.TomcatWebServer - Tomcat initialized with port 8081 (http)
2025-09-17 15:11:30.114 [main] INFO  [,] o.a.catalina.core.StandardService - Starting service [Tomcat]
2025-09-17 15:11:30.115 [main] INFO  [,] o.a.catalina.core.StandardEngine - Starting Servlet engine: [Apache Tomcat/10.1.19]
2025-09-17 15:11:30.168 [main] INFO  [,] o.a.c.c.C.[Tomcat].[localhost].[/] - Initializing Spring embedded WebApplicationContext
2025-09-17 15:11:30.169 [main] INFO  [,] o.s.b.w.s.c.ServletWebServerApplicationContext - Root WebApplicationContext: initialization completed in 3497 ms
2025-09-17 15:11:30.979 [main] INFO  [,] o.h.jpa.internal.util.LogHelper - HHH000204: Processing PersistenceUnitInfo [name: default]
2025-09-17 15:11:31.088 [main] INFO  [,] org.hibernate.Version - HHH000412: Hibernate ORM core version 6.4.4.Final
2025-09-17 15:11:31.143 [main] INFO  [,] o.h.c.i.RegionFactoryInitiator - HHH000026: Second-level cache disabled
2025-09-17 15:11:31.434 [main] INFO  [,] o.s.o.j.p.SpringPersistenceUnitInfo - No LoadTimeWeaver setup: ignoring JPA class transformer
2025-09-17 15:11:31.460 [main] INFO  [,] com.zaxxer.hikari.HikariDataSource - SubscriberServicePool - Starting...
2025-09-17 15:11:31.739 [main] INFO  [,] com.zaxxer.hikari.pool.HikariPool - SubscriberServicePool - Added connection org.postgresql.jdbc.PgConnection@508b9c16
2025-09-17 15:11:31.751 [main] INFO  [,] com.zaxxer.hikari.HikariDataSource - SubscriberServicePool - Start completed.
2025-09-17 15:11:31.847 [main] WARN  [,] org.hibernate.orm.deprecation - HHH90000025: PostgreSQLDialect does not need to be specified explicitly using 'hibernate.dialect' (remove the property setting and it will be selected by default)
2025-09-17 15:11:32.774 [main] INFO  [,] o.h.e.t.j.p.i.JtaPlatformInitiator - HHH000489: No JTA platform available (set 'hibernate.transaction.jta.platform' to enable JTA platform integration)
2025-09-17 15:11:32.777 [main] INFO  [,] o.s.o.j.LocalContainerEntityManagerFactoryBean - Initialized JPA EntityManagerFactory for persistence unit 'default'
2025-09-17 15:11:33.336 [main] INFO  [,] o.s.d.j.r.query.QueryEnhancerFactory - Hibernate is in classpath; If applicable, HQL parser will be used.
2025-09-17 15:11:34.079 [main] INFO  [,] c.e.o.subscriber.config.PubSubConfig - Pub/Sub configuration initialized - using @PubsubListener for message consumption
2025-09-17 15:11:34.092 [main] INFO  [,] c.e.o.s.c.PubSubIntegrationConfig - Creating orders-subscription-channel for Pub/Sub integration
2025-09-17 15:11:34.351 [main] WARN  [,] c.g.c.s.c.DefaultCredentialsProvider - No core credentials are set. Service-specific credentials (e.g., spring.cloud.gcp.pubsub.credentials.*) should be used if your app uses services that require credentials.
java.io.IOException: Your default credentials were not found. To set up Application Default Credentials for your environment, see https://cloud.google.com/docs/authentication/external/set-up-adc.
	at com.google.auth.oauth2.DefaultCredentialsProvider.getDefaultCredentials(DefaultCredentialsProvider.java:127)
	at com.google.auth.oauth2.GoogleCredentials.getApplicationDefault(GoogleCredentials.java:152)
	at com.google.auth.oauth2.GoogleCredentials.getApplicationDefault(GoogleCredentials.java:124)
	at com.google.api.gax.core.GoogleCredentialsProvider.getCredentials(GoogleCredentialsProvider.java:70)
	at com.google.cloud.spring.core.DefaultCredentialsProvider.<init>(DefaultCredentialsProvider.java:101)
	at com.google.cloud.spring.autoconfigure.core.GcpContextAutoConfiguration.googleCredentials(GcpContextAutoConfiguration.java:56)
	at java.base/jdk.internal.reflect.DirectMethodHandleAccessor.invoke(DirectMethodHandleAccessor.java:103)
	at java.base/java.lang.reflect.Method.invoke(Method.java:580)
	at org.springframework.beans.factory.support.SimpleInstantiationStrategy.instantiate(SimpleInstantiationStrategy.java:140)
	at org.springframework.beans.factory.support.ConstructorResolver.instantiate(ConstructorResolver.java:644)
	at org.springframework.beans.factory.support.ConstructorResolver.instantiateUsingFactoryMethod(ConstructorResolver.java:485)
	at org.springframework.beans.factory.support.AbstractAutowireCapableBeanFactory.instantiateUsingFactoryMethod(AbstractAutowireCapableBeanFactory.java:1335)
	at org.springframework.beans.factory.support.AbstractAutowireCapableBeanFactory.createBeanInstance(AbstractAutowireCapableBeanFactory.java:1165)
	at org.springframework.beans.factory.support.AbstractAutowireCapableBeanFactory.doCreateBean(AbstractAutowireCapableBeanFactory.java:562)
	at org.springframework.beans.factory.support.AbstractAutowireCapableBeanFactory.createBean(AbstractAutowireCapableBeanFactory.java:522)
	at org.springframework.beans.factory.support.AbstractBeanFactory.lambda$doGetBean$0(AbstractBeanFactory.java:326)
	at org.springframework.beans.factory.support.DefaultSingletonBeanRegistry.getSingleton(DefaultSingletonBeanRegistry.java:234)
	at org.springframework.beans.factory.support.AbstractBeanFactory.doGetBean(AbstractBeanFactory.java:324)
	at org.springframework.beans.factory.support.AbstractBeanFactory.getBean(AbstractBeanFactory.java:200)
	at org.springframework.beans.factory.config.DependencyDescriptor.resolveCandidate(DependencyDescriptor.java:254)
	at org.springframework.beans.factory.support.DefaultListableBeanFactory.doResolveDependency(DefaultListableBeanFactory.java:1443)
	at org.springframework.beans.factory.support.DefaultListableBeanFactory.resolveDependency(DefaultListableBeanFactory.java:1353)
	at org.springframework.beans.factory.support.ConstructorResolver.resolveAutowiredArgument(ConstructorResolver.java:904)
	at org.springframework.beans.factory.support.ConstructorResolver.createArgumentArray(ConstructorResolver.java:782)
	at org.springframework.beans.factory.support.ConstructorResolver.autowireConstructor(ConstructorResolver.java:237)
	at org.springframework.beans.factory.support.AbstractAutowireCapableBeanFactory.autowireConstructor(AbstractAutowireCapableBeanFactory.java:1355)
	at org.springframework.beans.factory.support.AbstractAutowireCapableBeanFactory.createBeanInstance(AbstractAutowireCapableBeanFactory.java:1192)
	at org.springframework.beans.factory.support.AbstractAutowireCapableBeanFactory.doCreateBean(AbstractAutowireCapableBeanFactory.java:562)
	at org.springframework.beans.factory.support.AbstractAutowireCapableBeanFactory.createBean(AbstractAutowireCapableBeanFactory.java:522)
	at org.springframework.beans.factory.support.AbstractBeanFactory.lambda$doGetBean$0(AbstractBeanFactory.java:326)
	at org.springframework.beans.factory.support.DefaultSingletonBeanRegistry.getSingleton(DefaultSingletonBeanRegistry.java:234)
	at org.springframework.beans.factory.support.AbstractBeanFactory.doGetBean(AbstractBeanFactory.java:324)
	at org.springframework.beans.factory.support.AbstractBeanFactory.getBean(AbstractBeanFactory.java:200)
	at org.springframework.beans.factory.support.ConstructorResolver.instantiateUsingFactoryMethod(ConstructorResolver.java:409)
	at org.springframework.beans.factory.support.AbstractAutowireCapableBeanFactory.instantiateUsingFactoryMethod(AbstractAutowireCapableBeanFactory.java:1335)
	at org.springframework.beans.factory.support.AbstractAutowireCapableBeanFactory.createBeanInstance(AbstractAutowireCapableBeanFactory.java:1165)
	at org.springframework.beans.factory.support.AbstractAutowireCapableBeanFactory.doCreateBean(AbstractAutowireCapableBeanFactory.java:562)
	at org.springframework.beans.factory.support.AbstractAutowireCapableBeanFactory.createBean(AbstractAutowireCapableBeanFactory.java:522)
	at org.springframework.beans.factory.support.AbstractBeanFactory.lambda$doGetBean$0(AbstractBeanFactory.java:326)
	at org.springframework.beans.factory.support.DefaultSingletonBeanRegistry.getSingleton(DefaultSingletonBeanRegistry.java:234)
	at org.springframework.beans.factory.support.AbstractBeanFactory.doGetBean(AbstractBeanFactory.java:324)
	at org.springframework.beans.factory.support.AbstractBeanFactory.getBean(AbstractBeanFactory.java:200)
	at org.springframework.beans.factory.config.DependencyDescriptor.resolveCandidate(DependencyDescriptor.java:254)
	at org.springframework.beans.factory.support.DefaultListableBeanFactory.doResolveDependency(DefaultListableBeanFactory.java:1443)
	at org.springframework.beans.factory.support.DefaultListableBeanFactory.resolveDependency(DefaultListableBeanFactory.java:1353)
	at org.springframework.beans.factory.support.ConstructorResolver.resolveAutowiredArgument(ConstructorResolver.java:904)
	at org.springframework.beans.factory.support.ConstructorResolver.createArgumentArray(ConstructorResolver.java:782)
	at org.springframework.beans.factory.support.ConstructorResolver.instantiateUsingFactoryMethod(ConstructorResolver.java:542)
	at org.springframework.beans.factory.support.AbstractAutowireCapableBeanFactory.instantiateUsingFactoryMethod(AbstractAutowireCapableBeanFactory.java:1335)
	at org.springframework.beans.factory.support.AbstractAutowireCapableBeanFactory.createBeanInstance(AbstractAutowireCapableBeanFactory.java:1165)
	at org.springframework.beans.factory.support.AbstractAutowireCapableBeanFactory.doCreateBean(AbstractAutowireCapableBeanFactory.java:562)
	at org.springframework.beans.factory.support.AbstractAutowireCapableBeanFactory.createBean(AbstractAutowireCapableBeanFactory.java:522)
	at org.springframework.beans.factory.support.AbstractBeanFactory.lambda$doGetBean$0(AbstractBeanFactory.java:326)
	at org.springframework.beans.factory.support.DefaultSingletonBeanRegistry.getSingleton(DefaultSingletonBeanRegistry.java:234)
	at org.springframework.beans.factory.support.AbstractBeanFactory.doGetBean(AbstractBeanFactory.java:324)
	at org.springframework.beans.factory.support.AbstractBeanFactory.getBean(AbstractBeanFactory.java:200)
	at org.springframework.beans.factory.support.DefaultListableBeanFactory.preInstantiateSingletons(DefaultListableBeanFactory.java:975)
	at org.springframework.context.support.AbstractApplicationContext.finishBeanFactoryInitialization(AbstractApplicationContext.java:962)
	at org.springframework.context.support.AbstractApplicationContext.refresh(AbstractApplicationContext.java:624)
	at org.springframework.boot.web.servlet.context.ServletWebServerApplicationContext.refresh(ServletWebServerApplicationContext.java:146)
	at org.springframework.boot.SpringApplication.refresh(SpringApplication.java:754)
	at org.springframework.boot.SpringApplication.refreshContext(SpringApplication.java:456)
	at org.springframework.boot.SpringApplication.run(SpringApplication.java:334)
	at org.springframework.boot.SpringApplication.run(SpringApplication.java:1354)
	at org.springframework.boot.SpringApplication.run(SpringApplication.java:1343)
	at com.example.observability.subscriber.SubscriberServiceApplication.main(SubscriberServiceApplication.java:25)
	at java.base/jdk.internal.reflect.DirectMethodHandleAccessor.invoke(DirectMethodHandleAccessor.java:103)
	at java.base/java.lang.reflect.Method.invoke(Method.java:580)
	at org.springframework.boot.loader.launch.Launcher.launch(Launcher.java:91)
	at org.springframework.boot.loader.launch.Launcher.launch(Launcher.java:53)
	at org.springframework.boot.loader.launch.JarLauncher.main(JarLauncher.java:58)
2025-09-17 15:11:34.863 [main] INFO  [,] c.e.o.s.c.PubSubIntegrationConfig - Creating PubSubInboundChannelAdapter for orders-subscription
2025-09-17 15:11:34.875 [main] INFO  [,] c.e.o.s.c.PubSubIntegrationConfig - PubSubInboundChannelAdapter configured successfully
2025-09-17 15:11:34.994 [main] WARN  [,] o.s.b.a.o.j.JpaBaseConfiguration$JpaWebConfiguration - spring.jpa.open-in-view is enabled by default. Therefore, database queries may be performed during view rendering. Explicitly configure spring.jpa.open-in-view to disable this warning
2025-09-17 15:11:36.419 [main] INFO  [,] o.s.b.a.e.web.EndpointLinksResolver - Exposing 10 endpoint(s) beneath base path '/actuator'
2025-09-17 15:11:36.621 [main] INFO  [,] o.s.i.endpoint.EventDrivenConsumer - Adding {logging-channel-adapter:_org.springframework.integration.errorLogger} as a subscriber to the 'errorChannel' channel
2025-09-17 15:11:36.622 [main] INFO  [,] o.s.i.c.PublishSubscribeChannel - Channel 'subscriber-service.errorChannel' has 1 subscriber(s).
2025-09-17 15:11:36.622 [main] INFO  [,] o.s.i.endpoint.EventDrivenConsumer - started bean '_org.springframework.integration.errorLogger'
2025-09-17 15:11:36.623 [main] INFO  [,] o.s.i.endpoint.EventDrivenConsumer - Adding {service-activator:orderEventListener.receiveOrderEvent.serviceActivator} as a subscriber to the 'ordersSubscriptionChannel' channel
2025-09-17 15:11:36.623 [main] INFO  [,] o.s.i.channel.DirectChannel - Channel 'subscriber-service.ordersSubscriptionChannel' has 1 subscriber(s).
2025-09-17 15:11:36.623 [main] INFO  [,] o.s.i.endpoint.EventDrivenConsumer - started bean 'orderEventListener.receiveOrderEvent.serviceActivator'
2025-09-17 15:11:36.658 [main] INFO  [,] o.s.b.w.e.tomcat.TomcatWebServer - Tomcat started on port 8081 (http) with context path ''
2025-09-17 15:11:36.675 [main] INFO  [,] c.e.o.s.SubscriberServiceApplication - Started SubscriberServiceApplication in 11.085 seconds (process running for 14.984)
2025-09-17 15:11:37.408 [global-gcp-pubsub-subscriber1] INFO  [cd2f1b7d9a8ebcfec9a6b97de78727e8,20bf0f397df92790] c.e.o.s.listener.OrderEventListener - Received order event message: size=400 bytes, headers=[spanId, traceId, orderId, traceparent, customerId, eventType, source, id, gcp_pubsub_original_message, timestamp]
2025-09-17 15:11:37.488 [global-gcp-pubsub-subscriber1] INFO  [cd2f1b7d9a8ebcfec9a6b97de78727e8,20bf0f397df92790] c.e.o.s.listener.OrderEventListener - Processing order event: orderId=b85e2215-ad43-4360-83fc-f8bf97247bd6, eventType=ORDER_CREATED, customerId=5a1ab286-a746-4ee5-adfb-d4fb19b008ca
2025-09-17 15:11:37.499 [global-gcp-pubsub-subscriber1] INFO  [cd2f1b7d9a8ebcfec9a6b97de78727e8,c8416d1776c8e119] c.e.o.s.s.OrderProcessingService - Processing order event: orderId=b85e2215-ad43-4360-83fc-f8bf97247bd6, eventType=ORDER_CREATED, customerId=5a1ab286-a746-4ee5-adfb-d4fb19b008ca
2025-09-17 15:11:37.593 [global-gcp-pubsub-subscriber1] DEBUG [cd2f1b7d9a8ebcfec9a6b97de78727e8,c8416d1776c8e119] org.hibernate.SQL - 
    select
        oe1_0.id,
        oe1_0.created_at,
        oe1_0.customer_id,
        oe1_0.product_name,
        oe1_0.quantity,
        oe1_0.status,
        oe1_0.total_amount,
        oe1_0.unit_price,
        oe1_0.updated_at,
        oe1_0.version 
    from
        orders oe1_0 
    where
        oe1_0.id=?
2025-09-17 15:11:37.634 [global-gcp-pubsub-subscriber1] WARN  [cd2f1b7d9a8ebcfec9a6b97de78727e8,c8416d1776c8e119] o.h.e.jdbc.spi.SqlExceptionHelper - SQL Error: 0, SQLState: 42703
2025-09-17 15:11:37.635 [global-gcp-pubsub-subscriber1] ERROR [cd2f1b7d9a8ebcfec9a6b97de78727e8,c8416d1776c8e119] o.h.e.jdbc.spi.SqlExceptionHelper - ERROR: column oe1_0.product_name does not exist
  Position: 52
2025-09-17 15:11:37.654 [global-gcp-pubsub-subscriber1] ERROR [cd2f1b7d9a8ebcfec9a6b97de78727e8,c8416d1776c8e119] c.e.o.s.s.OrderProcessingService - Error processing order event: orderId=b85e2215-ad43-4360-83fc-f8bf97247bd6, error=JDBC exception executing SQL [select oe1_0.id,oe1_0.created_at,oe1_0.customer_id,oe1_0.product_name,oe1_0.quantity,oe1_0.status,oe1_0.total_amount,oe1_0.unit_price,oe1_0.updated_at,oe1_0.version from orders oe1_0 where oe1_0.id=?] [ERROR: column oe1_0.product_name does not exist
  Position: 52] [n/a]; SQL [n/a]
org.springframework.dao.InvalidDataAccessResourceUsageException: JDBC exception executing SQL [select oe1_0.id,oe1_0.created_at,oe1_0.customer_id,oe1_0.product_name,oe1_0.quantity,oe1_0.status,oe1_0.total_amount,oe1_0.unit_price,oe1_0.updated_at,oe1_0.version from orders oe1_0 where oe1_0.id=?] [ERROR: column oe1_0.product_name does not exist
  Position: 52] [n/a]; SQL [n/a]
	at org.springframework.orm.jpa.vendor.HibernateJpaDialect.convertHibernateAccessException(HibernateJpaDialect.java:277)
	at org.springframework.orm.jpa.vendor.HibernateJpaDialect.translateExceptionIfPossible(HibernateJpaDialect.java:241)
	at org.springframework.orm.jpa.AbstractEntityManagerFactoryBean.translateExceptionIfPossible(AbstractEntityManagerFactoryBean.java:550)
	at org.springframework.dao.support.ChainedPersistenceExceptionTranslator.translateExceptionIfPossible(ChainedPersistenceExceptionTranslator.java:61)
	at org.springframework.dao.support.DataAccessUtils.translateIfNecessary(DataAccessUtils.java:335)
	at org.springframework.dao.support.PersistenceExceptionTranslationInterceptor.invoke(PersistenceExceptionTranslationInterceptor.java:152)
	at org.springframework.aop.framework.ReflectiveMethodInvocation.proceed(ReflectiveMethodInvocation.java:184)
	at org.springframework.data.jpa.repository.support.CrudMethodMetadataPostProcessor$CrudMethodMetadataPopulatingMethodInterceptor.invoke(CrudMethodMetadataPostProcessor.java:135)
	at org.springframework.aop.framework.ReflectiveMethodInvocation.proceed(ReflectiveMethodInvocation.java:184)
	at org.springframework.aop.interceptor.ExposeInvocationInterceptor.invoke(ExposeInvocationInterceptor.java:97)
	at org.springframework.aop.framework.ReflectiveMethodInvocation.proceed(ReflectiveMethodInvocation.java:184)
	at io.opentelemetry.javaagent.instrumentation.spring.data.v1_8.SpringDataInstrumentationModule$RepositoryInterceptor.invoke(SpringDataInstrumentationModule.java:123)
	at org.springframework.aop.framework.ReflectiveMethodInvocation.proceed(ReflectiveMethodInvocation.java:184)
	at org.springframework.aop.framework.JdkDynamicAopProxy.invoke(JdkDynamicAopProxy.java:220)
	at jdk.proxy3/jdk.proxy3.$Proxy181.findByIdWithVersion(Unknown Source)
	at java.base/jdk.internal.reflect.DirectMethodHandleAccessor.invoke(DirectMethodHandleAccessor.java:103)
	at java.base/java.lang.reflect.Method.invoke(Method.java:580)
	at org.springframework.aop.support.AopUtils.invokeJoinpointUsingReflection(AopUtils.java:351)
	at org.springframework.aop.framework.ReflectiveMethodInvocation.invokeJoinpoint(ReflectiveMethodInvocation.java:196)
	at org.springframework.aop.framework.ReflectiveMethodInvocation.proceed(ReflectiveMethodInvocation.java:163)
	at org.springframework.dao.support.PersistenceExceptionTranslationInterceptor.invoke(PersistenceExceptionTranslationInterceptor.java:137)
	at org.springframework.aop.framework.ReflectiveMethodInvocation.proceed(ReflectiveMethodInvocation.java:184)
	at org.springframework.aop.aspectj.MethodInvocationProceedingJoinPoint.proceed(MethodInvocationProceedingJoinPoint.java:89)
	at io.micrometer.observation.aop.ObservedAspect.lambda$observe$2(ObservedAspect.java:150)
	at io.micrometer.observation.Observation.observeChecked(Observation.java:600)
	at io.micrometer.observation.aop.ObservedAspect.observe(ObservedAspect.java:150)
	at io.micrometer.observation.aop.ObservedAspect.observeClass(ObservedAspect.java:116)
	at java.base/jdk.internal.reflect.DirectMethodHandleAccessor.invoke(DirectMethodHandleAccessor.java:103)
	at java.base/java.lang.reflect.Method.invoke(Method.java:580)
	at org.springframework.aop.aspectj.AbstractAspectJAdvice.invokeAdviceMethodWithGivenArgs(AbstractAspectJAdvice.java:637)
	at org.springframework.aop.aspectj.AbstractAspectJAdvice.invokeAdviceMethod(AbstractAspectJAdvice.java:627)
	at org.springframework.aop.aspectj.AspectJAroundAdvice.invoke(AspectJAroundAdvice.java:71)
	at org.springframework.aop.framework.ReflectiveMethodInvocation.proceed(ReflectiveMethodInvocation.java:173)
	at org.springframework.aop.interceptor.ExposeInvocationInterceptor.invoke(ExposeInvocationInterceptor.java:97)
	at org.springframework.aop.framework.ReflectiveMethodInvocation.proceed(ReflectiveMethodInvocation.java:184)
	at org.springframework.aop.framework.JdkDynamicAopProxy.invoke(JdkDynamicAopProxy.java:220)
	at jdk.proxy3/jdk.proxy3.$Proxy181.findByIdWithVersion(Unknown Source)
	at com.example.observability.subscriber.service.OrderProcessingService.handleOrderCreated(OrderProcessingService.java:123)
	at com.example.observability.subscriber.service.OrderProcessingService.processOrderEvent(OrderProcessingService.java:90)
	at java.base/jdk.internal.reflect.DirectMethodHandleAccessor.invoke(DirectMethodHandleAccessor.java:103)
	at java.base/java.lang.reflect.Method.invoke(Method.java:580)
	at org.springframework.aop.support.AopUtils.invokeJoinpointUsingReflection(AopUtils.java:351)
	at org.springframework.aop.framework.ReflectiveMethodInvocation.invokeJoinpoint(ReflectiveMethodInvocation.java:196)
	at org.springframework.aop.framework.ReflectiveMethodInvocation.proceed(ReflectiveMethodInvocation.java:163)
	at org.springframework.aop.framework.CglibAopProxy$CglibMethodInvocation.proceed(CglibAopProxy.java:765)
	at org.springframework.aop.aspectj.MethodInvocationProceedingJoinPoint.proceed(MethodInvocationProceedingJoinPoint.java:89)
	at io.micrometer.observation.aop.ObservedAspect.lambda$observe$2(ObservedAspect.java:150)
	at io.micrometer.observation.Observation.observeChecked(Observation.java:600)
	at io.micrometer.observation.aop.ObservedAspect.observe(ObservedAspect.java:150)
	at io.micrometer.observation.aop.ObservedAspect.observeMethod(ObservedAspect.java:128)
	at java.base/jdk.internal.reflect.DirectMethodHandleAccessor.invoke(DirectMethodHandleAccessor.java:103)
	at java.base/java.lang.reflect.Method.invoke(Method.java:580)
	at org.springframework.aop.aspectj.AbstractAspectJAdvice.invokeAdviceMethodWithGivenArgs(AbstractAspectJAdvice.java:637)
	at org.springframework.aop.aspectj.AbstractAspectJAdvice.invokeAdviceMethod(AbstractAspectJAdvice.java:627)
	at org.springframework.aop.aspectj.AspectJAroundAdvice.invoke(AspectJAroundAdvice.java:71)
	at org.springframework.aop.framework.ReflectiveMethodInvocation.proceed(ReflectiveMethodInvocation.java:184)
	at org.springframework.aop.framework.CglibAopProxy$CglibMethodInvocation.proceed(CglibAopProxy.java:765)
	at org.springframework.aop.aspectj.MethodInvocationProceedingJoinPoint.proceed(MethodInvocationProceedingJoinPoint.java:89)
	at io.micrometer.observation.aop.ObservedAspect.lambda$observe$2(ObservedAspect.java:150)
	at io.micrometer.observation.Observation.observeChecked(Observation.java:600)
	at io.micrometer.observation.aop.ObservedAspect.observe(ObservedAspect.java:150)
	at io.micrometer.observation.aop.ObservedAspect.observeClass(ObservedAspect.java:116)
	at java.base/jdk.internal.reflect.DirectMethodHandleAccessor.invoke(DirectMethodHandleAccessor.java:103)
	at java.base/java.lang.reflect.Method.invoke(Method.java:580)
	at org.springframework.aop.aspectj.AbstractAspectJAdvice.invokeAdviceMethodWithGivenArgs(AbstractAspectJAdvice.java:637)
	at org.springframework.aop.aspectj.AbstractAspectJAdvice.invokeAdviceMethod(AbstractAspectJAdvice.java:627)
	at org.springframework.aop.aspectj.AspectJAroundAdvice.invoke(AspectJAroundAdvice.java:71)
	at org.springframework.aop.framework.ReflectiveMethodInvocation.proceed(ReflectiveMethodInvocation.java:173)
	at org.springframework.aop.framework.CglibAopProxy$CglibMethodInvocation.proceed(CglibAopProxy.java:765)
	at org.springframework.transaction.interceptor.TransactionInterceptor$1.proceedWithInvocation(TransactionInterceptor.java:123)
	at org.springframework.transaction.interceptor.TransactionAspectSupport.invokeWithinTransaction(TransactionAspectSupport.java:392)
	at org.springframework.transaction.interceptor.TransactionInterceptor.invoke(TransactionInterceptor.java:119)
	at org.springframework.aop.framework.ReflectiveMethodInvocation.proceed(ReflectiveMethodInvocation.java:184)
	at org.springframework.aop.framework.CglibAopProxy$CglibMethodInvocation.proceed(CglibAopProxy.java:765)
	at org.springframework.aop.interceptor.ExposeInvocationInterceptor.invoke(ExposeInvocationInterceptor.java:97)
	at org.springframework.aop.framework.ReflectiveMethodInvocation.proceed(ReflectiveMethodInvocation.java:184)
	at org.springframework.aop.framework.CglibAopProxy$CglibMethodInvocation.proceed(CglibAopProxy.java:765)
	at org.springframework.aop.framework.CglibAopProxy$DynamicAdvisedInterceptor.intercept(CglibAopProxy.java:717)
	at com.example.observability.subscriber.service.OrderProcessingService$$SpringCGLIB$$0.processOrderEvent(<generated>)
	at com.example.observability.subscriber.listener.OrderEventListener.processMessage(OrderEventListener.java:192)
	at com.example.observability.subscriber.listener.OrderEventListener.receiveOrderEvent(OrderEventListener.java:135)
	at java.base/jdk.internal.reflect.DirectMethodHandleAccessor.invoke(DirectMethodHandleAccessor.java:103)
	at java.base/java.lang.reflect.Method.invoke(Method.java:580)
	at org.springframework.aop.support.AopUtils.invokeJoinpointUsingReflection(AopUtils.java:351)
	at org.springframework.aop.framework.ReflectiveMethodInvocation.invokeJoinpoint(ReflectiveMethodInvocation.java:196)
	at org.springframework.aop.framework.ReflectiveMethodInvocation.proceed(ReflectiveMethodInvocation.java:163)
	at org.springframework.aop.framework.CglibAopProxy$CglibMethodInvocation.proceed(CglibAopProxy.java:765)
	at org.springframework.aop.aspectj.MethodInvocationProceedingJoinPoint.proceed(MethodInvocationProceedingJoinPoint.java:89)
	at io.micrometer.observation.aop.ObservedAspect.lambda$observe$2(ObservedAspect.java:150)
	at io.micrometer.observation.Observation.observeChecked(Observation.java:600)
	at io.micrometer.observation.aop.ObservedAspect.observe(ObservedAspect.java:150)
	at io.micrometer.observation.aop.ObservedAspect.observeMethod(ObservedAspect.java:128)
	at java.base/jdk.internal.reflect.DirectMethodHandleAccessor.invoke(DirectMethodHandleAccessor.java:103)
	at java.base/java.lang.reflect.Method.invoke(Method.java:580)
	at org.springframework.aop.aspectj.AbstractAspectJAdvice.invokeAdviceMethodWithGivenArgs(AbstractAspectJAdvice.java:637)
	at org.springframework.aop.aspectj.AbstractAspectJAdvice.invokeAdviceMethod(AbstractAspectJAdvice.java:627)
	at org.springframework.aop.aspectj.AspectJAroundAdvice.invoke(AspectJAroundAdvice.java:71)
	at org.springframework.aop.framework.ReflectiveMethodInvocation.proceed(ReflectiveMethodInvocation.java:184)
	at org.springframework.aop.framework.CglibAopProxy$CglibMethodInvocation.proceed(CglibAopProxy.java:765)
	at org.springframework.aop.aspectj.MethodInvocationProceedingJoinPoint.proceed(MethodInvocationProceedingJoinPoint.java:89)
	at io.micrometer.observation.aop.ObservedAspect.lambda$observe$2(ObservedAspect.java:150)
	at io.micrometer.observation.Observation.observeChecked(Observation.java:600)
	at io.micrometer.observation.aop.ObservedAspect.observe(ObservedAspect.java:150)
	at io.micrometer.observation.aop.ObservedAspect.observeClass(ObservedAspect.java:116)
	at java.base/jdk.internal.reflect.DirectMethodHandleAccessor.invoke(DirectMethodHandleAccessor.java:103)
	at java.base/java.lang.reflect.Method.invoke(Method.java:580)
	at org.springframework.aop.aspectj.AbstractAspectJAdvice.invokeAdviceMethodWithGivenArgs(AbstractAspectJAdvice.java:637)
	at org.springframework.aop.aspectj.AbstractAspectJAdvice.invokeAdviceMethod(AbstractAspectJAdvice.java:627)
	at org.springframework.aop.aspectj.AspectJAroundAdvice.invoke(AspectJAroundAdvice.java:71)
	at org.springframework.aop.framework.ReflectiveMethodInvocation.proceed(ReflectiveMethodInvocation.java:173)
	at org.springframework.aop.framework.CglibAopProxy$CglibMethodInvocation.proceed(CglibAopProxy.java:765)
	at org.springframework.aop.interceptor.ExposeInvocationInterceptor.invoke(ExposeInvocationInterceptor.java:97)
	at org.springframework.aop.framework.ReflectiveMethodInvocation.proceed(ReflectiveMethodInvocation.java:184)
	at org.springframework.aop.framework.CglibAopProxy$CglibMethodInvocation.proceed(CglibAopProxy.java:765)
	at org.springframework.aop.framework.CglibAopProxy$DynamicAdvisedInterceptor.intercept(CglibAopProxy.java:717)
	at com.example.observability.subscriber.listener.OrderEventListener$$SpringCGLIB$$0.receiveOrderEvent(<generated>)
	at java.base/jdk.internal.reflect.DirectMethodHandleAccessor.invoke(DirectMethodHandleAccessor.java:103)
	at java.base/java.lang.reflect.Method.invoke(Method.java:580)
	at org.springframework.messaging.handler.invocation.InvocableHandlerMethod.doInvoke(InvocableHandlerMethod.java:169)
	at org.springframework.integration.handler.support.IntegrationInvocableHandlerMethod.doInvoke(IntegrationInvocableHandlerMethod.java:45)
	at org.springframework.messaging.handler.invocation.InvocableHandlerMethod.invoke(InvocableHandlerMethod.java:119)
	at org.springframework.integration.handler.support.MessagingMethodInvokerHelper$HandlerMethod.invoke(MessagingMethodInvokerHelper.java:1086)
	at org.springframework.integration.handler.support.MessagingMethodInvokerHelper.invokeHandlerMethod(MessagingMethodInvokerHelper.java:569)
	at org.springframework.integration.handler.support.MessagingMethodInvokerHelper.processInternal(MessagingMethodInvokerHelper.java:482)
	at org.springframework.integration.handler.support.MessagingMethodInvokerHelper.process(MessagingMethodInvokerHelper.java:360)
	at org.springframework.integration.handler.MethodInvokingMessageProcessor.processMessage(MethodInvokingMessageProcessor.java:114)
	at org.springframework.integration.handler.ServiceActivatingHandler.handleRequestMessage(ServiceActivatingHandler.java:95)
	at org.springframework.integration.handler.AbstractReplyProducingMessageHandler.handleMessageInternal(AbstractReplyProducingMessageHandler.java:145)
	at org.springframework.integration.handler.AbstractMessageHandler.doHandleMessage(AbstractMessageHandler.java:105)
	at org.springframework.integration.handler.AbstractMessageHandler.handleWithMetrics(AbstractMessageHandler.java:90)
	at org.springframework.integration.handler.AbstractMessageHandler.handleMessage(AbstractMessageHandler.java:70)
	at org.springframework.integration.dispatcher.AbstractDispatcher.tryOptimizedDispatch(AbstractDispatcher.java:132)
	at org.springframework.integration.dispatcher.UnicastingDispatcher.doDispatch(UnicastingDispatcher.java:133)
	at org.springframework.integration.dispatcher.UnicastingDispatcher.dispatch(UnicastingDispatcher.java:106)
	at org.springframework.integration.channel.AbstractSubscribableChannel.doSend(AbstractSubscribableChannel.java:72)
	at org.springframework.integration.channel.AbstractMessageChannel.sendInternal(AbstractMessageChannel.java:378)
	at org.springframework.integration.channel.AbstractMessageChannel.sendWithMetrics(AbstractMessageChannel.java:349)
	at org.springframework.integration.channel.AbstractMessageChannel.send(AbstractMessageChannel.java:329)
	at org.springframework.integration.channel.AbstractMessageChannel.send(AbstractMessageChannel.java:302)
	at org.springframework.messaging.core.GenericMessagingTemplate.doSend(GenericMessagingTemplate.java:187)
	at org.springframework.messaging.core.GenericMessagingTemplate.doSend(GenericMessagingTemplate.java:166)
	at org.springframework.messaging.core.GenericMessagingTemplate.doSend(GenericMessagingTemplate.java:47)
	at org.springframework.messaging.core.AbstractMessageSendingTemplate.send(AbstractMessageSendingTemplate.java:109)
	at org.springframework.integration.endpoint.MessageProducerSupport.lambda$sendMessage$1(MessageProducerSupport.java:262)
	at io.micrometer.observation.Observation.observe(Observation.java:499)
	at org.springframework.integration.endpoint.MessageProducerSupport.sendMessage(MessageProducerSupport.java:262)
	at com.google.cloud.spring.pubsub.integration.inbound.PubSubInboundChannelAdapter.consumeMessage(PubSubInboundChannelAdapter.java:146)
	at com.google.cloud.spring.pubsub.core.subscriber.PubSubSubscriberTemplate.lambda$subscribeAndConvert$1(PubSubSubscriberTemplate.java:172)
	at com.google.cloud.pubsub.v1.MessageDispatcher$3.run(MessageDispatcher.java:514)
	at java.base/java.util.concurrent.Executors$RunnableAdapter.call(Executors.java:572)
	at java.base/java.util.concurrent.FutureTask.run(FutureTask.java:317)
	at java.base/java.util.concurrent.ScheduledThreadPoolExecutor$ScheduledFutureTask.run(ScheduledThreadPoolExecutor.java:304)
	at java.base/java.util.concurrent.ThreadPoolExecutor.runWorker(ThreadPoolExecutor.java:1144)
	at java.base/java.util.concurrent.ThreadPoolExecutor$Worker.run(ThreadPoolExecutor.java:642)
	at java.base/java.lang.Thread.run(Thread.java:1583)
Caused by: org.hibernate.exception.SQLGrammarException: JDBC exception executing SQL [select oe1_0.id,oe1_0.created_at,oe1_0.customer_id,oe1_0.product_name,oe1_0.quantity,oe1_0.status,oe1_0.total_amount,oe1_0.unit_price,oe1_0.updated_at,oe1_0.version from orders oe1_0 where oe1_0.id=?] [ERROR: column oe1_0.product_name does not exist
  Position: 52] [n/a]
	at org.hibernate.exception.internal.SQLStateConversionDelegate.convert(SQLStateConversionDelegate.java:91)
	at org.hibernate.exception.internal.StandardSQLExceptionConverter.convert(StandardSQLExceptionConverter.java:58)
	at org.hibernate.engine.jdbc.spi.SqlExceptionHelper.convert(SqlExceptionHelper.java:108)
	at org.hibernate.engine.jdbc.spi.SqlExceptionHelper.convert(SqlExceptionHelper.java:94)
	at org.hibernate.sql.results.jdbc.internal.DeferredResultSetAccess.executeQuery(DeferredResultSetAccess.java:265)
	at org.hibernate.sql.results.jdbc.internal.DeferredResultSetAccess.getResultSet(DeferredResultSetAccess.java:167)
	at org.hibernate.sql.results.jdbc.internal.JdbcValuesResultSetImpl.advanceNext(JdbcValuesResultSetImpl.java:218)
	at org.hibernate.sql.results.jdbc.internal.JdbcValuesResultSetImpl.processNext(JdbcValuesResultSetImpl.java:98)
	at org.hibernate.sql.results.jdbc.internal.AbstractJdbcValues.next(AbstractJdbcValues.java:19)
	at org.hibernate.sql.results.internal.RowProcessingStateStandardImpl.next(RowProcessingStateStandardImpl.java:66)
	at org.hibernate.sql.results.spi.ListResultsConsumer.consume(ListResultsConsumer.java:202)
	at org.hibernate.sql.results.spi.ListResultsConsumer.consume(ListResultsConsumer.java:33)
	at org.hibernate.sql.exec.internal.JdbcSelectExecutorStandardImpl.doExecuteQuery(JdbcSelectExecutorStandardImpl.java:209)
	at org.hibernate.sql.exec.internal.JdbcSelectExecutorStandardImpl.executeQuery(JdbcSelectExecutorStandardImpl.java:83)
	at org.hibernate.sql.exec.spi.JdbcSelectExecutor.list(JdbcSelectExecutor.java:76)
	at org.hibernate.sql.exec.spi.JdbcSelectExecutor.list(JdbcSelectExecutor.java:65)
	at org.hibernate.query.sqm.internal.ConcreteSqmSelectQueryPlan.lambda$new$2(ConcreteSqmSelectQueryPlan.java:137)
	at org.hibernate.query.sqm.internal.ConcreteSqmSelectQueryPlan.withCacheableSqmInterpretation(ConcreteSqmSelectQueryPlan.java:362)
	at org.hibernate.query.sqm.internal.ConcreteSqmSelectQueryPlan.performList(ConcreteSqmSelectQueryPlan.java:303)
	at org.hibernate.query.sqm.internal.QuerySqmImpl.doList(QuerySqmImpl.java:509)
	at org.hibernate.query.spi.AbstractSelectionQuery.list(AbstractSelectionQuery.java:427)
	at org.hibernate.query.spi.AbstractSelectionQuery.getSingleResult(AbstractSelectionQuery.java:564)
	at org.springframework.data.jpa.repository.query.JpaQueryExecution$SingleEntityExecution.doExecute(JpaQueryExecution.java:223)
	at org.springframework.data.jpa.repository.query.JpaQueryExecution.execute(JpaQueryExecution.java:92)
	at org.springframework.data.jpa.repository.query.AbstractJpaQuery.doExecute(AbstractJpaQuery.java:149)
	at org.springframework.data.jpa.repository.query.AbstractJpaQuery.execute(AbstractJpaQuery.java:137)
	at org.springframework.data.repository.core.support.RepositoryMethodInvoker.doInvoke(RepositoryMethodInvoker.java:170)
	at org.springframework.data.repository.core.support.RepositoryMethodInvoker.invoke(RepositoryMethodInvoker.java:158)
	at org.springframework.data.repository.core.support.QueryExecutorMethodInterceptor.doInvoke(QueryExecutorMethodInterceptor.java:164)
	at org.springframework.data.repository.core.support.QueryExecutorMethodInterceptor.invoke(QueryExecutorMethodInterceptor.java:143)
	at org.springframework.aop.framework.ReflectiveMethodInvocation.proceed(ReflectiveMethodInvocation.java:184)
	at org.springframework.data.projection.DefaultMethodInvokingMethodInterceptor.invoke(DefaultMethodInvokingMethodInterceptor.java:70)
	at org.springframework.aop.framework.ReflectiveMethodInvocation.proceed(ReflectiveMethodInvocation.java:184)
	at org.springframework.transaction.interceptor.TransactionInterceptor$1.proceedWithInvocation(TransactionInterceptor.java:123)
	at org.springframework.transaction.interceptor.TransactionAspectSupport.invokeWithinTransaction(TransactionAspectSupport.java:392)
	at org.springframework.transaction.interceptor.TransactionInterceptor.invoke(TransactionInterceptor.java:119)
	at org.springframework.aop.framework.ReflectiveMethodInvocation.proceed(ReflectiveMethodInvocation.java:184)
	at org.springframework.dao.support.PersistenceExceptionTranslationInterceptor.invoke(PersistenceExceptionTranslationInterceptor.java:137)
	... 149 common frames omitted
Caused by: org.postgresql.util.PSQLException: ERROR: column oe1_0.product_name does not exist
  Position: 52
	at org.postgresql.core.v3.QueryExecutorImpl.receiveErrorResponse(QueryExecutorImpl.java:2713)
	at org.postgresql.core.v3.QueryExecutorImpl.processResults(QueryExecutorImpl.java:2401)
	at org.postgresql.core.v3.QueryExecutorImpl.execute(QueryExecutorImpl.java:368)
	at org.postgresql.jdbc.PgStatement.executeInternal(PgStatement.java:498)
	at org.postgresql.jdbc.PgStatement.execute(PgStatement.java:415)
	at org.postgresql.jdbc.PgPreparedStatement.executeWithFlags(PgPreparedStatement.java:190)
	at org.postgresql.jdbc.PgPreparedStatement.executeQuery(PgPreparedStatement.java:134)
	at com.zaxxer.hikari.pool.ProxyPreparedStatement.executeQuery(ProxyPreparedStatement.java:52)
	at com.zaxxer.hikari.pool.HikariProxyPreparedStatement.executeQuery(HikariProxyPreparedStatement.java)
	at org.hibernate.sql.results.jdbc.internal.DeferredResultSetAccess.executeQuery(DeferredResultSetAccess.java:246)
	... 182 common frames omitted
2025-09-17 15:11:37.660 [global-gcp-pubsub-subscriber1] ERROR [cd2f1b7d9a8ebcfec9a6b97de78727e8,c8416d1776c8e119] c.e.o.s.listener.OrderEventListener - Error processing order event message: error=Unable to rollback against JDBC Connection
org.springframework.orm.jpa.JpaSystemException: Unable to rollback against JDBC Connection
	at org.springframework.orm.jpa.vendor.HibernateJpaDialect.convertHibernateAccessException(HibernateJpaDialect.java:341)
	at org.springframework.orm.jpa.vendor.HibernateJpaDialect.translateExceptionIfPossible(HibernateJpaDialect.java:241)
	at org.springframework.orm.jpa.JpaTransactionManager.doCommit(JpaTransactionManager.java:565)
	at org.springframework.transaction.support.AbstractPlatformTransactionManager.processCommit(AbstractPlatformTransactionManager.java:794)
	at org.springframework.transaction.support.AbstractPlatformTransactionManager.commit(AbstractPlatformTransactionManager.java:757)
	at org.springframework.transaction.interceptor.TransactionAspectSupport.commitTransactionAfterReturning(TransactionAspectSupport.java:676)
	at org.springframework.transaction.interceptor.TransactionAspectSupport.invokeWithinTransaction(TransactionAspectSupport.java:426)
	at org.springframework.transaction.interceptor.TransactionInterceptor.invoke(TransactionInterceptor.java:119)
	at org.springframework.aop.framework.ReflectiveMethodInvocation.proceed(ReflectiveMethodInvocation.java:184)
	at org.springframework.aop.framework.CglibAopProxy$CglibMethodInvocation.proceed(CglibAopProxy.java:765)
	at org.springframework.aop.interceptor.ExposeInvocationInterceptor.invoke(ExposeInvocationInterceptor.java:97)
	at org.springframework.aop.framework.ReflectiveMethodInvocation.proceed(ReflectiveMethodInvocation.java:184)
	at org.springframework.aop.framework.CglibAopProxy$CglibMethodInvocation.proceed(CglibAopProxy.java:765)
	at org.springframework.aop.framework.CglibAopProxy$DynamicAdvisedInterceptor.intercept(CglibAopProxy.java:717)
	at com.example.observability.subscriber.service.OrderProcessingService$$SpringCGLIB$$0.processOrderEvent(<generated>)
	at com.example.observability.subscriber.listener.OrderEventListener.processMessage(OrderEventListener.java:192)
	at com.example.observability.subscriber.listener.OrderEventListener.receiveOrderEvent(OrderEventListener.java:135)
	at java.base/jdk.internal.reflect.DirectMethodHandleAccessor.invoke(DirectMethodHandleAccessor.java:103)
	at java.base/java.lang.reflect.Method.invoke(Method.java:580)
	at org.springframework.aop.support.AopUtils.invokeJoinpointUsingReflection(AopUtils.java:351)
	at org.springframework.aop.framework.ReflectiveMethodInvocation.invokeJoinpoint(ReflectiveMethodInvocation.java:196)
	at org.springframework.aop.framework.ReflectiveMethodInvocation.proceed(ReflectiveMethodInvocation.java:163)
	at org.springframework.aop.framework.CglibAopProxy$CglibMethodInvocation.proceed(CglibAopProxy.java:765)
	at org.springframework.aop.aspectj.MethodInvocationProceedingJoinPoint.proceed(MethodInvocationProceedingJoinPoint.java:89)
	at io.micrometer.observation.aop.ObservedAspect.lambda$observe$2(ObservedAspect.java:150)
	at io.micrometer.observation.Observation.observeChecked(Observation.java:600)
	at io.micrometer.observation.aop.ObservedAspect.observe(ObservedAspect.java:150)
	at io.micrometer.observation.aop.ObservedAspect.observeMethod(ObservedAspect.java:128)
	at java.base/jdk.internal.reflect.DirectMethodHandleAccessor.invoke(DirectMethodHandleAccessor.java:103)
	at java.base/java.lang.reflect.Method.invoke(Method.java:580)
	at org.springframework.aop.aspectj.AbstractAspectJAdvice.invokeAdviceMethodWithGivenArgs(AbstractAspectJAdvice.java:637)
	at org.springframework.aop.aspectj.AbstractAspectJAdvice.invokeAdviceMethod(AbstractAspectJAdvice.java:627)
	at org.springframework.aop.aspectj.AspectJAroundAdvice.invoke(AspectJAroundAdvice.java:71)
	at org.springframework.aop.framework.ReflectiveMethodInvocation.proceed(ReflectiveMethodInvocation.java:184)
	at org.springframework.aop.framework.CglibAopProxy$CglibMethodInvocation.proceed(CglibAopProxy.java:765)
	at org.springframework.aop.aspectj.MethodInvocationProceedingJoinPoint.proceed(MethodInvocationProceedingJoinPoint.java:89)
	at io.micrometer.observation.aop.ObservedAspect.lambda$observe$2(ObservedAspect.java:150)
	at io.micrometer.observation.Observation.observeChecked(Observation.java:600)
	at io.micrometer.observation.aop.ObservedAspect.observe(ObservedAspect.java:150)
	at io.micrometer.observation.aop.ObservedAspect.observeClass(ObservedAspect.java:116)
	at java.base/jdk.internal.reflect.DirectMethodHandleAccessor.invoke(DirectMethodHandleAccessor.java:103)
	at java.base/java.lang.reflect.Method.invoke(Method.java:580)
	at org.springframework.aop.aspectj.AbstractAspectJAdvice.invokeAdviceMethodWithGivenArgs(AbstractAspectJAdvice.java:637)
	at org.springframework.aop.aspectj.AbstractAspectJAdvice.invokeAdviceMethod(AbstractAspectJAdvice.java:627)
	at org.springframework.aop.aspectj.AspectJAroundAdvice.invoke(AspectJAroundAdvice.java:71)
	at org.springframework.aop.framework.ReflectiveMethodInvocation.proceed(ReflectiveMethodInvocation.java:173)
	at org.springframework.aop.framework.CglibAopProxy$CglibMethodInvocation.proceed(CglibAopProxy.java:765)
	at org.springframework.aop.interceptor.ExposeInvocationInterceptor.invoke(ExposeInvocationInterceptor.java:97)
	at org.springframework.aop.framework.ReflectiveMethodInvocation.proceed(ReflectiveMethodInvocation.java:184)
	at org.springframework.aop.framework.CglibAopProxy$CglibMethodInvocation.proceed(CglibAopProxy.java:765)
	at org.springframework.aop.framework.CglibAopProxy$DynamicAdvisedInterceptor.intercept(CglibAopProxy.java:717)
	at com.example.observability.subscriber.listener.OrderEventListener$$SpringCGLIB$$0.receiveOrderEvent(<generated>)
	at java.base/jdk.internal.reflect.DirectMethodHandleAccessor.invoke(DirectMethodHandleAccessor.java:103)
	at java.base/java.lang.reflect.Method.invoke(Method.java:580)
	at org.springframework.messaging.handler.invocation.InvocableHandlerMethod.doInvoke(InvocableHandlerMethod.java:169)
	at org.springframework.integration.handler.support.IntegrationInvocableHandlerMethod.doInvoke(IntegrationInvocableHandlerMethod.java:45)
	at org.springframework.messaging.handler.invocation.InvocableHandlerMethod.invoke(InvocableHandlerMethod.java:119)
	at org.springframework.integration.handler.support.MessagingMethodInvokerHelper$HandlerMethod.invoke(MessagingMethodInvokerHelper.java:1086)
	at org.springframework.integration.handler.support.MessagingMethodInvokerHelper.invokeHandlerMethod(MessagingMethodInvokerHelper.java:569)
	at org.springframework.integration.handler.support.MessagingMethodInvokerHelper.processInternal(MessagingMethodInvokerHelper.java:482)
	at org.springframework.integration.handler.support.MessagingMethodInvokerHelper.process(MessagingMethodInvokerHelper.java:360)
	at org.springframework.integration.handler.MethodInvokingMessageProcessor.processMessage(MethodInvokingMessageProcessor.java:114)
	at org.springframework.integration.handler.ServiceActivatingHandler.handleRequestMessage(ServiceActivatingHandler.java:95)
	at org.springframework.integration.handler.AbstractReplyProducingMessageHandler.handleMessageInternal(AbstractReplyProducingMessageHandler.java:145)
	at org.springframework.integration.handler.AbstractMessageHandler.doHandleMessage(AbstractMessageHandler.java:105)
	at org.springframework.integration.handler.AbstractMessageHandler.handleWithMetrics(AbstractMessageHandler.java:90)
	at org.springframework.integration.handler.AbstractMessageHandler.handleMessage(AbstractMessageHandler.java:70)
	at org.springframework.integration.dispatcher.AbstractDispatcher.tryOptimizedDispatch(AbstractDispatcher.java:132)
	at org.springframework.integration.dispatcher.UnicastingDispatcher.doDispatch(UnicastingDispatcher.java:133)
	at org.springframework.integration.dispatcher.UnicastingDispatcher.dispatch(UnicastingDispatcher.java:106)
	at org.springframework.integration.channel.AbstractSubscribableChannel.doSend(AbstractSubscribableChannel.java:72)
	at org.springframework.integration.channel.AbstractMessageChannel.sendInternal(AbstractMessageChannel.java:378)
	at org.springframework.integration.channel.AbstractMessageChannel.sendWithMetrics(AbstractMessageChannel.java:349)
	at org.springframework.integration.channel.AbstractMessageChannel.send(AbstractMessageChannel.java:329)
	at org.springframework.integration.channel.AbstractMessageChannel.send(AbstractMessageChannel.java:302)
	at org.springframework.messaging.core.GenericMessagingTemplate.doSend(GenericMessagingTemplate.java:187)
	at org.springframework.messaging.core.GenericMessagingTemplate.doSend(GenericMessagingTemplate.java:166)
	at org.springframework.messaging.core.GenericMessagingTemplate.doSend(GenericMessagingTemplate.java:47)
	at org.springframework.messaging.core.AbstractMessageSendingTemplate.send(AbstractMessageSendingTemplate.java:109)
	at org.springframework.integration.endpoint.MessageProducerSupport.lambda$sendMessage$1(MessageProducerSupport.java:262)
	at io.micrometer.observation.Observation.observe(Observation.java:499)
	at org.springframework.integration.endpoint.MessageProducerSupport.sendMessage(MessageProducerSupport.java:262)
	at com.google.cloud.spring.pubsub.integration.inbound.PubSubInboundChannelAdapter.consumeMessage(PubSubInboundChannelAdapter.java:146)
	at com.google.cloud.spring.pubsub.core.subscriber.PubSubSubscriberTemplate.lambda$subscribeAndConvert$1(PubSubSubscriberTemplate.java:172)
	at com.google.cloud.pubsub.v1.MessageDispatcher$3.run(MessageDispatcher.java:514)
	at java.base/java.util.concurrent.Executors$RunnableAdapter.call(Executors.java:572)
	at java.base/java.util.concurrent.FutureTask.run(FutureTask.java:317)
	at java.base/java.util.concurrent.ScheduledThreadPoolExecutor$ScheduledFutureTask.run(ScheduledThreadPoolExecutor.java:304)
	at java.base/java.util.concurrent.ThreadPoolExecutor.runWorker(ThreadPoolExecutor.java:1144)
	at java.base/java.util.concurrent.ThreadPoolExecutor$Worker.run(ThreadPoolExecutor.java:642)
	at java.base/java.lang.Thread.run(Thread.java:1583)
Caused by: org.hibernate.TransactionException: Unable to rollback against JDBC Connection
	at org.hibernate.resource.jdbc.internal.AbstractLogicalConnectionImplementor.rollback(AbstractLogicalConnectionImplementor.java:127)
	at org.hibernate.resource.transaction.backend.jdbc.internal.JdbcResourceLocalTransactionCoordinatorImpl$TransactionDriverControlImpl.rollback(JdbcResourceLocalTransactionCoordinatorImpl.java:290)
	at org.hibernate.resource.transaction.backend.jdbc.internal.JdbcResourceLocalTransactionCoordinatorImpl$TransactionDriverControlImpl.commit(JdbcResourceLocalTransactionCoordinatorImpl.java:249)
	at org.hibernate.engine.transaction.internal.TransactionImpl.commit(TransactionImpl.java:101)
	at org.springframework.orm.jpa.JpaTransactionManager.doCommit(JpaTransactionManager.java:561)
	... 88 common frames omitted
Caused by: org.postgresql.util.PSQLException: Cannot rollback when autoCommit is enabled.
	at org.postgresql.jdbc.PgConnection.rollback(PgConnection.java:1003)
	at com.zaxxer.hikari.pool.ProxyConnection.rollback(ProxyConnection.java:385)
	at com.zaxxer.hikari.pool.HikariProxyConnection.rollback(HikariProxyConnection.java)
	at org.hibernate.resource.jdbc.internal.AbstractLogicalConnectionImplementor.rollback(AbstractLogicalConnectionImplementor.java:121)
	... 92 common frames omitted
2025-09-17 15:11:37.664 [global-gcp-pubsub-subscriber1] INFO  [,] c.e.o.s.listener.OrderEventListener - Message processed and acknowledged successfully
2025-09-17 15:11:39.186 [tomcat-handler-0] INFO  [,] o.a.c.c.C.[Tomcat].[localhost].[/] - Initializing Spring DispatcherServlet 'dispatcherServlet'
2025-09-17 15:11:39.187 [tomcat-handler-0] INFO  [,] o.s.web.servlet.DispatcherServlet - Initializing Servlet 'dispatcherServlet'
2025-09-17 15:11:39.189 [tomcat-handler-0] INFO  [,] o.s.web.servlet.DispatcherServlet - Completed initialization in 2 ms
2025-09-17 15:31:40.336 [main] INFO  [,] c.e.o.s.SubscriberServiceApplication - Starting SubscriberServiceApplication using Java 21.0.8 with PID 2049134 (/home/allan/source/observability/subscriber-service/target/subscriber-service-1.0.0-SNAPSHOT.jar started by allan in /home/allan/source/observability/subscriber-service)
2025-09-17 15:31:40.375 [main] INFO  [,] c.e.o.s.SubscriberServiceApplication - The following 1 profile is active: "local"
2025-09-17 15:31:43.972 [main] INFO  [,] o.s.d.r.c.RepositoryConfigurationDelegate - Bootstrapping Spring Data JPA repositories in DEFAULT mode.
2025-09-17 15:31:44.185 [main] INFO  [,] o.s.d.r.c.RepositoryConfigurationDelegate - Finished Spring Data repository scanning in 205 ms. Found 1 JPA repository interface.
2025-09-17 15:31:44.259 [main] INFO  [,] o.s.i.c.DefaultConfiguringBeanFactoryPostProcessor - No bean named 'errorChannel' has been explicitly defined. Therefore, a default PublishSubscribeChannel will be created.
2025-09-17 15:31:44.270 [main] INFO  [,] o.s.i.c.DefaultConfiguringBeanFactoryPostProcessor - No bean named 'integrationHeaderChannelRegistry' has been explicitly defined. Therefore, a default DefaultHeaderChannelRegistry will be created.
2025-09-17 15:31:45.663 [main] INFO  [,] o.s.b.w.e.tomcat.TomcatWebServer - Tomcat initialized with port 8081 (http)
2025-09-17 15:31:45.714 [main] INFO  [,] o.a.catalina.core.StandardService - Starting service [Tomcat]
2025-09-17 15:31:45.714 [main] INFO  [,] o.a.catalina.core.StandardEngine - Starting Servlet engine: [Apache Tomcat/10.1.19]
2025-09-17 15:31:45.770 [main] INFO  [,] o.a.c.c.C.[Tomcat].[localhost].[/] - Initializing Spring embedded WebApplicationContext
2025-09-17 15:31:45.771 [main] INFO  [,] o.s.b.w.s.c.ServletWebServerApplicationContext - Root WebApplicationContext: initialization completed in 5224 ms
2025-09-17 15:31:46.666 [main] INFO  [,] o.h.jpa.internal.util.LogHelper - HHH000204: Processing PersistenceUnitInfo [name: default]
2025-09-17 15:31:46.743 [main] INFO  [,] org.hibernate.Version - HHH000412: Hibernate ORM core version 6.4.4.Final
2025-09-17 15:31:46.794 [main] INFO  [,] o.h.c.i.RegionFactoryInitiator - HHH000026: Second-level cache disabled
2025-09-17 15:31:47.052 [main] INFO  [,] o.s.o.j.p.SpringPersistenceUnitInfo - No LoadTimeWeaver setup: ignoring JPA class transformer
2025-09-17 15:31:47.084 [main] INFO  [,] com.zaxxer.hikari.HikariDataSource - SubscriberServicePool - Starting...
2025-09-17 15:31:47.349 [main] INFO  [,] com.zaxxer.hikari.pool.HikariPool - SubscriberServicePool - Added connection org.postgresql.jdbc.PgConnection@29726180
2025-09-17 15:31:47.359 [main] INFO  [,] com.zaxxer.hikari.HikariDataSource - SubscriberServicePool - Start completed.
2025-09-17 15:31:47.421 [main] WARN  [,] org.hibernate.orm.deprecation - HHH90000025: PostgreSQLDialect does not need to be specified explicitly using 'hibernate.dialect' (remove the property setting and it will be selected by default)
2025-09-17 15:31:48.433 [main] INFO  [,] o.h.e.t.j.p.i.JtaPlatformInitiator - HHH000489: No JTA platform available (set 'hibernate.transaction.jta.platform' to enable JTA platform integration)
2025-09-17 15:31:48.436 [main] INFO  [,] o.s.o.j.LocalContainerEntityManagerFactoryBean - Initialized JPA EntityManagerFactory for persistence unit 'default'
2025-09-17 15:31:48.986 [main] INFO  [,] o.s.d.j.r.query.QueryEnhancerFactory - Hibernate is in classpath; If applicable, HQL parser will be used.
2025-09-17 15:31:49.771 [main] INFO  [,] c.e.o.subscriber.config.PubSubConfig - Pub/Sub configuration initialized - using @PubsubListener for message consumption
2025-09-17 15:31:49.790 [main] INFO  [,] c.e.o.s.c.PubSubIntegrationConfig - Creating orders-subscription-channel for Pub/Sub integration
2025-09-17 15:31:50.045 [main] WARN  [,] c.g.c.s.c.DefaultCredentialsProvider - No core credentials are set. Service-specific credentials (e.g., spring.cloud.gcp.pubsub.credentials.*) should be used if your app uses services that require credentials.
java.io.IOException: Your default credentials were not found. To set up Application Default Credentials for your environment, see https://cloud.google.com/docs/authentication/external/set-up-adc.
	at com.google.auth.oauth2.DefaultCredentialsProvider.getDefaultCredentials(DefaultCredentialsProvider.java:127)
	at com.google.auth.oauth2.GoogleCredentials.getApplicationDefault(GoogleCredentials.java:152)
	at com.google.auth.oauth2.GoogleCredentials.getApplicationDefault(GoogleCredentials.java:124)
	at com.google.api.gax.core.GoogleCredentialsProvider.getCredentials(GoogleCredentialsProvider.java:70)
	at com.google.cloud.spring.core.DefaultCredentialsProvider.<init>(DefaultCredentialsProvider.java:101)
	at com.google.cloud.spring.autoconfigure.core.GcpContextAutoConfiguration.googleCredentials(GcpContextAutoConfiguration.java:56)
	at java.base/jdk.internal.reflect.DirectMethodHandleAccessor.invoke(DirectMethodHandleAccessor.java:103)
	at java.base/java.lang.reflect.Method.invoke(Method.java:580)
	at org.springframework.beans.factory.support.SimpleInstantiationStrategy.instantiate(SimpleInstantiationStrategy.java:140)
	at org.springframework.beans.factory.support.ConstructorResolver.instantiate(ConstructorResolver.java:644)
	at org.springframework.beans.factory.support.ConstructorResolver.instantiateUsingFactoryMethod(ConstructorResolver.java:485)
	at org.springframework.beans.factory.support.AbstractAutowireCapableBeanFactory.instantiateUsingFactoryMethod(AbstractAutowireCapableBeanFactory.java:1335)
	at org.springframework.beans.factory.support.AbstractAutowireCapableBeanFactory.createBeanInstance(AbstractAutowireCapableBeanFactory.java:1165)
	at org.springframework.beans.factory.support.AbstractAutowireCapableBeanFactory.doCreateBean(AbstractAutowireCapableBeanFactory.java:562)
	at org.springframework.beans.factory.support.AbstractAutowireCapableBeanFactory.createBean(AbstractAutowireCapableBeanFactory.java:522)
	at org.springframework.beans.factory.support.AbstractBeanFactory.lambda$doGetBean$0(AbstractBeanFactory.java:326)
	at org.springframework.beans.factory.support.DefaultSingletonBeanRegistry.getSingleton(DefaultSingletonBeanRegistry.java:234)
	at org.springframework.beans.factory.support.AbstractBeanFactory.doGetBean(AbstractBeanFactory.java:324)
	at org.springframework.beans.factory.support.AbstractBeanFactory.getBean(AbstractBeanFactory.java:200)
	at org.springframework.beans.factory.config.DependencyDescriptor.resolveCandidate(DependencyDescriptor.java:254)
	at org.springframework.beans.factory.support.DefaultListableBeanFactory.doResolveDependency(DefaultListableBeanFactory.java:1443)
	at org.springframework.beans.factory.support.DefaultListableBeanFactory.resolveDependency(DefaultListableBeanFactory.java:1353)
	at org.springframework.beans.factory.support.ConstructorResolver.resolveAutowiredArgument(ConstructorResolver.java:904)
	at org.springframework.beans.factory.support.ConstructorResolver.createArgumentArray(ConstructorResolver.java:782)
	at org.springframework.beans.factory.support.ConstructorResolver.autowireConstructor(ConstructorResolver.java:237)
	at org.springframework.beans.factory.support.AbstractAutowireCapableBeanFactory.autowireConstructor(AbstractAutowireCapableBeanFactory.java:1355)
	at org.springframework.beans.factory.support.AbstractAutowireCapableBeanFactory.createBeanInstance(AbstractAutowireCapableBeanFactory.java:1192)
	at org.springframework.beans.factory.support.AbstractAutowireCapableBeanFactory.doCreateBean(AbstractAutowireCapableBeanFactory.java:562)
	at org.springframework.beans.factory.support.AbstractAutowireCapableBeanFactory.createBean(AbstractAutowireCapableBeanFactory.java:522)
	at org.springframework.beans.factory.support.AbstractBeanFactory.lambda$doGetBean$0(AbstractBeanFactory.java:326)
	at org.springframework.beans.factory.support.DefaultSingletonBeanRegistry.getSingleton(DefaultSingletonBeanRegistry.java:234)
	at org.springframework.beans.factory.support.AbstractBeanFactory.doGetBean(AbstractBeanFactory.java:324)
	at org.springframework.beans.factory.support.AbstractBeanFactory.getBean(AbstractBeanFactory.java:200)
	at org.springframework.beans.factory.support.ConstructorResolver.instantiateUsingFactoryMethod(ConstructorResolver.java:409)
	at org.springframework.beans.factory.support.AbstractAutowireCapableBeanFactory.instantiateUsingFactoryMethod(AbstractAutowireCapableBeanFactory.java:1335)
	at org.springframework.beans.factory.support.AbstractAutowireCapableBeanFactory.createBeanInstance(AbstractAutowireCapableBeanFactory.java:1165)
	at org.springframework.beans.factory.support.AbstractAutowireCapableBeanFactory.doCreateBean(AbstractAutowireCapableBeanFactory.java:562)
	at org.springframework.beans.factory.support.AbstractAutowireCapableBeanFactory.createBean(AbstractAutowireCapableBeanFactory.java:522)
	at org.springframework.beans.factory.support.AbstractBeanFactory.lambda$doGetBean$0(AbstractBeanFactory.java:326)
	at org.springframework.beans.factory.support.DefaultSingletonBeanRegistry.getSingleton(DefaultSingletonBeanRegistry.java:234)
	at org.springframework.beans.factory.support.AbstractBeanFactory.doGetBean(AbstractBeanFactory.java:324)
	at org.springframework.beans.factory.support.AbstractBeanFactory.getBean(AbstractBeanFactory.java:200)
	at org.springframework.beans.factory.config.DependencyDescriptor.resolveCandidate(DependencyDescriptor.java:254)
	at org.springframework.beans.factory.support.DefaultListableBeanFactory.doResolveDependency(DefaultListableBeanFactory.java:1443)
	at org.springframework.beans.factory.support.DefaultListableBeanFactory.resolveDependency(DefaultListableBeanFactory.java:1353)
	at org.springframework.beans.factory.support.ConstructorResolver.resolveAutowiredArgument(ConstructorResolver.java:904)
	at org.springframework.beans.factory.support.ConstructorResolver.createArgumentArray(ConstructorResolver.java:782)
	at org.springframework.beans.factory.support.ConstructorResolver.instantiateUsingFactoryMethod(ConstructorResolver.java:542)
	at org.springframework.beans.factory.support.AbstractAutowireCapableBeanFactory.instantiateUsingFactoryMethod(AbstractAutowireCapableBeanFactory.java:1335)
	at org.springframework.beans.factory.support.AbstractAutowireCapableBeanFactory.createBeanInstance(AbstractAutowireCapableBeanFactory.java:1165)
	at org.springframework.beans.factory.support.AbstractAutowireCapableBeanFactory.doCreateBean(AbstractAutowireCapableBeanFactory.java:562)
	at org.springframework.beans.factory.support.AbstractAutowireCapableBeanFactory.createBean(AbstractAutowireCapableBeanFactory.java:522)
	at org.springframework.beans.factory.support.AbstractBeanFactory.lambda$doGetBean$0(AbstractBeanFactory.java:326)
	at org.springframework.beans.factory.support.DefaultSingletonBeanRegistry.getSingleton(DefaultSingletonBeanRegistry.java:234)
	at org.springframework.beans.factory.support.AbstractBeanFactory.doGetBean(AbstractBeanFactory.java:324)
	at org.springframework.beans.factory.support.AbstractBeanFactory.getBean(AbstractBeanFactory.java:200)
	at org.springframework.beans.factory.support.DefaultListableBeanFactory.preInstantiateSingletons(DefaultListableBeanFactory.java:975)
	at org.springframework.context.support.AbstractApplicationContext.finishBeanFactoryInitialization(AbstractApplicationContext.java:962)
	at org.springframework.context.support.AbstractApplicationContext.refresh(AbstractApplicationContext.java:624)
	at org.springframework.boot.web.servlet.context.ServletWebServerApplicationContext.refresh(ServletWebServerApplicationContext.java:146)
	at org.springframework.boot.SpringApplication.refresh(SpringApplication.java:754)
	at org.springframework.boot.SpringApplication.refreshContext(SpringApplication.java:456)
	at org.springframework.boot.SpringApplication.run(SpringApplication.java:334)
	at org.springframework.boot.SpringApplication.run(SpringApplication.java:1354)
	at org.springframework.boot.SpringApplication.run(SpringApplication.java:1343)
	at com.example.observability.subscriber.SubscriberServiceApplication.main(SubscriberServiceApplication.java:25)
	at java.base/jdk.internal.reflect.DirectMethodHandleAccessor.invoke(DirectMethodHandleAccessor.java:103)
	at java.base/java.lang.reflect.Method.invoke(Method.java:580)
	at org.springframework.boot.loader.launch.Launcher.launch(Launcher.java:91)
	at org.springframework.boot.loader.launch.Launcher.launch(Launcher.java:53)
	at org.springframework.boot.loader.launch.JarLauncher.main(JarLauncher.java:58)
2025-09-17 15:31:50.485 [main] INFO  [,] c.e.o.s.c.PubSubIntegrationConfig - Creating PubSubInboundChannelAdapter for orders-subscription
2025-09-17 15:31:50.492 [main] INFO  [,] c.e.o.s.c.PubSubIntegrationConfig - PubSubInboundChannelAdapter configured successfully
2025-09-17 15:31:50.628 [main] WARN  [,] o.s.b.a.o.j.JpaBaseConfiguration$JpaWebConfiguration - spring.jpa.open-in-view is enabled by default. Therefore, database queries may be performed during view rendering. Explicitly configure spring.jpa.open-in-view to disable this warning
2025-09-17 15:31:51.909 [main] INFO  [,] o.s.b.a.e.web.EndpointLinksResolver - Exposing 10 endpoint(s) beneath base path '/actuator'
2025-09-17 15:31:52.094 [main] INFO  [,] o.s.i.endpoint.EventDrivenConsumer - Adding {logging-channel-adapter:_org.springframework.integration.errorLogger} as a subscriber to the 'errorChannel' channel
2025-09-17 15:31:52.095 [main] INFO  [,] o.s.i.c.PublishSubscribeChannel - Channel 'subscriber-service.errorChannel' has 1 subscriber(s).
2025-09-17 15:31:52.095 [main] INFO  [,] o.s.i.endpoint.EventDrivenConsumer - started bean '_org.springframework.integration.errorLogger'
2025-09-17 15:31:52.096 [main] INFO  [,] o.s.i.endpoint.EventDrivenConsumer - Adding {service-activator:orderEventListener.receiveOrderEvent.serviceActivator} as a subscriber to the 'ordersSubscriptionChannel' channel
2025-09-17 15:31:52.096 [main] INFO  [,] o.s.i.channel.DirectChannel - Channel 'subscriber-service.ordersSubscriptionChannel' has 1 subscriber(s).
2025-09-17 15:31:52.096 [main] INFO  [,] o.s.i.endpoint.EventDrivenConsumer - started bean 'orderEventListener.receiveOrderEvent.serviceActivator'
2025-09-17 15:31:52.124 [main] INFO  [,] o.s.b.w.e.tomcat.TomcatWebServer - Tomcat started on port 8081 (http) with context path ''
2025-09-17 15:31:52.148 [main] INFO  [,] c.e.o.s.SubscriberServiceApplication - Started SubscriberServiceApplication in 12.662 seconds (process running for 14.781)
2025-09-17 15:31:56.958 [tomcat-handler-0] INFO  [,] o.a.c.c.C.[Tomcat].[localhost].[/] - Initializing Spring DispatcherServlet 'dispatcherServlet'
2025-09-17 15:31:56.958 [tomcat-handler-0] INFO  [,] o.s.web.servlet.DispatcherServlet - Initializing Servlet 'dispatcherServlet'
2025-09-17 15:31:56.959 [tomcat-handler-0] INFO  [,] o.s.web.servlet.DispatcherServlet - Completed initialization in 1 ms
2025-09-17 15:40:17.994 [SpringApplicationShutdownHook] INFO  [,] o.s.i.endpoint.EventDrivenConsumer - Removing {logging-channel-adapter:_org.springframework.integration.errorLogger} as a subscriber to the 'errorChannel' channel
2025-09-17 15:40:17.995 [SpringApplicationShutdownHook] INFO  [,] o.s.i.c.PublishSubscribeChannel - Channel 'subscriber-service.errorChannel' has 0 subscriber(s).
2025-09-17 15:40:17.995 [SpringApplicationShutdownHook] INFO  [,] o.s.i.endpoint.EventDrivenConsumer - stopped bean '_org.springframework.integration.errorLogger'
2025-09-17 15:40:17.995 [SpringApplicationShutdownHook] INFO  [,] o.s.i.endpoint.EventDrivenConsumer - Removing {service-activator:orderEventListener.receiveOrderEvent.serviceActivator} as a subscriber to the 'ordersSubscriptionChannel' channel
2025-09-17 15:40:17.995 [SpringApplicationShutdownHook] INFO  [,] o.s.i.channel.DirectChannel - Channel 'subscriber-service.ordersSubscriptionChannel' has 0 subscriber(s).
2025-09-17 15:40:17.995 [SpringApplicationShutdownHook] INFO  [,] o.s.i.endpoint.EventDrivenConsumer - stopped bean 'orderEventListener.receiveOrderEvent.serviceActivator'
2025-09-17 15:40:18.038 [SpringApplicationShutdownHook] INFO  [,] o.s.o.j.LocalContainerEntityManagerFactoryBean - Closing JPA EntityManagerFactory for persistence unit 'default'
2025-09-17 15:40:18.043 [SpringApplicationShutdownHook] INFO  [,] com.zaxxer.hikari.HikariDataSource - SubscriberServicePool - Shutdown initiated...
2025-09-17 15:40:18.048 [SpringApplicationShutdownHook] INFO  [,] com.zaxxer.hikari.HikariDataSource - SubscriberServicePool - Shutdown completed.
2025-09-17 15:43:17.267 [main] INFO  [,] c.e.o.s.SubscriberServiceApplication - Starting SubscriberServiceApplication using Java 21.0.8 with PID 2064701 (/home/allan/source/observability/subscriber-service/target/subscriber-service-1.0.0-SNAPSHOT.jar started by allan in /home/allan/source/observability/subscriber-service)
2025-09-17 15:43:17.309 [main] INFO  [,] c.e.o.s.SubscriberServiceApplication - The following 1 profile is active: "local"
2025-09-17 15:43:19.482 [main] INFO  [,] o.s.d.r.c.RepositoryConfigurationDelegate - Bootstrapping Spring Data JPA repositories in DEFAULT mode.
2025-09-17 15:43:19.757 [main] INFO  [,] o.s.d.r.c.RepositoryConfigurationDelegate - Finished Spring Data repository scanning in 263 ms. Found 1 JPA repository interface.
2025-09-17 15:43:19.862 [main] INFO  [,] o.s.i.c.DefaultConfiguringBeanFactoryPostProcessor - No bean named 'errorChannel' has been explicitly defined. Therefore, a default PublishSubscribeChannel will be created.
2025-09-17 15:43:19.883 [main] INFO  [,] o.s.i.c.DefaultConfiguringBeanFactoryPostProcessor - No bean named 'integrationHeaderChannelRegistry' has been explicitly defined. Therefore, a default DefaultHeaderChannelRegistry will be created.
2025-09-17 15:43:21.059 [main] INFO  [,] o.s.b.w.e.tomcat.TomcatWebServer - Tomcat initialized with port 8081 (http)
2025-09-17 15:43:21.108 [main] INFO  [,] o.a.catalina.core.StandardService - Starting service [Tomcat]
2025-09-17 15:43:21.109 [main] INFO  [,] o.a.catalina.core.StandardEngine - Starting Servlet engine: [Apache Tomcat/10.1.19]
2025-09-17 15:43:21.174 [main] INFO  [,] o.a.c.c.C.[Tomcat].[localhost].[/] - Initializing Spring embedded WebApplicationContext
2025-09-17 15:43:21.175 [main] INFO  [,] o.s.b.w.s.c.ServletWebServerApplicationContext - Root WebApplicationContext: initialization completed in 3666 ms
2025-09-17 15:43:22.138 [main] INFO  [,] o.h.jpa.internal.util.LogHelper - HHH000204: Processing PersistenceUnitInfo [name: default]
2025-09-17 15:43:22.225 [main] INFO  [,] org.hibernate.Version - HHH000412: Hibernate ORM core version 6.4.4.Final
2025-09-17 15:43:22.277 [main] INFO  [,] o.h.c.i.RegionFactoryInitiator - HHH000026: Second-level cache disabled
2025-09-17 15:43:22.582 [main] INFO  [,] o.s.o.j.p.SpringPersistenceUnitInfo - No LoadTimeWeaver setup: ignoring JPA class transformer
2025-09-17 15:43:22.608 [main] INFO  [,] com.zaxxer.hikari.HikariDataSource - SubscriberServicePool - Starting...
2025-09-17 15:43:22.908 [main] INFO  [,] com.zaxxer.hikari.pool.HikariPool - SubscriberServicePool - Added connection org.postgresql.jdbc.PgConnection@6497bc28
2025-09-17 15:43:22.923 [main] INFO  [,] com.zaxxer.hikari.HikariDataSource - SubscriberServicePool - Start completed.
2025-09-17 15:43:23.010 [main] WARN  [,] org.hibernate.orm.deprecation - HHH90000025: PostgreSQLDialect does not need to be specified explicitly using 'hibernate.dialect' (remove the property setting and it will be selected by default)
2025-09-17 15:43:24.001 [main] INFO  [,] o.h.e.t.j.p.i.JtaPlatformInitiator - HHH000489: No JTA platform available (set 'hibernate.transaction.jta.platform' to enable JTA platform integration)
2025-09-17 15:43:24.006 [main] INFO  [,] o.s.o.j.LocalContainerEntityManagerFactoryBean - Initialized JPA EntityManagerFactory for persistence unit 'default'
2025-09-17 15:43:24.619 [main] INFO  [,] o.s.d.j.r.query.QueryEnhancerFactory - Hibernate is in classpath; If applicable, HQL parser will be used.
2025-09-17 15:43:25.441 [main] INFO  [,] c.e.o.subscriber.config.PubSubConfig - Pub/Sub configuration initialized - using @PubsubListener for message consumption
2025-09-17 15:43:25.460 [main] INFO  [,] c.e.o.s.c.PubSubIntegrationConfig - Creating orders-subscription-channel for Pub/Sub integration
2025-09-17 15:43:25.802 [main] WARN  [,] c.g.c.s.c.DefaultCredentialsProvider - No core credentials are set. Service-specific credentials (e.g., spring.cloud.gcp.pubsub.credentials.*) should be used if your app uses services that require credentials.
java.io.IOException: Your default credentials were not found. To set up Application Default Credentials for your environment, see https://cloud.google.com/docs/authentication/external/set-up-adc.
	at com.google.auth.oauth2.DefaultCredentialsProvider.getDefaultCredentials(DefaultCredentialsProvider.java:127)
	at com.google.auth.oauth2.GoogleCredentials.getApplicationDefault(GoogleCredentials.java:152)
	at com.google.auth.oauth2.GoogleCredentials.getApplicationDefault(GoogleCredentials.java:124)
	at com.google.api.gax.core.GoogleCredentialsProvider.getCredentials(GoogleCredentialsProvider.java:70)
	at com.google.cloud.spring.core.DefaultCredentialsProvider.<init>(DefaultCredentialsProvider.java:101)
	at com.google.cloud.spring.autoconfigure.core.GcpContextAutoConfiguration.googleCredentials(GcpContextAutoConfiguration.java:56)
	at java.base/jdk.internal.reflect.DirectMethodHandleAccessor.invoke(DirectMethodHandleAccessor.java:103)
	at java.base/java.lang.reflect.Method.invoke(Method.java:580)
	at org.springframework.beans.factory.support.SimpleInstantiationStrategy.instantiate(SimpleInstantiationStrategy.java:140)
	at org.springframework.beans.factory.support.ConstructorResolver.instantiate(ConstructorResolver.java:644)
	at org.springframework.beans.factory.support.ConstructorResolver.instantiateUsingFactoryMethod(ConstructorResolver.java:485)
	at org.springframework.beans.factory.support.AbstractAutowireCapableBeanFactory.instantiateUsingFactoryMethod(AbstractAutowireCapableBeanFactory.java:1335)
	at org.springframework.beans.factory.support.AbstractAutowireCapableBeanFactory.createBeanInstance(AbstractAutowireCapableBeanFactory.java:1165)
	at org.springframework.beans.factory.support.AbstractAutowireCapableBeanFactory.doCreateBean(AbstractAutowireCapableBeanFactory.java:562)
	at org.springframework.beans.factory.support.AbstractAutowireCapableBeanFactory.createBean(AbstractAutowireCapableBeanFactory.java:522)
	at org.springframework.beans.factory.support.AbstractBeanFactory.lambda$doGetBean$0(AbstractBeanFactory.java:326)
	at org.springframework.beans.factory.support.DefaultSingletonBeanRegistry.getSingleton(DefaultSingletonBeanRegistry.java:234)
	at org.springframework.beans.factory.support.AbstractBeanFactory.doGetBean(AbstractBeanFactory.java:324)
	at org.springframework.beans.factory.support.AbstractBeanFactory.getBean(AbstractBeanFactory.java:200)
	at org.springframework.beans.factory.config.DependencyDescriptor.resolveCandidate(DependencyDescriptor.java:254)
	at org.springframework.beans.factory.support.DefaultListableBeanFactory.doResolveDependency(DefaultListableBeanFactory.java:1443)
	at org.springframework.beans.factory.support.DefaultListableBeanFactory.resolveDependency(DefaultListableBeanFactory.java:1353)
	at org.springframework.beans.factory.support.ConstructorResolver.resolveAutowiredArgument(ConstructorResolver.java:904)
	at org.springframework.beans.factory.support.ConstructorResolver.createArgumentArray(ConstructorResolver.java:782)
	at org.springframework.beans.factory.support.ConstructorResolver.autowireConstructor(ConstructorResolver.java:237)
	at org.springframework.beans.factory.support.AbstractAutowireCapableBeanFactory.autowireConstructor(AbstractAutowireCapableBeanFactory.java:1355)
	at org.springframework.beans.factory.support.AbstractAutowireCapableBeanFactory.createBeanInstance(AbstractAutowireCapableBeanFactory.java:1192)
	at org.springframework.beans.factory.support.AbstractAutowireCapableBeanFactory.doCreateBean(AbstractAutowireCapableBeanFactory.java:562)
	at org.springframework.beans.factory.support.AbstractAutowireCapableBeanFactory.createBean(AbstractAutowireCapableBeanFactory.java:522)
	at org.springframework.beans.factory.support.AbstractBeanFactory.lambda$doGetBean$0(AbstractBeanFactory.java:326)
	at org.springframework.beans.factory.support.DefaultSingletonBeanRegistry.getSingleton(DefaultSingletonBeanRegistry.java:234)
	at org.springframework.beans.factory.support.AbstractBeanFactory.doGetBean(AbstractBeanFactory.java:324)
	at org.springframework.beans.factory.support.AbstractBeanFactory.getBean(AbstractBeanFactory.java:200)
	at org.springframework.beans.factory.support.ConstructorResolver.instantiateUsingFactoryMethod(ConstructorResolver.java:409)
	at org.springframework.beans.factory.support.AbstractAutowireCapableBeanFactory.instantiateUsingFactoryMethod(AbstractAutowireCapableBeanFactory.java:1335)
	at org.springframework.beans.factory.support.AbstractAutowireCapableBeanFactory.createBeanInstance(AbstractAutowireCapableBeanFactory.java:1165)
	at org.springframework.beans.factory.support.AbstractAutowireCapableBeanFactory.doCreateBean(AbstractAutowireCapableBeanFactory.java:562)
	at org.springframework.beans.factory.support.AbstractAutowireCapableBeanFactory.createBean(AbstractAutowireCapableBeanFactory.java:522)
	at org.springframework.beans.factory.support.AbstractBeanFactory.lambda$doGetBean$0(AbstractBeanFactory.java:326)
	at org.springframework.beans.factory.support.DefaultSingletonBeanRegistry.getSingleton(DefaultSingletonBeanRegistry.java:234)
	at org.springframework.beans.factory.support.AbstractBeanFactory.doGetBean(AbstractBeanFactory.java:324)
	at org.springframework.beans.factory.support.AbstractBeanFactory.getBean(AbstractBeanFactory.java:200)
	at org.springframework.beans.factory.config.DependencyDescriptor.resolveCandidate(DependencyDescriptor.java:254)
	at org.springframework.beans.factory.support.DefaultListableBeanFactory.doResolveDependency(DefaultListableBeanFactory.java:1443)
	at org.springframework.beans.factory.support.DefaultListableBeanFactory.resolveDependency(DefaultListableBeanFactory.java:1353)
	at org.springframework.beans.factory.support.ConstructorResolver.resolveAutowiredArgument(ConstructorResolver.java:904)
	at org.springframework.beans.factory.support.ConstructorResolver.createArgumentArray(ConstructorResolver.java:782)
	at org.springframework.beans.factory.support.ConstructorResolver.instantiateUsingFactoryMethod(ConstructorResolver.java:542)
	at org.springframework.beans.factory.support.AbstractAutowireCapableBeanFactory.instantiateUsingFactoryMethod(AbstractAutowireCapableBeanFactory.java:1335)
	at org.springframework.beans.factory.support.AbstractAutowireCapableBeanFactory.createBeanInstance(AbstractAutowireCapableBeanFactory.java:1165)
	at org.springframework.beans.factory.support.AbstractAutowireCapableBeanFactory.doCreateBean(AbstractAutowireCapableBeanFactory.java:562)
	at org.springframework.beans.factory.support.AbstractAutowireCapableBeanFactory.createBean(AbstractAutowireCapableBeanFactory.java:522)
	at org.springframework.beans.factory.support.AbstractBeanFactory.lambda$doGetBean$0(AbstractBeanFactory.java:326)
	at org.springframework.beans.factory.support.DefaultSingletonBeanRegistry.getSingleton(DefaultSingletonBeanRegistry.java:234)
	at org.springframework.beans.factory.support.AbstractBeanFactory.doGetBean(AbstractBeanFactory.java:324)
	at org.springframework.beans.factory.support.AbstractBeanFactory.getBean(AbstractBeanFactory.java:200)
	at org.springframework.beans.factory.support.DefaultListableBeanFactory.preInstantiateSingletons(DefaultListableBeanFactory.java:975)
	at org.springframework.context.support.AbstractApplicationContext.finishBeanFactoryInitialization(AbstractApplicationContext.java:962)
	at org.springframework.context.support.AbstractApplicationContext.refresh(AbstractApplicationContext.java:624)
	at org.springframework.boot.web.servlet.context.ServletWebServerApplicationContext.refresh(ServletWebServerApplicationContext.java:146)
	at org.springframework.boot.SpringApplication.refresh(SpringApplication.java:754)
	at org.springframework.boot.SpringApplication.refreshContext(SpringApplication.java:456)
	at org.springframework.boot.SpringApplication.run(SpringApplication.java:334)
	at org.springframework.boot.SpringApplication.run(SpringApplication.java:1354)
	at org.springframework.boot.SpringApplication.run(SpringApplication.java:1343)
	at com.example.observability.subscriber.SubscriberServiceApplication.main(SubscriberServiceApplication.java:25)
	at java.base/jdk.internal.reflect.DirectMethodHandleAccessor.invoke(DirectMethodHandleAccessor.java:103)
	at java.base/java.lang.reflect.Method.invoke(Method.java:580)
	at org.springframework.boot.loader.launch.Launcher.launch(Launcher.java:91)
	at org.springframework.boot.loader.launch.Launcher.launch(Launcher.java:53)
	at org.springframework.boot.loader.launch.JarLauncher.main(JarLauncher.java:58)
2025-09-17 15:43:26.361 [main] INFO  [,] c.e.o.s.c.PubSubIntegrationConfig - Creating PubSubInboundChannelAdapter for orders-subscription
2025-09-17 15:43:26.369 [main] INFO  [,] c.e.o.s.c.PubSubIntegrationConfig - PubSubInboundChannelAdapter configured successfully
2025-09-17 15:43:26.508 [main] WARN  [,] o.s.b.a.o.j.JpaBaseConfiguration$JpaWebConfiguration - spring.jpa.open-in-view is enabled by default. Therefore, database queries may be performed during view rendering. Explicitly configure spring.jpa.open-in-view to disable this warning
2025-09-17 15:43:29.303 [main] INFO  [,] o.s.b.a.e.web.EndpointLinksResolver - Exposing 10 endpoint(s) beneath base path '/actuator'
2025-09-17 15:43:29.566 [main] INFO  [,] o.s.i.endpoint.EventDrivenConsumer - Adding {logging-channel-adapter:_org.springframework.integration.errorLogger} as a subscriber to the 'errorChannel' channel
2025-09-17 15:43:29.568 [main] INFO  [,] o.s.i.c.PublishSubscribeChannel - Channel 'subscriber-service.errorChannel' has 1 subscriber(s).
2025-09-17 15:43:29.569 [main] INFO  [,] o.s.i.endpoint.EventDrivenConsumer - started bean '_org.springframework.integration.errorLogger'
2025-09-17 15:43:29.569 [main] INFO  [,] o.s.i.endpoint.EventDrivenConsumer - Adding {service-activator:orderEventListener.receiveOrderEvent.serviceActivator} as a subscriber to the 'ordersSubscriptionChannel' channel
2025-09-17 15:43:29.569 [main] INFO  [,] o.s.i.channel.DirectChannel - Channel 'subscriber-service.ordersSubscriptionChannel' has 1 subscriber(s).
2025-09-17 15:43:29.570 [main] INFO  [,] o.s.i.endpoint.EventDrivenConsumer - started bean 'orderEventListener.receiveOrderEvent.serviceActivator'
2025-09-17 15:43:29.628 [main] INFO  [,] o.s.b.w.e.tomcat.TomcatWebServer - Tomcat started on port 8081 (http) with context path ''
2025-09-17 15:43:29.652 [main] INFO  [,] c.e.o.s.SubscriberServiceApplication - Started SubscriberServiceApplication in 13.245 seconds (process running for 15.539)
2025-09-17 15:43:35.133 [tomcat-handler-0] INFO  [,] o.a.c.c.C.[Tomcat].[localhost].[/] - Initializing Spring DispatcherServlet 'dispatcherServlet'
2025-09-17 15:43:35.134 [tomcat-handler-0] INFO  [,] o.s.web.servlet.DispatcherServlet - Initializing Servlet 'dispatcherServlet'
2025-09-17 15:43:35.136 [tomcat-handler-0] INFO  [,] o.s.web.servlet.DispatcherServlet - Completed initialization in 2 ms
2025-09-17 15:44:39.489 [global-gcp-pubsub-subscriber1] INFO  [41c6deebb7bc773ab49a0808a65b55ee,8d3db395dbf5a1ce] c.e.o.s.listener.OrderEventListener - Received order event message: size=376 bytes, headers=[traceId, spanId, orderId, traceparent, customerId, source, eventType, id, gcp_pubsub_original_message, timestamp]
2025-09-17 15:44:39.634 [global-gcp-pubsub-subscriber1] INFO  [41c6deebb7bc773ab49a0808a65b55ee,8d3db395dbf5a1ce] c.e.o.s.listener.OrderEventListener - Processing order event: orderId=c6c439bd-b758-4a3b-bf3b-dc31a5b70e24, eventType=ORDER_CREATED, customerId=customer-001
2025-09-17 15:44:39.652 [global-gcp-pubsub-subscriber1] INFO  [41c6deebb7bc773ab49a0808a65b55ee,4f108554c8dec782] c.e.o.s.s.OrderProcessingService - Processing order event: orderId=c6c439bd-b758-4a3b-bf3b-dc31a5b70e24, eventType=ORDER_CREATED, customerId=customer-001
2025-09-17 15:44:39.794 [global-gcp-pubsub-subscriber1] DEBUG [41c6deebb7bc773ab49a0808a65b55ee,4f108554c8dec782] org.hibernate.SQL - 
    select
        oe1_0.id,
        oe1_0.created_at,
        oe1_0.customer_id,
        oe1_0.product_name,
        oe1_0.quantity,
        oe1_0.status,
        oe1_0.total_amount,
        oe1_0.unit_price,
        oe1_0.updated_at,
        oe1_0.version 
    from
        orders oe1_0 
    where
        oe1_0.id=?
2025-09-17 15:44:40.277 [global-gcp-pubsub-subscriber1] DEBUG [41c6deebb7bc773ab49a0808a65b55ee,4f108554c8dec782] org.hibernate.SQL - 
    update
        orders 
    set
        status=?,
        updated_at=localtimestamp 
    where
        id=? 
        and version=?
2025-09-17 15:44:40.283 [global-gcp-pubsub-subscriber1] INFO  [41c6deebb7bc773ab49a0808a65b55ee,4f108554c8dec782] c.e.o.s.s.OrderProcessingService - Order processed successfully: orderId=c6c439bd-b758-4a3b-bf3b-dc31a5b70e24, newStatus=PROCESSED
2025-09-17 15:44:40.291 [global-gcp-pubsub-subscriber1] ERROR [41c6deebb7bc773ab49a0808a65b55ee,4f108554c8dec782] c.e.o.s.listener.OrderEventListener - Error processing order event message: error=Unable to commit against JDBC Connection
org.springframework.orm.jpa.JpaSystemException: Unable to commit against JDBC Connection
	at org.springframework.orm.jpa.vendor.HibernateJpaDialect.convertHibernateAccessException(HibernateJpaDialect.java:341)
	at org.springframework.orm.jpa.vendor.HibernateJpaDialect.translateExceptionIfPossible(HibernateJpaDialect.java:241)
	at org.springframework.orm.jpa.JpaTransactionManager.doCommit(JpaTransactionManager.java:565)
	at org.springframework.transaction.support.AbstractPlatformTransactionManager.processCommit(AbstractPlatformTransactionManager.java:794)
	at org.springframework.transaction.support.AbstractPlatformTransactionManager.commit(AbstractPlatformTransactionManager.java:757)
	at org.springframework.transaction.interceptor.TransactionAspectSupport.commitTransactionAfterReturning(TransactionAspectSupport.java:676)
	at org.springframework.transaction.interceptor.TransactionAspectSupport.invokeWithinTransaction(TransactionAspectSupport.java:426)
	at org.springframework.transaction.interceptor.TransactionInterceptor.invoke(TransactionInterceptor.java:119)
	at org.springframework.aop.framework.ReflectiveMethodInvocation.proceed(ReflectiveMethodInvocation.java:184)
	at org.springframework.aop.framework.CglibAopProxy$CglibMethodInvocation.proceed(CglibAopProxy.java:765)
	at org.springframework.aop.interceptor.ExposeInvocationInterceptor.invoke(ExposeInvocationInterceptor.java:97)
	at org.springframework.aop.framework.ReflectiveMethodInvocation.proceed(ReflectiveMethodInvocation.java:184)
	at org.springframework.aop.framework.CglibAopProxy$CglibMethodInvocation.proceed(CglibAopProxy.java:765)
	at org.springframework.aop.framework.CglibAopProxy$DynamicAdvisedInterceptor.intercept(CglibAopProxy.java:717)
	at com.example.observability.subscriber.service.OrderProcessingService$$SpringCGLIB$$0.processOrderEvent(<generated>)
	at com.example.observability.subscriber.listener.OrderEventListener.processMessage(OrderEventListener.java:206)
	at com.example.observability.subscriber.listener.OrderEventListener.receiveOrderEvent(OrderEventListener.java:149)
	at java.base/jdk.internal.reflect.DirectMethodHandleAccessor.invoke(DirectMethodHandleAccessor.java:103)
	at java.base/java.lang.reflect.Method.invoke(Method.java:580)
	at org.springframework.aop.support.AopUtils.invokeJoinpointUsingReflection(AopUtils.java:351)
	at org.springframework.aop.framework.ReflectiveMethodInvocation.invokeJoinpoint(ReflectiveMethodInvocation.java:196)
	at org.springframework.aop.framework.ReflectiveMethodInvocation.proceed(ReflectiveMethodInvocation.java:163)
	at org.springframework.aop.framework.CglibAopProxy$CglibMethodInvocation.proceed(CglibAopProxy.java:765)
	at org.springframework.aop.aspectj.MethodInvocationProceedingJoinPoint.proceed(MethodInvocationProceedingJoinPoint.java:89)
	at io.micrometer.observation.aop.ObservedAspect.lambda$observe$2(ObservedAspect.java:150)
	at io.micrometer.observation.Observation.observeChecked(Observation.java:600)
	at io.micrometer.observation.aop.ObservedAspect.observe(ObservedAspect.java:150)
	at io.micrometer.observation.aop.ObservedAspect.observeMethod(ObservedAspect.java:128)
	at java.base/jdk.internal.reflect.DirectMethodHandleAccessor.invoke(DirectMethodHandleAccessor.java:103)
	at java.base/java.lang.reflect.Method.invoke(Method.java:580)
	at org.springframework.aop.aspectj.AbstractAspectJAdvice.invokeAdviceMethodWithGivenArgs(AbstractAspectJAdvice.java:637)
	at org.springframework.aop.aspectj.AbstractAspectJAdvice.invokeAdviceMethod(AbstractAspectJAdvice.java:627)
	at org.springframework.aop.aspectj.AspectJAroundAdvice.invoke(AspectJAroundAdvice.java:71)
	at org.springframework.aop.framework.ReflectiveMethodInvocation.proceed(ReflectiveMethodInvocation.java:184)
	at org.springframework.aop.framework.CglibAopProxy$CglibMethodInvocation.proceed(CglibAopProxy.java:765)
	at org.springframework.aop.aspectj.MethodInvocationProceedingJoinPoint.proceed(MethodInvocationProceedingJoinPoint.java:89)
	at io.micrometer.observation.aop.ObservedAspect.lambda$observe$2(ObservedAspect.java:150)
	at io.micrometer.observation.Observation.observeChecked(Observation.java:600)
	at io.micrometer.observation.aop.ObservedAspect.observe(ObservedAspect.java:150)
	at io.micrometer.observation.aop.ObservedAspect.observeClass(ObservedAspect.java:116)
	at java.base/jdk.internal.reflect.DirectMethodHandleAccessor.invoke(DirectMethodHandleAccessor.java:103)
	at java.base/java.lang.reflect.Method.invoke(Method.java:580)
	at org.springframework.aop.aspectj.AbstractAspectJAdvice.invokeAdviceMethodWithGivenArgs(AbstractAspectJAdvice.java:637)
	at org.springframework.aop.aspectj.AbstractAspectJAdvice.invokeAdviceMethod(AbstractAspectJAdvice.java:627)
	at org.springframework.aop.aspectj.AspectJAroundAdvice.invoke(AspectJAroundAdvice.java:71)
	at org.springframework.aop.framework.ReflectiveMethodInvocation.proceed(ReflectiveMethodInvocation.java:173)
	at org.springframework.aop.framework.CglibAopProxy$CglibMethodInvocation.proceed(CglibAopProxy.java:765)
	at org.springframework.aop.interceptor.ExposeInvocationInterceptor.invoke(ExposeInvocationInterceptor.java:97)
	at org.springframework.aop.framework.ReflectiveMethodInvocation.proceed(ReflectiveMethodInvocation.java:184)
	at org.springframework.aop.framework.CglibAopProxy$CglibMethodInvocation.proceed(CglibAopProxy.java:765)
	at org.springframework.aop.framework.CglibAopProxy$DynamicAdvisedInterceptor.intercept(CglibAopProxy.java:717)
	at com.example.observability.subscriber.listener.OrderEventListener$$SpringCGLIB$$0.receiveOrderEvent(<generated>)
	at java.base/jdk.internal.reflect.DirectMethodHandleAccessor.invoke(DirectMethodHandleAccessor.java:103)
	at java.base/java.lang.reflect.Method.invoke(Method.java:580)
	at org.springframework.messaging.handler.invocation.InvocableHandlerMethod.doInvoke(InvocableHandlerMethod.java:169)
	at org.springframework.integration.handler.support.IntegrationInvocableHandlerMethod.doInvoke(IntegrationInvocableHandlerMethod.java:45)
	at org.springframework.messaging.handler.invocation.InvocableHandlerMethod.invoke(InvocableHandlerMethod.java:119)
	at org.springframework.integration.handler.support.MessagingMethodInvokerHelper$HandlerMethod.invoke(MessagingMethodInvokerHelper.java:1086)
	at org.springframework.integration.handler.support.MessagingMethodInvokerHelper.invokeHandlerMethod(MessagingMethodInvokerHelper.java:569)
	at org.springframework.integration.handler.support.MessagingMethodInvokerHelper.processInternal(MessagingMethodInvokerHelper.java:482)
	at org.springframework.integration.handler.support.MessagingMethodInvokerHelper.process(MessagingMethodInvokerHelper.java:360)
	at org.springframework.integration.handler.MethodInvokingMessageProcessor.processMessage(MethodInvokingMessageProcessor.java:114)
	at org.springframework.integration.handler.ServiceActivatingHandler.handleRequestMessage(ServiceActivatingHandler.java:95)
	at org.springframework.integration.handler.AbstractReplyProducingMessageHandler.handleMessageInternal(AbstractReplyProducingMessageHandler.java:145)
	at org.springframework.integration.handler.AbstractMessageHandler.doHandleMessage(AbstractMessageHandler.java:105)
	at org.springframework.integration.handler.AbstractMessageHandler.handleWithMetrics(AbstractMessageHandler.java:90)
	at org.springframework.integration.handler.AbstractMessageHandler.handleMessage(AbstractMessageHandler.java:70)
	at org.springframework.integration.dispatcher.AbstractDispatcher.tryOptimizedDispatch(AbstractDispatcher.java:132)
	at org.springframework.integration.dispatcher.UnicastingDispatcher.doDispatch(UnicastingDispatcher.java:133)
	at org.springframework.integration.dispatcher.UnicastingDispatcher.dispatch(UnicastingDispatcher.java:106)
	at org.springframework.integration.channel.AbstractSubscribableChannel.doSend(AbstractSubscribableChannel.java:72)
	at org.springframework.integration.channel.AbstractMessageChannel.sendInternal(AbstractMessageChannel.java:378)
	at org.springframework.integration.channel.AbstractMessageChannel.sendWithMetrics(AbstractMessageChannel.java:349)
	at org.springframework.integration.channel.AbstractMessageChannel.send(AbstractMessageChannel.java:329)
	at org.springframework.integration.channel.AbstractMessageChannel.send(AbstractMessageChannel.java:302)
	at org.springframework.messaging.core.GenericMessagingTemplate.doSend(GenericMessagingTemplate.java:187)
	at org.springframework.messaging.core.GenericMessagingTemplate.doSend(GenericMessagingTemplate.java:166)
	at org.springframework.messaging.core.GenericMessagingTemplate.doSend(GenericMessagingTemplate.java:47)
	at org.springframework.messaging.core.AbstractMessageSendingTemplate.send(AbstractMessageSendingTemplate.java:109)
	at org.springframework.integration.endpoint.MessageProducerSupport.lambda$sendMessage$1(MessageProducerSupport.java:262)
	at io.micrometer.observation.Observation.observe(Observation.java:499)
	at org.springframework.integration.endpoint.MessageProducerSupport.sendMessage(MessageProducerSupport.java:262)
	at com.google.cloud.spring.pubsub.integration.inbound.PubSubInboundChannelAdapter.consumeMessage(PubSubInboundChannelAdapter.java:146)
	at com.google.cloud.spring.pubsub.core.subscriber.PubSubSubscriberTemplate.lambda$subscribeAndConvert$1(PubSubSubscriberTemplate.java:172)
	at com.google.cloud.pubsub.v1.MessageDispatcher$3.run(MessageDispatcher.java:514)
	at java.base/java.util.concurrent.Executors$RunnableAdapter.call(Executors.java:572)
	at java.base/java.util.concurrent.FutureTask.run(FutureTask.java:317)
	at java.base/java.util.concurrent.ScheduledThreadPoolExecutor$ScheduledFutureTask.run(ScheduledThreadPoolExecutor.java:304)
	at java.base/java.util.concurrent.ThreadPoolExecutor.runWorker(ThreadPoolExecutor.java:1144)
	at java.base/java.util.concurrent.ThreadPoolExecutor$Worker.run(ThreadPoolExecutor.java:642)
	at java.base/java.lang.Thread.run(Thread.java:1583)
Caused by: org.hibernate.TransactionException: Unable to commit against JDBC Connection
	at org.hibernate.resource.jdbc.internal.AbstractLogicalConnectionImplementor.commit(AbstractLogicalConnectionImplementor.java:92)
	at org.hibernate.resource.transaction.backend.jdbc.internal.JdbcResourceLocalTransactionCoordinatorImpl$TransactionDriverControlImpl.commit(JdbcResourceLocalTransactionCoordinatorImpl.java:268)
	at org.hibernate.engine.transaction.internal.TransactionImpl.commit(TransactionImpl.java:101)
	at org.springframework.orm.jpa.JpaTransactionManager.doCommit(JpaTransactionManager.java:561)
	... 88 common frames omitted
Caused by: org.postgresql.util.PSQLException: Cannot commit when autoCommit is enabled.
	at org.postgresql.jdbc.PgConnection.commit(PgConnection.java:982)
	at com.zaxxer.hikari.pool.ProxyConnection.commit(ProxyConnection.java:377)
	at com.zaxxer.hikari.pool.HikariProxyConnection.commit(HikariProxyConnection.java)
	at org.hibernate.resource.jdbc.internal.AbstractLogicalConnectionImplementor.commit(AbstractLogicalConnectionImplementor.java:86)
	... 91 common frames omitted
2025-09-17 15:44:40.294 [global-gcp-pubsub-subscriber1] INFO  [,] c.e.o.s.listener.OrderEventListener - Message processed and acknowledged successfully
2025-09-17 15:53:32.199 [main] INFO  [,] c.e.o.s.SubscriberServiceApplication - Starting SubscriberServiceApplication using Java 21.0.8 with PID 2082121 (/home/allan/source/observability/subscriber-service/target/classes started by allan in /home/allan/source/observability/subscriber-service)
2025-09-17 15:53:32.201 [main] INFO  [,] c.e.o.s.SubscriberServiceApplication - The following 1 profile is active: "local"
2025-09-17 15:53:33.052 [main] INFO  [,] o.s.d.r.c.RepositoryConfigurationDelegate - Bootstrapping Spring Data JPA repositories in DEFAULT mode.
2025-09-17 15:53:33.155 [main] INFO  [,] o.s.d.r.c.RepositoryConfigurationDelegate - Finished Spring Data repository scanning in 92 ms. Found 1 JPA repository interface.
2025-09-17 15:53:33.205 [main] INFO  [,] o.s.i.c.DefaultConfiguringBeanFactoryPostProcessor - No bean named 'errorChannel' has been explicitly defined. Therefore, a default PublishSubscribeChannel will be created.
2025-09-17 15:53:33.212 [main] INFO  [,] o.s.i.c.DefaultConfiguringBeanFactoryPostProcessor - No bean named 'integrationHeaderChannelRegistry' has been explicitly defined. Therefore, a default DefaultHeaderChannelRegistry will be created.
2025-09-17 15:53:35.306 [main] INFO  [,] o.s.b.w.e.tomcat.TomcatWebServer - Tomcat initialized with port 8081 (http)
2025-09-17 15:53:35.316 [main] INFO  [,] o.a.catalina.core.StandardService - Starting service [Tomcat]
2025-09-17 15:53:35.317 [main] INFO  [,] o.a.catalina.core.StandardEngine - Starting Servlet engine: [Apache Tomcat/10.1.19]
2025-09-17 15:53:35.377 [main] INFO  [,] o.a.c.c.C.[Tomcat].[localhost].[/] - Initializing Spring embedded WebApplicationContext
2025-09-17 15:53:35.377 [main] INFO  [,] o.s.b.w.s.c.ServletWebServerApplicationContext - Root WebApplicationContext: initialization completed in 3135 ms
2025-09-17 15:53:35.851 [main] INFO  [,] o.h.jpa.internal.util.LogHelper - HHH000204: Processing PersistenceUnitInfo [name: default]
2025-09-17 15:53:35.888 [main] INFO  [,] org.hibernate.Version - HHH000412: Hibernate ORM core version 6.4.4.Final
2025-09-17 15:53:35.909 [main] INFO  [,] o.h.c.i.RegionFactoryInitiator - HHH000026: Second-level cache disabled
2025-09-17 15:53:36.055 [main] INFO  [,] o.s.o.j.p.SpringPersistenceUnitInfo - No LoadTimeWeaver setup: ignoring JPA class transformer
2025-09-17 15:53:36.074 [main] INFO  [,] com.zaxxer.hikari.HikariDataSource - SubscriberServicePool - Starting...
2025-09-17 15:53:36.188 [main] INFO  [,] com.zaxxer.hikari.pool.HikariPool - SubscriberServicePool - Added connection org.postgresql.jdbc.PgConnection@d1d85d0
2025-09-17 15:53:36.189 [main] INFO  [,] com.zaxxer.hikari.HikariDataSource - SubscriberServicePool - Start completed.
2025-09-17 15:53:36.212 [main] WARN  [,] org.hibernate.orm.deprecation - HHH90000025: PostgreSQLDialect does not need to be specified explicitly using 'hibernate.dialect' (remove the property setting and it will be selected by default)
2025-09-17 15:53:36.846 [main] INFO  [,] o.h.e.t.j.p.i.JtaPlatformInitiator - HHH000489: No JTA platform available (set 'hibernate.transaction.jta.platform' to enable JTA platform integration)
2025-09-17 15:53:36.848 [main] INFO  [,] o.s.o.j.LocalContainerEntityManagerFactoryBean - Initialized JPA EntityManagerFactory for persistence unit 'default'
2025-09-17 15:53:36.858 [main] INFO  [,] c.e.o.subscriber.config.PubSubConfig - Pub/Sub configuration initialized - using @PubsubListener for message consumption
2025-09-17 15:53:37.073 [main] INFO  [,] o.s.d.j.r.query.QueryEnhancerFactory - Hibernate is in classpath; If applicable, HQL parser will be used.
2025-09-17 15:53:37.488 [main] INFO  [,] c.e.o.s.c.PubSubIntegrationConfig - Creating orders-subscription-channel for Pub/Sub integration
2025-09-17 15:53:37.621 [main] WARN  [,] c.g.c.s.c.DefaultCredentialsProvider - No core credentials are set. Service-specific credentials (e.g., spring.cloud.gcp.pubsub.credentials.*) should be used if your app uses services that require credentials.
java.io.IOException: Your default credentials were not found. To set up Application Default Credentials for your environment, see https://cloud.google.com/docs/authentication/external/set-up-adc.
	at com.google.auth.oauth2.DefaultCredentialsProvider.getDefaultCredentials(DefaultCredentialsProvider.java:127)
	at com.google.auth.oauth2.GoogleCredentials.getApplicationDefault(GoogleCredentials.java:152)
	at com.google.auth.oauth2.GoogleCredentials.getApplicationDefault(GoogleCredentials.java:124)
	at com.google.api.gax.core.GoogleCredentialsProvider.getCredentials(GoogleCredentialsProvider.java:70)
	at com.google.cloud.spring.core.DefaultCredentialsProvider.<init>(DefaultCredentialsProvider.java:101)
	at com.google.cloud.spring.autoconfigure.core.GcpContextAutoConfiguration.googleCredentials(GcpContextAutoConfiguration.java:56)
	at java.base/jdk.internal.reflect.DirectMethodHandleAccessor.invoke(DirectMethodHandleAccessor.java:103)
	at java.base/java.lang.reflect.Method.invoke(Method.java:580)
	at org.springframework.beans.factory.support.SimpleInstantiationStrategy.instantiate(SimpleInstantiationStrategy.java:140)
	at org.springframework.beans.factory.support.ConstructorResolver.instantiate(ConstructorResolver.java:644)
	at org.springframework.beans.factory.support.ConstructorResolver.instantiateUsingFactoryMethod(ConstructorResolver.java:485)
	at org.springframework.beans.factory.support.AbstractAutowireCapableBeanFactory.instantiateUsingFactoryMethod(AbstractAutowireCapableBeanFactory.java:1335)
	at org.springframework.beans.factory.support.AbstractAutowireCapableBeanFactory.createBeanInstance(AbstractAutowireCapableBeanFactory.java:1165)
	at org.springframework.beans.factory.support.AbstractAutowireCapableBeanFactory.doCreateBean(AbstractAutowireCapableBeanFactory.java:562)
	at org.springframework.beans.factory.support.AbstractAutowireCapableBeanFactory.createBean(AbstractAutowireCapableBeanFactory.java:522)
	at org.springframework.beans.factory.support.AbstractBeanFactory.lambda$doGetBean$0(AbstractBeanFactory.java:326)
	at org.springframework.beans.factory.support.DefaultSingletonBeanRegistry.getSingleton(DefaultSingletonBeanRegistry.java:234)
	at org.springframework.beans.factory.support.AbstractBeanFactory.doGetBean(AbstractBeanFactory.java:324)
	at org.springframework.beans.factory.support.AbstractBeanFactory.getBean(AbstractBeanFactory.java:200)
	at org.springframework.beans.factory.config.DependencyDescriptor.resolveCandidate(DependencyDescriptor.java:254)
	at org.springframework.beans.factory.support.DefaultListableBeanFactory.doResolveDependency(DefaultListableBeanFactory.java:1443)
	at org.springframework.beans.factory.support.DefaultListableBeanFactory.resolveDependency(DefaultListableBeanFactory.java:1353)
	at org.springframework.beans.factory.support.ConstructorResolver.resolveAutowiredArgument(ConstructorResolver.java:904)
	at org.springframework.beans.factory.support.ConstructorResolver.createArgumentArray(ConstructorResolver.java:782)
	at org.springframework.beans.factory.support.ConstructorResolver.autowireConstructor(ConstructorResolver.java:237)
	at org.springframework.beans.factory.support.AbstractAutowireCapableBeanFactory.autowireConstructor(AbstractAutowireCapableBeanFactory.java:1355)
	at org.springframework.beans.factory.support.AbstractAutowireCapableBeanFactory.createBeanInstance(AbstractAutowireCapableBeanFactory.java:1192)
	at org.springframework.beans.factory.support.AbstractAutowireCapableBeanFactory.doCreateBean(AbstractAutowireCapableBeanFactory.java:562)
	at org.springframework.beans.factory.support.AbstractAutowireCapableBeanFactory.createBean(AbstractAutowireCapableBeanFactory.java:522)
	at org.springframework.beans.factory.support.AbstractBeanFactory.lambda$doGetBean$0(AbstractBeanFactory.java:326)
	at org.springframework.beans.factory.support.DefaultSingletonBeanRegistry.getSingleton(DefaultSingletonBeanRegistry.java:234)
	at org.springframework.beans.factory.support.AbstractBeanFactory.doGetBean(AbstractBeanFactory.java:324)
	at org.springframework.beans.factory.support.AbstractBeanFactory.getBean(AbstractBeanFactory.java:200)
	at org.springframework.beans.factory.support.ConstructorResolver.instantiateUsingFactoryMethod(ConstructorResolver.java:409)
	at org.springframework.beans.factory.support.AbstractAutowireCapableBeanFactory.instantiateUsingFactoryMethod(AbstractAutowireCapableBeanFactory.java:1335)
	at org.springframework.beans.factory.support.AbstractAutowireCapableBeanFactory.createBeanInstance(AbstractAutowireCapableBeanFactory.java:1165)
	at org.springframework.beans.factory.support.AbstractAutowireCapableBeanFactory.doCreateBean(AbstractAutowireCapableBeanFactory.java:562)
	at org.springframework.beans.factory.support.AbstractAutowireCapableBeanFactory.createBean(AbstractAutowireCapableBeanFactory.java:522)
	at org.springframework.beans.factory.support.AbstractBeanFactory.lambda$doGetBean$0(AbstractBeanFactory.java:326)
	at org.springframework.beans.factory.support.DefaultSingletonBeanRegistry.getSingleton(DefaultSingletonBeanRegistry.java:234)
	at org.springframework.beans.factory.support.AbstractBeanFactory.doGetBean(AbstractBeanFactory.java:324)
	at org.springframework.beans.factory.support.AbstractBeanFactory.getBean(AbstractBeanFactory.java:200)
	at org.springframework.beans.factory.config.DependencyDescriptor.resolveCandidate(DependencyDescriptor.java:254)
	at org.springframework.beans.factory.support.DefaultListableBeanFactory.doResolveDependency(DefaultListableBeanFactory.java:1443)
	at org.springframework.beans.factory.support.DefaultListableBeanFactory.resolveDependency(DefaultListableBeanFactory.java:1353)
	at org.springframework.beans.factory.support.ConstructorResolver.resolveAutowiredArgument(ConstructorResolver.java:904)
	at org.springframework.beans.factory.support.ConstructorResolver.createArgumentArray(ConstructorResolver.java:782)
	at org.springframework.beans.factory.support.ConstructorResolver.instantiateUsingFactoryMethod(ConstructorResolver.java:542)
	at org.springframework.beans.factory.support.AbstractAutowireCapableBeanFactory.instantiateUsingFactoryMethod(AbstractAutowireCapableBeanFactory.java:1335)
	at org.springframework.beans.factory.support.AbstractAutowireCapableBeanFactory.createBeanInstance(AbstractAutowireCapableBeanFactory.java:1165)
	at org.springframework.beans.factory.support.AbstractAutowireCapableBeanFactory.doCreateBean(AbstractAutowireCapableBeanFactory.java:562)
	at org.springframework.beans.factory.support.AbstractAutowireCapableBeanFactory.createBean(AbstractAutowireCapableBeanFactory.java:522)
	at org.springframework.beans.factory.support.AbstractBeanFactory.lambda$doGetBean$0(AbstractBeanFactory.java:326)
	at org.springframework.beans.factory.support.DefaultSingletonBeanRegistry.getSingleton(DefaultSingletonBeanRegistry.java:234)
	at org.springframework.beans.factory.support.AbstractBeanFactory.doGetBean(AbstractBeanFactory.java:324)
	at org.springframework.beans.factory.support.AbstractBeanFactory.getBean(AbstractBeanFactory.java:200)
	at org.springframework.beans.factory.support.DefaultListableBeanFactory.preInstantiateSingletons(DefaultListableBeanFactory.java:975)
	at org.springframework.context.support.AbstractApplicationContext.finishBeanFactoryInitialization(AbstractApplicationContext.java:962)
	at org.springframework.context.support.AbstractApplicationContext.refresh(AbstractApplicationContext.java:624)
	at org.springframework.boot.web.servlet.context.ServletWebServerApplicationContext.refresh(ServletWebServerApplicationContext.java:146)
	at org.springframework.boot.SpringApplication.refresh(SpringApplication.java:754)
	at org.springframework.boot.SpringApplication.refreshContext(SpringApplication.java:456)
	at org.springframework.boot.SpringApplication.run(SpringApplication.java:334)
	at org.springframework.boot.SpringApplication.run(SpringApplication.java:1354)
	at org.springframework.boot.SpringApplication.run(SpringApplication.java:1343)
	at com.example.observability.subscriber.SubscriberServiceApplication.main(SubscriberServiceApplication.java:25)
2025-09-17 15:53:37.833 [main] INFO  [,] c.e.o.s.c.PubSubIntegrationConfig - Creating PubSubInboundChannelAdapter for orders-subscription
2025-09-17 15:53:37.837 [main] INFO  [,] c.e.o.s.c.PubSubIntegrationConfig - PubSubInboundChannelAdapter configured successfully
2025-09-17 15:53:37.897 [main] WARN  [,] o.s.b.a.o.j.JpaBaseConfiguration$JpaWebConfiguration - spring.jpa.open-in-view is enabled by default. Therefore, database queries may be performed during view rendering. Explicitly configure spring.jpa.open-in-view to disable this warning
2025-09-17 15:53:38.557 [main] INFO  [,] o.s.b.a.e.web.EndpointLinksResolver - Exposing 10 endpoint(s) beneath base path '/actuator'
2025-09-17 15:53:38.701 [main] INFO  [,] o.s.i.endpoint.EventDrivenConsumer - Adding {logging-channel-adapter:_org.springframework.integration.errorLogger} as a subscriber to the 'errorChannel' channel
2025-09-17 15:53:38.702 [main] INFO  [,] o.s.i.c.PublishSubscribeChannel - Channel 'subscriber-service.errorChannel' has 1 subscriber(s).
2025-09-17 15:53:38.702 [main] INFO  [,] o.s.i.endpoint.EventDrivenConsumer - started bean '_org.springframework.integration.errorLogger'
2025-09-17 15:53:38.703 [main] INFO  [,] o.s.i.endpoint.EventDrivenConsumer - Adding {service-activator:orderEventListener.receiveOrderEvent.serviceActivator} as a subscriber to the 'ordersSubscriptionChannel' channel
2025-09-17 15:53:38.703 [main] INFO  [,] o.s.i.channel.DirectChannel - Channel 'subscriber-service.ordersSubscriptionChannel' has 1 subscriber(s).
2025-09-17 15:53:38.703 [main] INFO  [,] o.s.i.endpoint.EventDrivenConsumer - started bean 'orderEventListener.receiveOrderEvent.serviceActivator'
2025-09-17 15:53:38.724 [main] INFO  [,] o.s.b.w.e.tomcat.TomcatWebServer - Tomcat started on port 8081 (http) with context path ''
2025-09-17 15:53:38.737 [main] INFO  [,] c.e.o.s.SubscriberServiceApplication - Started SubscriberServiceApplication in 6.967 seconds (process running for 5.975)
2025-09-17 15:53:40.201 [tomcat-handler-0] INFO  [,] o.a.c.c.C.[Tomcat].[localhost].[/] - Initializing Spring DispatcherServlet 'dispatcherServlet'
2025-09-17 15:53:40.201 [tomcat-handler-0] INFO  [,] o.s.web.servlet.DispatcherServlet - Initializing Servlet 'dispatcherServlet'
2025-09-17 15:53:40.202 [tomcat-handler-0] INFO  [,] o.s.web.servlet.DispatcherServlet - Completed initialization in 1 ms
2025-09-17 15:54:42.828 [SpringApplicationShutdownHook] INFO  [,] o.s.i.endpoint.EventDrivenConsumer - Removing {logging-channel-adapter:_org.springframework.integration.errorLogger} as a subscriber to the 'errorChannel' channel
2025-09-17 15:54:42.829 [SpringApplicationShutdownHook] INFO  [,] o.s.i.c.PublishSubscribeChannel - Channel 'subscriber-service.errorChannel' has 0 subscriber(s).
2025-09-17 15:54:42.829 [SpringApplicationShutdownHook] INFO  [,] o.s.i.endpoint.EventDrivenConsumer - stopped bean '_org.springframework.integration.errorLogger'
2025-09-17 15:54:42.829 [SpringApplicationShutdownHook] INFO  [,] o.s.i.endpoint.EventDrivenConsumer - Removing {service-activator:orderEventListener.receiveOrderEvent.serviceActivator} as a subscriber to the 'ordersSubscriptionChannel' channel
2025-09-17 15:54:42.829 [SpringApplicationShutdownHook] INFO  [,] o.s.i.channel.DirectChannel - Channel 'subscriber-service.ordersSubscriptionChannel' has 0 subscriber(s).
2025-09-17 15:54:42.829 [SpringApplicationShutdownHook] INFO  [,] o.s.i.endpoint.EventDrivenConsumer - stopped bean 'orderEventListener.receiveOrderEvent.serviceActivator'
2025-09-17 15:54:42.837 [SpringApplicationShutdownHook] INFO  [,] o.s.o.j.LocalContainerEntityManagerFactoryBean - Closing JPA EntityManagerFactory for persistence unit 'default'
2025-09-17 15:54:42.839 [SpringApplicationShutdownHook] INFO  [,] com.zaxxer.hikari.HikariDataSource - SubscriberServicePool - Shutdown initiated...
2025-09-17 15:54:42.841 [SpringApplicationShutdownHook] INFO  [,] com.zaxxer.hikari.HikariDataSource - SubscriberServicePool - Shutdown completed.
2025-09-17 15:56:21.654 [main] INFO  [,] c.e.o.s.SubscriberServiceApplication - Starting SubscriberServiceApplication using Java 21.0.8 with PID 2087403 (/home/allan/source/observability/subscriber-service/target/subscriber-service-1.0.0-SNAPSHOT.jar started by allan in /home/allan/source/observability/subscriber-service)
2025-09-17 15:56:21.707 [main] INFO  [,] c.e.o.s.SubscriberServiceApplication - The following 1 profile is active: "local"
2025-09-17 15:56:24.911 [main] INFO  [,] o.s.d.r.c.RepositoryConfigurationDelegate - Bootstrapping Spring Data JPA repositories in DEFAULT mode.
2025-09-17 15:56:25.108 [main] INFO  [,] o.s.d.r.c.RepositoryConfigurationDelegate - Finished Spring Data repository scanning in 189 ms. Found 1 JPA repository interface.
2025-09-17 15:56:25.191 [main] INFO  [,] o.s.i.c.DefaultConfiguringBeanFactoryPostProcessor - No bean named 'errorChannel' has been explicitly defined. Therefore, a default PublishSubscribeChannel will be created.
2025-09-17 15:56:25.204 [main] INFO  [,] o.s.i.c.DefaultConfiguringBeanFactoryPostProcessor - No bean named 'integrationHeaderChannelRegistry' has been explicitly defined. Therefore, a default DefaultHeaderChannelRegistry will be created.
2025-09-17 15:56:26.207 [main] INFO  [,] o.s.b.w.e.tomcat.TomcatWebServer - Tomcat initialized with port 8081 (http)
2025-09-17 15:56:26.235 [main] INFO  [,] o.a.catalina.core.StandardService - Starting service [Tomcat]
2025-09-17 15:56:26.236 [main] INFO  [,] o.a.catalina.core.StandardEngine - Starting Servlet engine: [Apache Tomcat/10.1.19]
2025-09-17 15:56:26.282 [main] INFO  [,] o.a.c.c.C.[Tomcat].[localhost].[/] - Initializing Spring embedded WebApplicationContext
2025-09-17 15:56:26.282 [main] INFO  [,] o.s.b.w.s.c.ServletWebServerApplicationContext - Root WebApplicationContext: initialization completed in 2950 ms
2025-09-17 15:56:27.109 [main] INFO  [,] o.h.jpa.internal.util.LogHelper - HHH000204: Processing PersistenceUnitInfo [name: default]
2025-09-17 15:56:27.213 [main] INFO  [,] org.hibernate.Version - HHH000412: Hibernate ORM core version 6.4.4.Final
2025-09-17 15:56:27.274 [main] INFO  [,] o.h.c.i.RegionFactoryInitiator - HHH000026: Second-level cache disabled
2025-09-17 15:56:27.706 [main] INFO  [,] o.s.o.j.p.SpringPersistenceUnitInfo - No LoadTimeWeaver setup: ignoring JPA class transformer
2025-09-17 15:56:27.761 [main] INFO  [,] com.zaxxer.hikari.HikariDataSource - SubscriberServicePool - Starting...
2025-09-17 15:56:28.275 [main] INFO  [,] com.zaxxer.hikari.pool.HikariPool - SubscriberServicePool - Added connection org.postgresql.jdbc.PgConnection@41caf01
2025-09-17 15:56:28.293 [main] INFO  [,] com.zaxxer.hikari.HikariDataSource - SubscriberServicePool - Start completed.
2025-09-17 15:56:28.395 [main] WARN  [,] org.hibernate.orm.deprecation - HHH90000025: PostgreSQLDialect does not need to be specified explicitly using 'hibernate.dialect' (remove the property setting and it will be selected by default)
2025-09-17 15:56:30.067 [main] INFO  [,] o.h.e.t.j.p.i.JtaPlatformInitiator - HHH000489: No JTA platform available (set 'hibernate.transaction.jta.platform' to enable JTA platform integration)
2025-09-17 15:56:30.074 [main] INFO  [,] o.s.o.j.LocalContainerEntityManagerFactoryBean - Initialized JPA EntityManagerFactory for persistence unit 'default'
2025-09-17 15:56:31.160 [main] INFO  [,] o.s.d.j.r.query.QueryEnhancerFactory - Hibernate is in classpath; If applicable, HQL parser will be used.
2025-09-17 15:56:32.440 [main] INFO  [,] c.e.o.subscriber.config.PubSubConfig - Pub/Sub configuration initialized - using @PubsubListener for message consumption
2025-09-17 15:56:32.472 [main] INFO  [,] c.e.o.s.c.PubSubIntegrationConfig - Creating orders-subscription-channel for Pub/Sub integration
2025-09-17 15:56:33.026 [main] WARN  [,] c.g.c.s.c.DefaultCredentialsProvider - No core credentials are set. Service-specific credentials (e.g., spring.cloud.gcp.pubsub.credentials.*) should be used if your app uses services that require credentials.
java.io.IOException: Your default credentials were not found. To set up Application Default Credentials for your environment, see https://cloud.google.com/docs/authentication/external/set-up-adc.
	at com.google.auth.oauth2.DefaultCredentialsProvider.getDefaultCredentials(DefaultCredentialsProvider.java:127)
	at com.google.auth.oauth2.GoogleCredentials.getApplicationDefault(GoogleCredentials.java:152)
	at com.google.auth.oauth2.GoogleCredentials.getApplicationDefault(GoogleCredentials.java:124)
	at com.google.api.gax.core.GoogleCredentialsProvider.getCredentials(GoogleCredentialsProvider.java:70)
	at com.google.cloud.spring.core.DefaultCredentialsProvider.<init>(DefaultCredentialsProvider.java:101)
	at com.google.cloud.spring.autoconfigure.core.GcpContextAutoConfiguration.googleCredentials(GcpContextAutoConfiguration.java:56)
	at java.base/jdk.internal.reflect.DirectMethodHandleAccessor.invoke(DirectMethodHandleAccessor.java:103)
	at java.base/java.lang.reflect.Method.invoke(Method.java:580)
	at org.springframework.beans.factory.support.SimpleInstantiationStrategy.instantiate(SimpleInstantiationStrategy.java:140)
	at org.springframework.beans.factory.support.ConstructorResolver.instantiate(ConstructorResolver.java:644)
	at org.springframework.beans.factory.support.ConstructorResolver.instantiateUsingFactoryMethod(ConstructorResolver.java:485)
	at org.springframework.beans.factory.support.AbstractAutowireCapableBeanFactory.instantiateUsingFactoryMethod(AbstractAutowireCapableBeanFactory.java:1335)
	at org.springframework.beans.factory.support.AbstractAutowireCapableBeanFactory.createBeanInstance(AbstractAutowireCapableBeanFactory.java:1165)
	at org.springframework.beans.factory.support.AbstractAutowireCapableBeanFactory.doCreateBean(AbstractAutowireCapableBeanFactory.java:562)
	at org.springframework.beans.factory.support.AbstractAutowireCapableBeanFactory.createBean(AbstractAutowireCapableBeanFactory.java:522)
	at org.springframework.beans.factory.support.AbstractBeanFactory.lambda$doGetBean$0(AbstractBeanFactory.java:326)
	at org.springframework.beans.factory.support.DefaultSingletonBeanRegistry.getSingleton(DefaultSingletonBeanRegistry.java:234)
	at org.springframework.beans.factory.support.AbstractBeanFactory.doGetBean(AbstractBeanFactory.java:324)
	at org.springframework.beans.factory.support.AbstractBeanFactory.getBean(AbstractBeanFactory.java:200)
	at org.springframework.beans.factory.config.DependencyDescriptor.resolveCandidate(DependencyDescriptor.java:254)
	at org.springframework.beans.factory.support.DefaultListableBeanFactory.doResolveDependency(DefaultListableBeanFactory.java:1443)
	at org.springframework.beans.factory.support.DefaultListableBeanFactory.resolveDependency(DefaultListableBeanFactory.java:1353)
	at org.springframework.beans.factory.support.ConstructorResolver.resolveAutowiredArgument(ConstructorResolver.java:904)
	at org.springframework.beans.factory.support.ConstructorResolver.createArgumentArray(ConstructorResolver.java:782)
	at org.springframework.beans.factory.support.ConstructorResolver.autowireConstructor(ConstructorResolver.java:237)
	at org.springframework.beans.factory.support.AbstractAutowireCapableBeanFactory.autowireConstructor(AbstractAutowireCapableBeanFactory.java:1355)
	at org.springframework.beans.factory.support.AbstractAutowireCapableBeanFactory.createBeanInstance(AbstractAutowireCapableBeanFactory.java:1192)
	at org.springframework.beans.factory.support.AbstractAutowireCapableBeanFactory.doCreateBean(AbstractAutowireCapableBeanFactory.java:562)
	at org.springframework.beans.factory.support.AbstractAutowireCapableBeanFactory.createBean(AbstractAutowireCapableBeanFactory.java:522)
	at org.springframework.beans.factory.support.AbstractBeanFactory.lambda$doGetBean$0(AbstractBeanFactory.java:326)
	at org.springframework.beans.factory.support.DefaultSingletonBeanRegistry.getSingleton(DefaultSingletonBeanRegistry.java:234)
	at org.springframework.beans.factory.support.AbstractBeanFactory.doGetBean(AbstractBeanFactory.java:324)
	at org.springframework.beans.factory.support.AbstractBeanFactory.getBean(AbstractBeanFactory.java:200)
	at org.springframework.beans.factory.support.ConstructorResolver.instantiateUsingFactoryMethod(ConstructorResolver.java:409)
	at org.springframework.beans.factory.support.AbstractAutowireCapableBeanFactory.instantiateUsingFactoryMethod(AbstractAutowireCapableBeanFactory.java:1335)
	at org.springframework.beans.factory.support.AbstractAutowireCapableBeanFactory.createBeanInstance(AbstractAutowireCapableBeanFactory.java:1165)
	at org.springframework.beans.factory.support.AbstractAutowireCapableBeanFactory.doCreateBean(AbstractAutowireCapableBeanFactory.java:562)
	at org.springframework.beans.factory.support.AbstractAutowireCapableBeanFactory.createBean(AbstractAutowireCapableBeanFactory.java:522)
	at org.springframework.beans.factory.support.AbstractBeanFactory.lambda$doGetBean$0(AbstractBeanFactory.java:326)
	at org.springframework.beans.factory.support.DefaultSingletonBeanRegistry.getSingleton(DefaultSingletonBeanRegistry.java:234)
	at org.springframework.beans.factory.support.AbstractBeanFactory.doGetBean(AbstractBeanFactory.java:324)
	at org.springframework.beans.factory.support.AbstractBeanFactory.getBean(AbstractBeanFactory.java:200)
	at org.springframework.beans.factory.config.DependencyDescriptor.resolveCandidate(DependencyDescriptor.java:254)
	at org.springframework.beans.factory.support.DefaultListableBeanFactory.doResolveDependency(DefaultListableBeanFactory.java:1443)
	at org.springframework.beans.factory.support.DefaultListableBeanFactory.resolveDependency(DefaultListableBeanFactory.java:1353)
	at org.springframework.beans.factory.support.ConstructorResolver.resolveAutowiredArgument(ConstructorResolver.java:904)
	at org.springframework.beans.factory.support.ConstructorResolver.createArgumentArray(ConstructorResolver.java:782)
	at org.springframework.beans.factory.support.ConstructorResolver.instantiateUsingFactoryMethod(ConstructorResolver.java:542)
	at org.springframework.beans.factory.support.AbstractAutowireCapableBeanFactory.instantiateUsingFactoryMethod(AbstractAutowireCapableBeanFactory.java:1335)
	at org.springframework.beans.factory.support.AbstractAutowireCapableBeanFactory.createBeanInstance(AbstractAutowireCapableBeanFactory.java:1165)
	at org.springframework.beans.factory.support.AbstractAutowireCapableBeanFactory.doCreateBean(AbstractAutowireCapableBeanFactory.java:562)
	at org.springframework.beans.factory.support.AbstractAutowireCapableBeanFactory.createBean(AbstractAutowireCapableBeanFactory.java:522)
	at org.springframework.beans.factory.support.AbstractBeanFactory.lambda$doGetBean$0(AbstractBeanFactory.java:326)
	at org.springframework.beans.factory.support.DefaultSingletonBeanRegistry.getSingleton(DefaultSingletonBeanRegistry.java:234)
	at org.springframework.beans.factory.support.AbstractBeanFactory.doGetBean(AbstractBeanFactory.java:324)
	at org.springframework.beans.factory.support.AbstractBeanFactory.getBean(AbstractBeanFactory.java:200)
	at org.springframework.beans.factory.support.DefaultListableBeanFactory.preInstantiateSingletons(DefaultListableBeanFactory.java:975)
	at org.springframework.context.support.AbstractApplicationContext.finishBeanFactoryInitialization(AbstractApplicationContext.java:962)
	at org.springframework.context.support.AbstractApplicationContext.refresh(AbstractApplicationContext.java:624)
	at org.springframework.boot.web.servlet.context.ServletWebServerApplicationContext.refresh(ServletWebServerApplicationContext.java:146)
	at org.springframework.boot.SpringApplication.refresh(SpringApplication.java:754)
	at org.springframework.boot.SpringApplication.refreshContext(SpringApplication.java:456)
	at org.springframework.boot.SpringApplication.run(SpringApplication.java:334)
	at org.springframework.boot.SpringApplication.run(SpringApplication.java:1354)
	at org.springframework.boot.SpringApplication.run(SpringApplication.java:1343)
	at com.example.observability.subscriber.SubscriberServiceApplication.main(SubscriberServiceApplication.java:25)
	at java.base/jdk.internal.reflect.DirectMethodHandleAccessor.invoke(DirectMethodHandleAccessor.java:103)
	at java.base/java.lang.reflect.Method.invoke(Method.java:580)
	at org.springframework.boot.loader.launch.Launcher.launch(Launcher.java:91)
	at org.springframework.boot.loader.launch.Launcher.launch(Launcher.java:53)
	at org.springframework.boot.loader.launch.JarLauncher.main(JarLauncher.java:58)
2025-09-17 15:56:33.733 [main] INFO  [,] c.e.o.s.c.PubSubIntegrationConfig - Creating PubSubInboundChannelAdapter for orders-subscription
2025-09-17 15:56:33.744 [main] INFO  [,] c.e.o.s.c.PubSubIntegrationConfig - PubSubInboundChannelAdapter configured successfully
2025-09-17 15:56:33.904 [main] WARN  [,] o.s.b.a.o.j.JpaBaseConfiguration$JpaWebConfiguration - spring.jpa.open-in-view is enabled by default. Therefore, database queries may be performed during view rendering. Explicitly configure spring.jpa.open-in-view to disable this warning
2025-09-17 15:56:35.582 [main] INFO  [,] o.s.b.a.e.web.EndpointLinksResolver - Exposing 10 endpoint(s) beneath base path '/actuator'
2025-09-17 15:56:35.833 [main] INFO  [,] o.s.i.endpoint.EventDrivenConsumer - Adding {logging-channel-adapter:_org.springframework.integration.errorLogger} as a subscriber to the 'errorChannel' channel
2025-09-17 15:56:35.834 [main] INFO  [,] o.s.i.c.PublishSubscribeChannel - Channel 'subscriber-service.errorChannel' has 1 subscriber(s).
2025-09-17 15:56:35.834 [main] INFO  [,] o.s.i.endpoint.EventDrivenConsumer - started bean '_org.springframework.integration.errorLogger'
2025-09-17 15:56:35.835 [main] INFO  [,] o.s.i.endpoint.EventDrivenConsumer - Adding {service-activator:orderEventListener.receiveOrderEvent.serviceActivator} as a subscriber to the 'ordersSubscriptionChannel' channel
2025-09-17 15:56:35.835 [main] INFO  [,] o.s.i.channel.DirectChannel - Channel 'subscriber-service.ordersSubscriptionChannel' has 1 subscriber(s).
2025-09-17 15:56:35.835 [main] INFO  [,] o.s.i.endpoint.EventDrivenConsumer - started bean 'orderEventListener.receiveOrderEvent.serviceActivator'
2025-09-17 15:56:35.865 [main] INFO  [,] o.s.b.w.e.tomcat.TomcatWebServer - Tomcat started on port 8081 (http) with context path ''
2025-09-17 15:56:35.886 [main] INFO  [,] c.e.o.s.SubscriberServiceApplication - Started SubscriberServiceApplication in 15.091 seconds (process running for 17.053)
2025-09-17 15:56:37.484 [tomcat-handler-0] INFO  [,] o.a.c.c.C.[Tomcat].[localhost].[/] - Initializing Spring DispatcherServlet 'dispatcherServlet'
2025-09-17 15:56:37.485 [tomcat-handler-0] INFO  [,] o.s.web.servlet.DispatcherServlet - Initializing Servlet 'dispatcherServlet'
2025-09-17 15:56:37.487 [tomcat-handler-0] INFO  [,] o.s.web.servlet.DispatcherServlet - Completed initialization in 1 ms
2025-09-17 15:58:05.109 [SpringApplicationShutdownHook] INFO  [,] o.s.i.endpoint.EventDrivenConsumer - Removing {logging-channel-adapter:_org.springframework.integration.errorLogger} as a subscriber to the 'errorChannel' channel
2025-09-17 15:58:05.109 [SpringApplicationShutdownHook] INFO  [,] o.s.i.c.PublishSubscribeChannel - Channel 'subscriber-service.errorChannel' has 0 subscriber(s).
2025-09-17 15:58:05.110 [SpringApplicationShutdownHook] INFO  [,] o.s.i.endpoint.EventDrivenConsumer - stopped bean '_org.springframework.integration.errorLogger'
2025-09-17 15:58:05.110 [SpringApplicationShutdownHook] INFO  [,] o.s.i.endpoint.EventDrivenConsumer - Removing {service-activator:orderEventListener.receiveOrderEvent.serviceActivator} as a subscriber to the 'ordersSubscriptionChannel' channel
2025-09-17 15:58:05.110 [SpringApplicationShutdownHook] INFO  [,] o.s.i.channel.DirectChannel - Channel 'subscriber-service.ordersSubscriptionChannel' has 0 subscriber(s).
2025-09-17 15:58:05.110 [SpringApplicationShutdownHook] INFO  [,] o.s.i.endpoint.EventDrivenConsumer - stopped bean 'orderEventListener.receiveOrderEvent.serviceActivator'
2025-09-17 15:58:05.136 [SpringApplicationShutdownHook] INFO  [,] o.s.o.j.LocalContainerEntityManagerFactoryBean - Closing JPA EntityManagerFactory for persistence unit 'default'
2025-09-17 15:58:05.139 [SpringApplicationShutdownHook] INFO  [,] com.zaxxer.hikari.HikariDataSource - SubscriberServicePool - Shutdown initiated...
2025-09-17 15:58:05.143 [SpringApplicationShutdownHook] INFO  [,] com.zaxxer.hikari.HikariDataSource - SubscriberServicePool - Shutdown completed.
{"@timestamp":"2025-09-17T16:01:28.422752789-03:00","@version":"1","message":"Starting SubscriberServiceApplication using Java 21.0.8 with PID 2096651 (/home/allan/source/observability/subscriber-service/target/subscriber-service-1.0.0-SNAPSHOT.jar started by allan in /home/allan/source/observability/subscriber-service)","logger_name":"com.example.observability.subscriber.SubscriberServiceApplication","thread_name":"main","level":"INFO","level_value":20000,"service":"subscriber-service"}
{"@timestamp":"2025-09-17T16:01:28.502035792-03:00","@version":"1","message":"The following 1 profile is active: \"local\"","logger_name":"com.example.observability.subscriber.SubscriberServiceApplication","thread_name":"main","level":"INFO","level_value":20000,"service":"subscriber-service"}
{"@timestamp":"2025-09-17T16:01:30.074419702-03:00","@version":"1","message":"Bootstrapping Spring Data JPA repositories in DEFAULT mode.","logger_name":"org.springframework.data.repository.config.RepositoryConfigurationDelegate","thread_name":"main","level":"INFO","level_value":20000,"service":"subscriber-service"}
{"@timestamp":"2025-09-17T16:01:30.294393848-03:00","@version":"1","message":"Finished Spring Data repository scanning in 211 ms. Found 1 JPA repository interface.","logger_name":"org.springframework.data.repository.config.RepositoryConfigurationDelegate","thread_name":"main","level":"INFO","level_value":20000,"service":"subscriber-service"}
{"@timestamp":"2025-09-17T16:01:30.408212443-03:00","@version":"1","message":"No bean named 'errorChannel' has been explicitly defined. Therefore, a default PublishSubscribeChannel will be created.","logger_name":"org.springframework.integration.config.DefaultConfiguringBeanFactoryPostProcessor","thread_name":"main","level":"INFO","level_value":20000,"service":"subscriber-service"}
{"@timestamp":"2025-09-17T16:01:30.427019329-03:00","@version":"1","message":"No bean named 'integrationHeaderChannelRegistry' has been explicitly defined. Therefore, a default DefaultHeaderChannelRegistry will be created.","logger_name":"org.springframework.integration.config.DefaultConfiguringBeanFactoryPostProcessor","thread_name":"main","level":"INFO","level_value":20000,"service":"subscriber-service"}
{"@timestamp":"2025-09-17T16:01:31.528199374-03:00","@version":"1","message":"Tomcat initialized with port 8081 (http)","logger_name":"org.springframework.boot.web.embedded.tomcat.TomcatWebServer","thread_name":"main","level":"INFO","level_value":20000,"service":"subscriber-service"}
{"@timestamp":"2025-09-17T16:01:31.57426684-03:00","@version":"1","message":"Starting service [Tomcat]","logger_name":"org.apache.catalina.core.StandardService","thread_name":"main","level":"INFO","level_value":20000,"service":"subscriber-service"}
{"@timestamp":"2025-09-17T16:01:31.575416335-03:00","@version":"1","message":"Starting Servlet engine: [Apache Tomcat/10.1.19]","logger_name":"org.apache.catalina.core.StandardEngine","thread_name":"main","level":"INFO","level_value":20000,"service":"subscriber-service"}
{"@timestamp":"2025-09-17T16:01:31.627804047-03:00","@version":"1","message":"Initializing Spring embedded WebApplicationContext","logger_name":"org.apache.catalina.core.ContainerBase.[Tomcat].[localhost].[/]","thread_name":"main","level":"INFO","level_value":20000,"service":"subscriber-service"}
{"@timestamp":"2025-09-17T16:01:31.628312408-03:00","@version":"1","message":"Root WebApplicationContext: initialization completed in 3004 ms","logger_name":"org.springframework.boot.web.servlet.context.ServletWebServerApplicationContext","thread_name":"main","level":"INFO","level_value":20000,"service":"subscriber-service"}
{"@timestamp":"2025-09-17T16:01:32.500825798-03:00","@version":"1","message":"HHH000204: Processing PersistenceUnitInfo [name: default]","logger_name":"org.hibernate.jpa.internal.util.LogHelper","thread_name":"main","level":"INFO","level_value":20000,"service":"subscriber-service"}
{"@timestamp":"2025-09-17T16:01:32.58226873-03:00","@version":"1","message":"HHH000412: Hibernate ORM core version 6.4.4.Final","logger_name":"org.hibernate.Version","thread_name":"main","level":"INFO","level_value":20000,"service":"subscriber-service"}
{"@timestamp":"2025-09-17T16:01:32.626971941-03:00","@version":"1","message":"HHH000026: Second-level cache disabled","logger_name":"org.hibernate.cache.internal.RegionFactoryInitiator","thread_name":"main","level":"INFO","level_value":20000,"service":"subscriber-service"}
{"@timestamp":"2025-09-17T16:01:32.887783593-03:00","@version":"1","message":"No LoadTimeWeaver setup: ignoring JPA class transformer","logger_name":"org.springframework.orm.jpa.persistenceunit.SpringPersistenceUnitInfo","thread_name":"main","level":"INFO","level_value":20000,"service":"subscriber-service"}
{"@timestamp":"2025-09-17T16:01:32.912712485-03:00","@version":"1","message":"SubscriberServicePool - Starting...","logger_name":"com.zaxxer.hikari.HikariDataSource","thread_name":"main","level":"INFO","level_value":20000,"service":"subscriber-service"}
{"@timestamp":"2025-09-17T16:01:33.178552805-03:00","@version":"1","message":"SubscriberServicePool - Added connection org.postgresql.jdbc.PgConnection@5d8c9945","logger_name":"com.zaxxer.hikari.pool.HikariPool","thread_name":"main","level":"INFO","level_value":20000,"service":"subscriber-service"}
{"@timestamp":"2025-09-17T16:01:33.199041149-03:00","@version":"1","message":"SubscriberServicePool - Start completed.","logger_name":"com.zaxxer.hikari.HikariDataSource","thread_name":"main","level":"INFO","level_value":20000,"service":"subscriber-service"}
{"@timestamp":"2025-09-17T16:01:33.266936213-03:00","@version":"1","message":"HHH90000025: PostgreSQLDialect does not need to be specified explicitly using 'hibernate.dialect' (remove the property setting and it will be selected by default)","logger_name":"org.hibernate.orm.deprecation","thread_name":"main","level":"WARN","level_value":30000,"service":"subscriber-service"}
{"@timestamp":"2025-09-17T16:01:34.082178471-03:00","@version":"1","message":"HHH000489: No JTA platform available (set 'hibernate.transaction.jta.platform' to enable JTA platform integration)","logger_name":"org.hibernate.engine.transaction.jta.platform.internal.JtaPlatformInitiator","thread_name":"main","level":"INFO","level_value":20000,"service":"subscriber-service"}
{"@timestamp":"2025-09-17T16:01:34.085146034-03:00","@version":"1","message":"Initialized JPA EntityManagerFactory for persistence unit 'default'","logger_name":"org.springframework.orm.jpa.LocalContainerEntityManagerFactoryBean","thread_name":"main","level":"INFO","level_value":20000,"service":"subscriber-service"}
{"@timestamp":"2025-09-17T16:01:34.529868503-03:00","@version":"1","message":"Hibernate is in classpath; If applicable, HQL parser will be used.","logger_name":"org.springframework.data.jpa.repository.query.QueryEnhancerFactory","thread_name":"main","level":"INFO","level_value":20000,"service":"subscriber-service"}
{"@timestamp":"2025-09-17T16:01:35.192012992-03:00","@version":"1","message":"Pub/Sub configuration initialized - using @PubsubListener for message consumption","logger_name":"com.example.observability.subscriber.config.PubSubConfig","thread_name":"main","level":"INFO","level_value":20000,"service":"subscriber-service"}
{"@timestamp":"2025-09-17T16:01:35.207900107-03:00","@version":"1","message":"Creating orders-subscription-channel for Pub/Sub integration","logger_name":"com.example.observability.subscriber.config.PubSubIntegrationConfig","thread_name":"main","level":"INFO","level_value":20000,"service":"subscriber-service"}
{"@timestamp":"2025-09-17T16:01:35.472761605-03:00","@version":"1","message":"No core credentials are set. Service-specific credentials (e.g., spring.cloud.gcp.pubsub.credentials.*) should be used if your app uses services that require credentials.","logger_name":"com.google.cloud.spring.core.DefaultCredentialsProvider","thread_name":"main","level":"WARN","level_value":30000,"stack_trace":"java.io.IOException: Your default credentials were not found. To set up Application Default Credentials for your environment, see https://cloud.google.com/docs/authentication/external/set-up-adc.\n\tat com.google.auth.oauth2.DefaultCredentialsProvider.getDefaultCredentials(DefaultCredentialsProvider.java:127)\n\tat com.google.auth.oauth2.GoogleCredentials.getApplicationDefault(GoogleCredentials.java:152)\n\tat com.google.auth.oauth2.GoogleCredentials.getApplicationDefault(GoogleCredentials.java:124)\n\tat com.google.api.gax.core.GoogleCredentialsProvider.getCredentials(GoogleCredentialsProvider.java:70)\n\tat com.google.cloud.spring.core.DefaultCredentialsProvider.<init>(DefaultCredentialsProvider.java:101)\n\tat com.google.cloud.spring.autoconfigure.core.GcpContextAutoConfiguration.googleCredentials(GcpContextAutoConfiguration.java:56)\n\tat java.base/jdk.internal.reflect.DirectMethodHandleAccessor.invoke(DirectMethodHandleAccessor.java:103)\n\tat java.base/java.lang.reflect.Method.invoke(Method.java:580)\n\tat org.springframework.beans.factory.support.SimpleInstantiationStrategy.instantiate(SimpleInstantiationStrategy.java:140)\n\tat org.springframework.beans.factory.support.ConstructorResolver.instantiate(ConstructorResolver.java:644)\n\tat org.springframework.beans.factory.support.ConstructorResolver.instantiateUsingFactoryMethod(ConstructorResolver.java:485)\n\tat org.springframework.beans.factory.support.AbstractAutowireCapableBeanFactory.instantiateUsingFactoryMethod(AbstractAutowireCapableBeanFactory.java:1335)\n\tat org.springframework.beans.factory.support.AbstractAutowireCapableBeanFactory.createBeanInstance(AbstractAutowireCapableBeanFactory.java:1165)\n\tat org.springframework.beans.factory.support.AbstractAutowireCapableBeanFactory.doCreateBean(AbstractAutowireCapableBeanFactory.java:562)\n\tat org.springframework.beans.factory.support.AbstractAutowireCapableBeanFactory.createBean(AbstractAutowireCapableBeanFactory.java:522)\n\tat org.springframework.beans.factory.support.AbstractBeanFactory.lambda$doGetBean$0(AbstractBeanFactory.java:326)\n\tat org.springframework.beans.factory.support.DefaultSingletonBeanRegistry.getSingleton(DefaultSingletonBeanRegistry.java:234)\n\tat org.springframework.beans.factory.support.AbstractBeanFactory.doGetBean(AbstractBeanFactory.java:324)\n\tat org.springframework.beans.factory.support.AbstractBeanFactory.getBean(AbstractBeanFactory.java:200)\n\tat org.springframework.beans.factory.config.DependencyDescriptor.resolveCandidate(DependencyDescriptor.java:254)\n\tat org.springframework.beans.factory.support.DefaultListableBeanFactory.doResolveDependency(DefaultListableBeanFactory.java:1443)\n\tat org.springframework.beans.factory.support.DefaultListableBeanFactory.resolveDependency(DefaultListableBeanFactory.java:1353)\n\tat org.springframework.beans.factory.support.ConstructorResolver.resolveAutowiredArgument(ConstructorResolver.java:904)\n\tat org.springframework.beans.factory.support.ConstructorResolver.createArgumentArray(ConstructorResolver.java:782)\n\tat org.springframework.beans.factory.support.ConstructorResolver.autowireConstructor(ConstructorResolver.java:237)\n\tat org.springframework.beans.factory.support.AbstractAutowireCapableBeanFactory.autowireConstructor(AbstractAutowireCapableBeanFactory.java:1355)\n\tat org.springframework.beans.factory.support.AbstractAutowireCapableBeanFactory.createBeanInstance(AbstractAutowireCapableBeanFactory.java:1192)\n\tat org.springframework.beans.factory.support.AbstractAutowireCapableBeanFactory.doCreateBean(AbstractAutowireCapableBeanFactory.java:562)\n\tat org.springframework.beans.factory.support.AbstractAutowireCapableBeanFactory.createBean(AbstractAutowireCapableBeanFactory.java:522)\n\tat org.springframework.beans.factory.support.AbstractBeanFactory.lambda$doGetBean$0(AbstractBeanFactory.java:326)\n\tat org.springframework.beans.factory.support.DefaultSingletonBeanRegistry.getSingleton(DefaultSingletonBeanRegistry.java:234)\n\tat org.springframework.beans.factory.support.AbstractBeanFactory.doGetBean(AbstractBeanFactory.java:324)\n\tat org.springframework.beans.factory.support.AbstractBeanFactory.getBean(AbstractBeanFactory.java:200)\n\tat org.springframework.beans.factory.support.ConstructorResolver.instantiateUsingFactoryMethod(ConstructorResolver.java:409)\n\tat org.springframework.beans.factory.support.AbstractAutowireCapableBeanFactory.instantiateUsingFactoryMethod(AbstractAutowireCapableBeanFactory.java:1335)\n\tat org.springframework.beans.factory.support.AbstractAutowireCapableBeanFactory.createBeanInstance(AbstractAutowireCapableBeanFactory.java:1165)\n\tat org.springframework.beans.factory.support.AbstractAutowireCapableBeanFactory.doCreateBean(AbstractAutowireCapableBeanFactory.java:562)\n\tat org.springframework.beans.factory.support.AbstractAutowireCapableBeanFactory.createBean(AbstractAutowireCapableBeanFactory.java:522)\n\tat org.springframework.beans.factory.support.AbstractBeanFactory.lambda$doGetBean$0(AbstractBeanFactory.java:326)\n\tat org.springframework.beans.factory.support.DefaultSingletonBeanRegistry.getSingleton(DefaultSingletonBeanRegistry.java:234)\n\tat org.springframework.beans.factory.support.AbstractBeanFactory.doGetBean(AbstractBeanFactory.java:324)\n\tat org.springframework.beans.factory.support.AbstractBeanFactory.getBean(AbstractBeanFactory.java:200)\n\tat org.springframework.beans.factory.config.DependencyDescriptor.resolveCandidate(DependencyDescriptor.java:254)\n\tat org.springframework.beans.factory.support.DefaultListableBeanFactory.doResolveDependency(DefaultListableBeanFactory.java:1443)\n\tat org.springframework.beans.factory.support.DefaultListableBeanFactory.resolveDependency(DefaultListableBeanFactory.java:1353)\n\tat org.springframework.beans.factory.support.ConstructorResolver.resolveAutowiredArgument(ConstructorResolver.java:904)\n\tat org.springframework.beans.factory.support.ConstructorResolver.createArgumentArray(ConstructorResolver.java:782)\n\tat org.springframework.beans.factory.support.ConstructorResolver.instantiateUsingFactoryMethod(ConstructorResolver.java:542)\n\tat org.springframework.beans.factory.support.AbstractAutowireCapableBeanFactory.instantiateUsingFactoryMethod(AbstractAutowireCapableBeanFactory.java:1335)\n\tat org.springframework.beans.factory.support.AbstractAutowireCapableBeanFactory.createBeanInstance(AbstractAutowireCapableBeanFactory.java:1165)\n\tat org.springframework.beans.factory.support.AbstractAutowireCapableBeanFactory.doCreateBean(AbstractAutowireCapableBeanFactory.java:562)\n\tat org.springframework.beans.factory.support.AbstractAutowireCapableBeanFactory.createBean(AbstractAutowireCapableBeanFactory.java:522)\n\tat org.springframework.beans.factory.support.AbstractBeanFactory.lambda$doGetBean$0(AbstractBeanFactory.java:326)\n\tat org.springframework.beans.factory.support.DefaultSingletonBeanRegistry.getSingleton(DefaultSingletonBeanRegistry.java:234)\n\tat org.springframework.beans.factory.support.AbstractBeanFactory.doGetBean(AbstractBeanFactory.java:324)\n\tat org.springframework.beans.factory.support.AbstractBeanFactory.getBean(AbstractBeanFactory.java:200)\n\tat org.springframework.beans.factory.support.DefaultListableBeanFactory.preInstantiateSingletons(DefaultListableBeanFactory.java:975)\n\tat org.springframework.context.support.AbstractApplicationContext.finishBeanFactoryInitialization(AbstractApplicationContext.java:962)\n\tat org.springframework.context.support.AbstractApplicationContext.refresh(AbstractApplicationContext.java:624)\n\tat org.springframework.boot.web.servlet.context.ServletWebServerApplicationContext.refresh(ServletWebServerApplicationContext.java:146)\n\tat org.springframework.boot.SpringApplication.refresh(SpringApplication.java:754)\n\tat org.springframework.boot.SpringApplication.refreshContext(SpringApplication.java:456)\n\tat org.springframework.boot.SpringApplication.run(SpringApplication.java:334)\n\tat org.springframework.boot.SpringApplication.run(SpringApplication.java:1354)\n\tat org.springframework.boot.SpringApplication.run(SpringApplication.java:1343)\n\tat com.example.observability.subscriber.SubscriberServiceApplication.main(SubscriberServiceApplication.java:25)\n\tat java.base/jdk.internal.reflect.DirectMethodHandleAccessor.invoke(DirectMethodHandleAccessor.java:103)\n\tat java.base/java.lang.reflect.Method.invoke(Method.java:580)\n\tat org.springframework.boot.loader.launch.Launcher.launch(Launcher.java:91)\n\tat org.springframework.boot.loader.launch.Launcher.launch(Launcher.java:53)\n\tat org.springframework.boot.loader.launch.JarLauncher.main(JarLauncher.java:58)\n","service":"subscriber-service"}
{"@timestamp":"2025-09-17T16:01:35.889647542-03:00","@version":"1","message":"Creating PubSubInboundChannelAdapter for orders-subscription","logger_name":"com.example.observability.subscriber.config.PubSubIntegrationConfig","thread_name":"main","level":"INFO","level_value":20000,"service":"subscriber-service"}
{"@timestamp":"2025-09-17T16:01:35.895347879-03:00","@version":"1","message":"PubSubInboundChannelAdapter configured successfully","logger_name":"com.example.observability.subscriber.config.PubSubIntegrationConfig","thread_name":"main","level":"INFO","level_value":20000,"service":"subscriber-service"}
{"@timestamp":"2025-09-17T16:01:35.972353737-03:00","@version":"1","message":"spring.jpa.open-in-view is enabled by default. Therefore, database queries may be performed during view rendering. Explicitly configure spring.jpa.open-in-view to disable this warning","logger_name":"org.springframework.boot.autoconfigure.orm.jpa.JpaBaseConfiguration$JpaWebConfiguration","thread_name":"main","level":"WARN","level_value":30000,"service":"subscriber-service"}
{"@timestamp":"2025-09-17T16:01:37.09118866-03:00","@version":"1","message":"Exposing 10 endpoint(s) beneath base path '/actuator'","logger_name":"org.springframework.boot.actuate.endpoint.web.EndpointLinksResolver","thread_name":"main","level":"INFO","level_value":20000,"service":"subscriber-service"}
{"@timestamp":"2025-09-17T16:01:37.265270507-03:00","@version":"1","message":"Adding {logging-channel-adapter:_org.springframework.integration.errorLogger} as a subscriber to the 'errorChannel' channel","logger_name":"org.springframework.integration.endpoint.EventDrivenConsumer","thread_name":"main","level":"INFO","level_value":20000,"service":"subscriber-service"}
{"@timestamp":"2025-09-17T16:01:37.26580415-03:00","@version":"1","message":"Channel 'subscriber-service.errorChannel' has 1 subscriber(s).","logger_name":"org.springframework.integration.channel.PublishSubscribeChannel","thread_name":"main","level":"INFO","level_value":20000,"service":"subscriber-service"}
{"@timestamp":"2025-09-17T16:01:37.26634399-03:00","@version":"1","message":"started bean '_org.springframework.integration.errorLogger'","logger_name":"org.springframework.integration.endpoint.EventDrivenConsumer","thread_name":"main","level":"INFO","level_value":20000,"service":"subscriber-service"}
{"@timestamp":"2025-09-17T16:01:37.266827082-03:00","@version":"1","message":"Adding {service-activator:orderEventListener.receiveOrderEvent.serviceActivator} as a subscriber to the 'ordersSubscriptionChannel' channel","logger_name":"org.springframework.integration.endpoint.EventDrivenConsumer","thread_name":"main","level":"INFO","level_value":20000,"service":"subscriber-service"}
{"@timestamp":"2025-09-17T16:01:37.26709409-03:00","@version":"1","message":"Channel 'subscriber-service.ordersSubscriptionChannel' has 1 subscriber(s).","logger_name":"org.springframework.integration.channel.DirectChannel","thread_name":"main","level":"INFO","level_value":20000,"service":"subscriber-service"}
{"@timestamp":"2025-09-17T16:01:37.26744074-03:00","@version":"1","message":"started bean 'orderEventListener.receiveOrderEvent.serviceActivator'","logger_name":"org.springframework.integration.endpoint.EventDrivenConsumer","thread_name":"main","level":"INFO","level_value":20000,"service":"subscriber-service"}
{"@timestamp":"2025-09-17T16:01:37.302382329-03:00","@version":"1","message":"Tomcat started on port 8081 (http) with context path ''","logger_name":"org.springframework.boot.web.embedded.tomcat.TomcatWebServer","thread_name":"main","level":"INFO","level_value":20000,"service":"subscriber-service"}
{"@timestamp":"2025-09-17T16:01:37.31900061-03:00","@version":"1","message":"Started SubscriberServiceApplication in 9.91 seconds (process running for 13.27)","logger_name":"com.example.observability.subscriber.SubscriberServiceApplication","thread_name":"main","level":"INFO","level_value":20000,"service":"subscriber-service"}
{"@timestamp":"2025-09-17T16:01:40.267285122-03:00","@version":"1","message":"Initializing Spring DispatcherServlet 'dispatcherServlet'","logger_name":"org.apache.catalina.core.ContainerBase.[Tomcat].[localhost].[/]","thread_name":"tomcat-handler-0","level":"INFO","level_value":20000,"trace_id":"fd071e3373c3af4fcf9957a4543483d0","trace_flags":"01","span_id":"b430faae0c031a57","service":"subscriber-service"}
{"@timestamp":"2025-09-17T16:01:40.267870075-03:00","@version":"1","message":"Initializing Servlet 'dispatcherServlet'","logger_name":"org.springframework.web.servlet.DispatcherServlet","thread_name":"tomcat-handler-0","level":"INFO","level_value":20000,"trace_id":"fd071e3373c3af4fcf9957a4543483d0","trace_flags":"01","span_id":"b430faae0c031a57","service":"subscriber-service"}
{"@timestamp":"2025-09-17T16:01:40.269225595-03:00","@version":"1","message":"Completed initialization in 1 ms","logger_name":"org.springframework.web.servlet.DispatcherServlet","thread_name":"tomcat-handler-0","level":"INFO","level_value":20000,"trace_id":"fd071e3373c3af4fcf9957a4543483d0","trace_flags":"01","span_id":"b430faae0c031a57","service":"subscriber-service"}
{"@timestamp":"2025-09-17T16:10:28.658338325-03:00","@version":"1","message":"Received order event message: size=348 bytes, headers=[spanId, traceId, orderId, traceparent, customerId, eventType, source, id, gcp_pubsub_original_message, timestamp]","logger_name":"com.example.observability.subscriber.listener.OrderEventListener","thread_name":"global-gcp-pubsub-subscriber1","level":"INFO","level_value":20000,"traceId":"f9a6e5b3bbfc2a8f9d4451bee264b711","spanId":"1783bd6a56132485","trace_id":"f9a6e5b3bbfc2a8f9d4451bee264b711","trace_flags":"01","span_id":"4005a2b6b80cc14a","service":"subscriber-service"}
{"@timestamp":"2025-09-17T16:10:28.736252033-03:00","@version":"1","message":"Processing order event: orderId=ff497351-9447-43d0-adbd-eb412a6b9662, eventType=ORDER_CREATED, customerId=customer-001","logger_name":"com.example.observability.subscriber.listener.OrderEventListener","thread_name":"global-gcp-pubsub-subscriber1","level":"INFO","level_value":20000,"traceId":"f9a6e5b3bbfc2a8f9d4451bee264b711","spanId":"1783bd6a56132485","trace_id":"f9a6e5b3bbfc2a8f9d4451bee264b711","trace_flags":"01","orderId":"ff497351-9447-43d0-adbd-eb412a6b9662","span_id":"4005a2b6b80cc14a","customerId":"customer-001","eventType":"ORDER_CREATED","service":"subscriber-service"}
{"@timestamp":"2025-09-17T16:10:28.751625145-03:00","@version":"1","message":"Processing order event: orderId=ff497351-9447-43d0-adbd-eb412a6b9662, eventType=ORDER_CREATED, customerId=customer-001","logger_name":"com.example.observability.subscriber.service.OrderProcessingService","thread_name":"global-gcp-pubsub-subscriber1","level":"INFO","level_value":20000,"traceId":"f9a6e5b3bbfc2a8f9d4451bee264b711","spanId":"4005a2b6b80cc14a","trace_id":"f9a6e5b3bbfc2a8f9d4451bee264b711","trace_flags":"01","orderId":"ff497351-9447-43d0-adbd-eb412a6b9662","span_id":"4005a2b6b80cc14a","customerId":"customer-001","eventType":"ORDER_CREATED","service":"subscriber-service"}
{"@timestamp":"2025-09-17T16:10:29.185489323-03:00","@version":"1","message":"Order processed successfully: orderId=ff497351-9447-43d0-adbd-eb412a6b9662, newStatus=PROCESSED","logger_name":"com.example.observability.subscriber.service.OrderProcessingService","thread_name":"global-gcp-pubsub-subscriber1","level":"INFO","level_value":20000,"traceId":"f9a6e5b3bbfc2a8f9d4451bee264b711","spanId":"4005a2b6b80cc14a","trace_id":"f9a6e5b3bbfc2a8f9d4451bee264b711","trace_flags":"01","orderId":"ff497351-9447-43d0-adbd-eb412a6b9662","span_id":"4005a2b6b80cc14a","customerId":"customer-001","eventType":"ORDER_CREATED","service":"subscriber-service"}
{"@timestamp":"2025-09-17T16:10:29.191634132-03:00","@version":"1","message":"Order event processed successfully: orderId=ff497351-9447-43d0-adbd-eb412a6b9662","logger_name":"com.example.observability.subscriber.listener.OrderEventListener","thread_name":"global-gcp-pubsub-subscriber1","level":"INFO","level_value":20000,"traceId":"f9a6e5b3bbfc2a8f9d4451bee264b711","spanId":"4005a2b6b80cc14a","trace_id":"f9a6e5b3bbfc2a8f9d4451bee264b711","trace_flags":"01","orderId":"ff497351-9447-43d0-adbd-eb412a6b9662","span_id":"4005a2b6b80cc14a","customerId":"customer-001","eventType":"ORDER_CREATED","service":"subscriber-service"}
{"@timestamp":"2025-09-17T16:10:29.194263601-03:00","@version":"1","message":"Message processed and acknowledged successfully","logger_name":"com.example.observability.subscriber.listener.OrderEventListener","thread_name":"global-gcp-pubsub-subscriber1","level":"INFO","level_value":20000,"trace_id":"f9a6e5b3bbfc2a8f9d4451bee264b711","trace_flags":"01","span_id":"4005a2b6b80cc14a","service":"subscriber-service"}
{"@timestamp":"2025-09-17T16:11:24.224124368-03:00","@version":"1","message":"Received order event message: size=348 bytes, headers=[spanId, traceId, orderId, traceparent, customerId, eventType, source, id, gcp_pubsub_original_message, timestamp]","logger_name":"com.example.observability.subscriber.listener.OrderEventListener","thread_name":"global-gcp-pubsub-subscriber1","level":"INFO","level_value":20000,"traceId":"be78bd8c8fe854a9ac17c60004e2e22e","spanId":"9e4fcf611a9483f8","trace_id":"be78bd8c8fe854a9ac17c60004e2e22e","trace_flags":"01","span_id":"2d7cbcc8abbe9fad","service":"subscriber-service"}
{"@timestamp":"2025-09-17T16:11:24.22530849-03:00","@version":"1","message":"Processing order event: orderId=fefa942b-d886-42e4-8a1c-a4d9df786020, eventType=ORDER_CREATED, customerId=customer-001","logger_name":"com.example.observability.subscriber.listener.OrderEventListener","thread_name":"global-gcp-pubsub-subscriber1","level":"INFO","level_value":20000,"traceId":"be78bd8c8fe854a9ac17c60004e2e22e","spanId":"9e4fcf611a9483f8","trace_id":"be78bd8c8fe854a9ac17c60004e2e22e","trace_flags":"01","orderId":"fefa942b-d886-42e4-8a1c-a4d9df786020","span_id":"2d7cbcc8abbe9fad","customerId":"customer-001","eventType":"ORDER_CREATED","service":"subscriber-service"}
{"@timestamp":"2025-09-17T16:11:24.22631508-03:00","@version":"1","message":"Processing order event: orderId=fefa942b-d886-42e4-8a1c-a4d9df786020, eventType=ORDER_CREATED, customerId=customer-001","logger_name":"com.example.observability.subscriber.service.OrderProcessingService","thread_name":"global-gcp-pubsub-subscriber1","level":"INFO","level_value":20000,"traceId":"be78bd8c8fe854a9ac17c60004e2e22e","spanId":"2d7cbcc8abbe9fad","trace_id":"be78bd8c8fe854a9ac17c60004e2e22e","trace_flags":"01","orderId":"fefa942b-d886-42e4-8a1c-a4d9df786020","span_id":"2d7cbcc8abbe9fad","customerId":"customer-001","eventType":"ORDER_CREATED","service":"subscriber-service"}
{"@timestamp":"2025-09-17T16:11:24.66054326-03:00","@version":"1","message":"Order processed successfully: orderId=fefa942b-d886-42e4-8a1c-a4d9df786020, newStatus=PROCESSED","logger_name":"com.example.observability.subscriber.service.OrderProcessingService","thread_name":"global-gcp-pubsub-subscriber1","level":"INFO","level_value":20000,"traceId":"be78bd8c8fe854a9ac17c60004e2e22e","spanId":"2d7cbcc8abbe9fad","trace_id":"be78bd8c8fe854a9ac17c60004e2e22e","trace_flags":"01","orderId":"fefa942b-d886-42e4-8a1c-a4d9df786020","span_id":"2d7cbcc8abbe9fad","customerId":"customer-001","eventType":"ORDER_CREATED","service":"subscriber-service"}
{"@timestamp":"2025-09-17T16:11:24.662912522-03:00","@version":"1","message":"Order event processed successfully: orderId=fefa942b-d886-42e4-8a1c-a4d9df786020","logger_name":"com.example.observability.subscriber.listener.OrderEventListener","thread_name":"global-gcp-pubsub-subscriber1","level":"INFO","level_value":20000,"traceId":"be78bd8c8fe854a9ac17c60004e2e22e","spanId":"2d7cbcc8abbe9fad","trace_id":"be78bd8c8fe854a9ac17c60004e2e22e","trace_flags":"01","orderId":"fefa942b-d886-42e4-8a1c-a4d9df786020","span_id":"2d7cbcc8abbe9fad","customerId":"customer-001","eventType":"ORDER_CREATED","service":"subscriber-service"}
{"@timestamp":"2025-09-17T16:11:24.663419842-03:00","@version":"1","message":"Message processed and acknowledged successfully","logger_name":"com.example.observability.subscriber.listener.OrderEventListener","thread_name":"global-gcp-pubsub-subscriber1","level":"INFO","level_value":20000,"trace_id":"be78bd8c8fe854a9ac17c60004e2e22e","trace_flags":"01","span_id":"2d7cbcc8abbe9fad","service":"subscriber-service"}
{"@timestamp":"2025-09-17T16:11:24.822900652-03:00","@version":"1","message":"Received order event message: size=348 bytes, headers=[spanId, traceId, orderId, traceparent, customerId, eventType, source, id, gcp_pubsub_original_message, timestamp]","logger_name":"com.example.observability.subscriber.listener.OrderEventListener","thread_name":"global-gcp-pubsub-subscriber2","level":"INFO","level_value":20000,"traceId":"666e009bdccbded05121b56e5a1939e0","spanId":"eb3084d559b3e61e","trace_id":"666e009bdccbded05121b56e5a1939e0","trace_flags":"01","span_id":"5c3c2b2dfe5f0ca8","service":"subscriber-service"}
{"@timestamp":"2025-09-17T16:11:24.823448561-03:00","@version":"1","message":"Processing order event: orderId=5655aa71-3fb6-4ad3-bf92-4e3bfd2397d4, eventType=ORDER_CREATED, customerId=customer-001","logger_name":"com.example.observability.subscriber.listener.OrderEventListener","thread_name":"global-gcp-pubsub-subscriber2","level":"INFO","level_value":20000,"traceId":"666e009bdccbded05121b56e5a1939e0","spanId":"eb3084d559b3e61e","trace_id":"666e009bdccbded05121b56e5a1939e0","trace_flags":"01","orderId":"5655aa71-3fb6-4ad3-bf92-4e3bfd2397d4","span_id":"5c3c2b2dfe5f0ca8","customerId":"customer-001","eventType":"ORDER_CREATED","service":"subscriber-service"}
{"@timestamp":"2025-09-17T16:11:24.824120715-03:00","@version":"1","message":"Processing order event: orderId=5655aa71-3fb6-4ad3-bf92-4e3bfd2397d4, eventType=ORDER_CREATED, customerId=customer-001","logger_name":"com.example.observability.subscriber.service.OrderProcessingService","thread_name":"global-gcp-pubsub-subscriber2","level":"INFO","level_value":20000,"traceId":"666e009bdccbded05121b56e5a1939e0","spanId":"5c3c2b2dfe5f0ca8","trace_id":"666e009bdccbded05121b56e5a1939e0","trace_flags":"01","orderId":"5655aa71-3fb6-4ad3-bf92-4e3bfd2397d4","span_id":"5c3c2b2dfe5f0ca8","customerId":"customer-001","eventType":"ORDER_CREATED","service":"subscriber-service"}
{"@timestamp":"2025-09-17T16:11:25.044388694-03:00","@version":"1","message":"Order processed successfully: orderId=5655aa71-3fb6-4ad3-bf92-4e3bfd2397d4, newStatus=PROCESSED","logger_name":"com.example.observability.subscriber.service.OrderProcessingService","thread_name":"global-gcp-pubsub-subscriber2","level":"INFO","level_value":20000,"traceId":"666e009bdccbded05121b56e5a1939e0","spanId":"5c3c2b2dfe5f0ca8","trace_id":"666e009bdccbded05121b56e5a1939e0","trace_flags":"01","orderId":"5655aa71-3fb6-4ad3-bf92-4e3bfd2397d4","span_id":"5c3c2b2dfe5f0ca8","customerId":"customer-001","eventType":"ORDER_CREATED","service":"subscriber-service"}
{"@timestamp":"2025-09-17T16:11:25.046368472-03:00","@version":"1","message":"Order event processed successfully: orderId=5655aa71-3fb6-4ad3-bf92-4e3bfd2397d4","logger_name":"com.example.observability.subscriber.listener.OrderEventListener","thread_name":"global-gcp-pubsub-subscriber2","level":"INFO","level_value":20000,"traceId":"666e009bdccbded05121b56e5a1939e0","spanId":"5c3c2b2dfe5f0ca8","trace_id":"666e009bdccbded05121b56e5a1939e0","trace_flags":"01","orderId":"5655aa71-3fb6-4ad3-bf92-4e3bfd2397d4","span_id":"5c3c2b2dfe5f0ca8","customerId":"customer-001","eventType":"ORDER_CREATED","service":"subscriber-service"}
{"@timestamp":"2025-09-17T16:11:25.046697204-03:00","@version":"1","message":"Message processed and acknowledged successfully","logger_name":"com.example.observability.subscriber.listener.OrderEventListener","thread_name":"global-gcp-pubsub-subscriber2","level":"INFO","level_value":20000,"trace_id":"666e009bdccbded05121b56e5a1939e0","trace_flags":"01","span_id":"5c3c2b2dfe5f0ca8","service":"subscriber-service"}
{"@timestamp":"2025-09-17T16:14:55.018725806-03:00","@version":"1","message":"Removing {logging-channel-adapter:_org.springframework.integration.errorLogger} as a subscriber to the 'errorChannel' channel","logger_name":"org.springframework.integration.endpoint.EventDrivenConsumer","thread_name":"SpringApplicationShutdownHook","level":"INFO","level_value":20000,"service":"subscriber-service"}
{"@timestamp":"2025-09-17T16:14:55.019556159-03:00","@version":"1","message":"Channel 'subscriber-service.errorChannel' has 0 subscriber(s).","logger_name":"org.springframework.integration.channel.PublishSubscribeChannel","thread_name":"SpringApplicationShutdownHook","level":"INFO","level_value":20000,"service":"subscriber-service"}
{"@timestamp":"2025-09-17T16:14:55.019856315-03:00","@version":"1","message":"stopped bean '_org.springframework.integration.errorLogger'","logger_name":"org.springframework.integration.endpoint.EventDrivenConsumer","thread_name":"SpringApplicationShutdownHook","level":"INFO","level_value":20000,"service":"subscriber-service"}
{"@timestamp":"2025-09-17T16:14:55.02014723-03:00","@version":"1","message":"Removing {service-activator:orderEventListener.receiveOrderEvent.serviceActivator} as a subscriber to the 'ordersSubscriptionChannel' channel","logger_name":"org.springframework.integration.endpoint.EventDrivenConsumer","thread_name":"SpringApplicationShutdownHook","level":"INFO","level_value":20000,"service":"subscriber-service"}
{"@timestamp":"2025-09-17T16:14:55.020308675-03:00","@version":"1","message":"Channel 'subscriber-service.ordersSubscriptionChannel' has 0 subscriber(s).","logger_name":"org.springframework.integration.channel.DirectChannel","thread_name":"SpringApplicationShutdownHook","level":"INFO","level_value":20000,"service":"subscriber-service"}
{"@timestamp":"2025-09-17T16:14:55.020469552-03:00","@version":"1","message":"stopped bean 'orderEventListener.receiveOrderEvent.serviceActivator'","logger_name":"org.springframework.integration.endpoint.EventDrivenConsumer","thread_name":"SpringApplicationShutdownHook","level":"INFO","level_value":20000,"service":"subscriber-service"}
{"@timestamp":"2025-09-17T16:14:55.050856473-03:00","@version":"1","message":"Closing JPA EntityManagerFactory for persistence unit 'default'","logger_name":"org.springframework.orm.jpa.LocalContainerEntityManagerFactoryBean","thread_name":"SpringApplicationShutdownHook","level":"INFO","level_value":20000,"service":"subscriber-service"}
{"@timestamp":"2025-09-17T16:14:55.054086611-03:00","@version":"1","message":"SubscriberServicePool - Shutdown initiated...","logger_name":"com.zaxxer.hikari.HikariDataSource","thread_name":"SpringApplicationShutdownHook","level":"INFO","level_value":20000,"service":"subscriber-service"}
{"@timestamp":"2025-09-17T16:14:55.059001887-03:00","@version":"1","message":"SubscriberServicePool - Shutdown completed.","logger_name":"com.zaxxer.hikari.HikariDataSource","thread_name":"SpringApplicationShutdownHook","level":"INFO","level_value":20000,"service":"subscriber-service"}
{"@timestamp":"2025-09-17T16:15:11.37020092-03:00","@version":"1","message":"Starting SubscriberServiceApplication using Java 21.0.8 with PID 2119752 (/home/allan/source/observability/subscriber-service/target/subscriber-service-1.0.0-SNAPSHOT.jar started by allan in /home/allan/source/observability/subscriber-service)","logger_name":"com.example.observability.subscriber.SubscriberServiceApplication","thread_name":"main","level":"INFO","level_value":20000,"service":"subscriber-service"}
{"@timestamp":"2025-09-17T16:15:11.454494305-03:00","@version":"1","message":"The following 1 profile is active: \"local\"","logger_name":"com.example.observability.subscriber.SubscriberServiceApplication","thread_name":"main","level":"INFO","level_value":20000,"service":"subscriber-service"}
{"@timestamp":"2025-09-17T16:15:13.227384428-03:00","@version":"1","message":"Bootstrapping Spring Data JPA repositories in DEFAULT mode.","logger_name":"org.springframework.data.repository.config.RepositoryConfigurationDelegate","thread_name":"main","level":"INFO","level_value":20000,"service":"subscriber-service"}
{"@timestamp":"2025-09-17T16:15:13.438205152-03:00","@version":"1","message":"Finished Spring Data repository scanning in 202 ms. Found 1 JPA repository interface.","logger_name":"org.springframework.data.repository.config.RepositoryConfigurationDelegate","thread_name":"main","level":"INFO","level_value":20000,"service":"subscriber-service"}
{"@timestamp":"2025-09-17T16:15:13.534003158-03:00","@version":"1","message":"No bean named 'errorChannel' has been explicitly defined. Therefore, a default PublishSubscribeChannel will be created.","logger_name":"org.springframework.integration.config.DefaultConfiguringBeanFactoryPostProcessor","thread_name":"main","level":"INFO","level_value":20000,"service":"subscriber-service"}
{"@timestamp":"2025-09-17T16:15:13.550532889-03:00","@version":"1","message":"No bean named 'integrationHeaderChannelRegistry' has been explicitly defined. Therefore, a default DefaultHeaderChannelRegistry will be created.","logger_name":"org.springframework.integration.config.DefaultConfiguringBeanFactoryPostProcessor","thread_name":"main","level":"INFO","level_value":20000,"service":"subscriber-service"}
{"@timestamp":"2025-09-17T16:15:14.684316418-03:00","@version":"1","message":"Tomcat initialized with port 8081 (http)","logger_name":"org.springframework.boot.web.embedded.tomcat.TomcatWebServer","thread_name":"main","level":"INFO","level_value":20000,"service":"subscriber-service"}
{"@timestamp":"2025-09-17T16:15:14.732722985-03:00","@version":"1","message":"Starting service [Tomcat]","logger_name":"org.apache.catalina.core.StandardService","thread_name":"main","level":"INFO","level_value":20000,"service":"subscriber-service"}
{"@timestamp":"2025-09-17T16:15:14.733757391-03:00","@version":"1","message":"Starting Servlet engine: [Apache Tomcat/10.1.19]","logger_name":"org.apache.catalina.core.StandardEngine","thread_name":"main","level":"INFO","level_value":20000,"service":"subscriber-service"}
{"@timestamp":"2025-09-17T16:15:14.788469002-03:00","@version":"1","message":"Initializing Spring embedded WebApplicationContext","logger_name":"org.apache.catalina.core.ContainerBase.[Tomcat].[localhost].[/]","thread_name":"main","level":"INFO","level_value":20000,"service":"subscriber-service"}
{"@timestamp":"2025-09-17T16:15:14.789070492-03:00","@version":"1","message":"Root WebApplicationContext: initialization completed in 3195 ms","logger_name":"org.springframework.boot.web.servlet.context.ServletWebServerApplicationContext","thread_name":"main","level":"INFO","level_value":20000,"service":"subscriber-service"}
{"@timestamp":"2025-09-17T16:15:15.746142428-03:00","@version":"1","message":"HHH000204: Processing PersistenceUnitInfo [name: default]","logger_name":"org.hibernate.jpa.internal.util.LogHelper","thread_name":"main","level":"INFO","level_value":20000,"service":"subscriber-service"}
{"@timestamp":"2025-09-17T16:15:15.836154991-03:00","@version":"1","message":"HHH000412: Hibernate ORM core version 6.4.4.Final","logger_name":"org.hibernate.Version","thread_name":"main","level":"INFO","level_value":20000,"service":"subscriber-service"}
{"@timestamp":"2025-09-17T16:15:15.886773819-03:00","@version":"1","message":"HHH000026: Second-level cache disabled","logger_name":"org.hibernate.cache.internal.RegionFactoryInitiator","thread_name":"main","level":"INFO","level_value":20000,"service":"subscriber-service"}
{"@timestamp":"2025-09-17T16:15:16.092555681-03:00","@version":"1","message":"No LoadTimeWeaver setup: ignoring JPA class transformer","logger_name":"org.springframework.orm.jpa.persistenceunit.SpringPersistenceUnitInfo","thread_name":"main","level":"INFO","level_value":20000,"service":"subscriber-service"}
{"@timestamp":"2025-09-17T16:15:16.117452064-03:00","@version":"1","message":"SubscriberServicePool - Starting...","logger_name":"com.zaxxer.hikari.HikariDataSource","thread_name":"main","level":"INFO","level_value":20000,"service":"subscriber-service"}
{"@timestamp":"2025-09-17T16:15:16.394644381-03:00","@version":"1","message":"SubscriberServicePool - Added connection org.postgresql.jdbc.PgConnection@6616b9e0","logger_name":"com.zaxxer.hikari.pool.HikariPool","thread_name":"main","level":"INFO","level_value":20000,"service":"subscriber-service"}
{"@timestamp":"2025-09-17T16:15:16.405124049-03:00","@version":"1","message":"SubscriberServicePool - Start completed.","logger_name":"com.zaxxer.hikari.HikariDataSource","thread_name":"main","level":"INFO","level_value":20000,"service":"subscriber-service"}
{"@timestamp":"2025-09-17T16:15:16.478603089-03:00","@version":"1","message":"HHH90000025: PostgreSQLDialect does not need to be specified explicitly using 'hibernate.dialect' (remove the property setting and it will be selected by default)","logger_name":"org.hibernate.orm.deprecation","thread_name":"main","level":"WARN","level_value":30000,"service":"subscriber-service"}
{"@timestamp":"2025-09-17T16:15:17.410734333-03:00","@version":"1","message":"HHH000489: No JTA platform available (set 'hibernate.transaction.jta.platform' to enable JTA platform integration)","logger_name":"org.hibernate.engine.transaction.jta.platform.internal.JtaPlatformInitiator","thread_name":"main","level":"INFO","level_value":20000,"service":"subscriber-service"}
{"@timestamp":"2025-09-17T16:15:17.414482603-03:00","@version":"1","message":"Initialized JPA EntityManagerFactory for persistence unit 'default'","logger_name":"org.springframework.orm.jpa.LocalContainerEntityManagerFactoryBean","thread_name":"main","level":"INFO","level_value":20000,"service":"subscriber-service"}
{"@timestamp":"2025-09-17T16:15:17.900013538-03:00","@version":"1","message":"Hibernate is in classpath; If applicable, HQL parser will be used.","logger_name":"org.springframework.data.jpa.repository.query.QueryEnhancerFactory","thread_name":"main","level":"INFO","level_value":20000,"service":"subscriber-service"}
{"@timestamp":"2025-09-17T16:15:18.544158491-03:00","@version":"1","message":"Pub/Sub configuration initialized - using @PubsubListener for message consumption","logger_name":"com.example.observability.subscriber.config.PubSubConfig","thread_name":"main","level":"INFO","level_value":20000,"service":"subscriber-service"}
{"@timestamp":"2025-09-17T16:15:18.560194239-03:00","@version":"1","message":"Creating orders-subscription-channel for Pub/Sub integration","logger_name":"com.example.observability.subscriber.config.PubSubIntegrationConfig","thread_name":"main","level":"INFO","level_value":20000,"service":"subscriber-service"}
{"@timestamp":"2025-09-17T16:15:18.818864711-03:00","@version":"1","message":"No core credentials are set. Service-specific credentials (e.g., spring.cloud.gcp.pubsub.credentials.*) should be used if your app uses services that require credentials.","logger_name":"com.google.cloud.spring.core.DefaultCredentialsProvider","thread_name":"main","level":"WARN","level_value":30000,"stack_trace":"java.io.IOException: Your default credentials were not found. To set up Application Default Credentials for your environment, see https://cloud.google.com/docs/authentication/external/set-up-adc.\n\tat com.google.auth.oauth2.DefaultCredentialsProvider.getDefaultCredentials(DefaultCredentialsProvider.java:127)\n\tat com.google.auth.oauth2.GoogleCredentials.getApplicationDefault(GoogleCredentials.java:152)\n\tat com.google.auth.oauth2.GoogleCredentials.getApplicationDefault(GoogleCredentials.java:124)\n\tat com.google.api.gax.core.GoogleCredentialsProvider.getCredentials(GoogleCredentialsProvider.java:70)\n\tat com.google.cloud.spring.core.DefaultCredentialsProvider.<init>(DefaultCredentialsProvider.java:101)\n\tat com.google.cloud.spring.autoconfigure.core.GcpContextAutoConfiguration.googleCredentials(GcpContextAutoConfiguration.java:56)\n\tat java.base/jdk.internal.reflect.DirectMethodHandleAccessor.invoke(DirectMethodHandleAccessor.java:103)\n\tat java.base/java.lang.reflect.Method.invoke(Method.java:580)\n\tat org.springframework.beans.factory.support.SimpleInstantiationStrategy.instantiate(SimpleInstantiationStrategy.java:140)\n\tat org.springframework.beans.factory.support.ConstructorResolver.instantiate(ConstructorResolver.java:644)\n\tat org.springframework.beans.factory.support.ConstructorResolver.instantiateUsingFactoryMethod(ConstructorResolver.java:485)\n\tat org.springframework.beans.factory.support.AbstractAutowireCapableBeanFactory.instantiateUsingFactoryMethod(AbstractAutowireCapableBeanFactory.java:1335)\n\tat org.springframework.beans.factory.support.AbstractAutowireCapableBeanFactory.createBeanInstance(AbstractAutowireCapableBeanFactory.java:1165)\n\tat org.springframework.beans.factory.support.AbstractAutowireCapableBeanFactory.doCreateBean(AbstractAutowireCapableBeanFactory.java:562)\n\tat org.springframework.beans.factory.support.AbstractAutowireCapableBeanFactory.createBean(AbstractAutowireCapableBeanFactory.java:522)\n\tat org.springframework.beans.factory.support.AbstractBeanFactory.lambda$doGetBean$0(AbstractBeanFactory.java:326)\n\tat org.springframework.beans.factory.support.DefaultSingletonBeanRegistry.getSingleton(DefaultSingletonBeanRegistry.java:234)\n\tat org.springframework.beans.factory.support.AbstractBeanFactory.doGetBean(AbstractBeanFactory.java:324)\n\tat org.springframework.beans.factory.support.AbstractBeanFactory.getBean(AbstractBeanFactory.java:200)\n\tat org.springframework.beans.factory.config.DependencyDescriptor.resolveCandidate(DependencyDescriptor.java:254)\n\tat org.springframework.beans.factory.support.DefaultListableBeanFactory.doResolveDependency(DefaultListableBeanFactory.java:1443)\n\tat org.springframework.beans.factory.support.DefaultListableBeanFactory.resolveDependency(DefaultListableBeanFactory.java:1353)\n\tat org.springframework.beans.factory.support.ConstructorResolver.resolveAutowiredArgument(ConstructorResolver.java:904)\n\tat org.springframework.beans.factory.support.ConstructorResolver.createArgumentArray(ConstructorResolver.java:782)\n\tat org.springframework.beans.factory.support.ConstructorResolver.autowireConstructor(ConstructorResolver.java:237)\n\tat org.springframework.beans.factory.support.AbstractAutowireCapableBeanFactory.autowireConstructor(AbstractAutowireCapableBeanFactory.java:1355)\n\tat org.springframework.beans.factory.support.AbstractAutowireCapableBeanFactory.createBeanInstance(AbstractAutowireCapableBeanFactory.java:1192)\n\tat org.springframework.beans.factory.support.AbstractAutowireCapableBeanFactory.doCreateBean(AbstractAutowireCapableBeanFactory.java:562)\n\tat org.springframework.beans.factory.support.AbstractAutowireCapableBeanFactory.createBean(AbstractAutowireCapableBeanFactory.java:522)\n\tat org.springframework.beans.factory.support.AbstractBeanFactory.lambda$doGetBean$0(AbstractBeanFactory.java:326)\n\tat org.springframework.beans.factory.support.DefaultSingletonBeanRegistry.getSingleton(DefaultSingletonBeanRegistry.java:234)\n\tat org.springframework.beans.factory.support.AbstractBeanFactory.doGetBean(AbstractBeanFactory.java:324)\n\tat org.springframework.beans.factory.support.AbstractBeanFactory.getBean(AbstractBeanFactory.java:200)\n\tat org.springframework.beans.factory.support.ConstructorResolver.instantiateUsingFactoryMethod(ConstructorResolver.java:409)\n\tat org.springframework.beans.factory.support.AbstractAutowireCapableBeanFactory.instantiateUsingFactoryMethod(AbstractAutowireCapableBeanFactory.java:1335)\n\tat org.springframework.beans.factory.support.AbstractAutowireCapableBeanFactory.createBeanInstance(AbstractAutowireCapableBeanFactory.java:1165)\n\tat org.springframework.beans.factory.support.AbstractAutowireCapableBeanFactory.doCreateBean(AbstractAutowireCapableBeanFactory.java:562)\n\tat org.springframework.beans.factory.support.AbstractAutowireCapableBeanFactory.createBean(AbstractAutowireCapableBeanFactory.java:522)\n\tat org.springframework.beans.factory.support.AbstractBeanFactory.lambda$doGetBean$0(AbstractBeanFactory.java:326)\n\tat org.springframework.beans.factory.support.DefaultSingletonBeanRegistry.getSingleton(DefaultSingletonBeanRegistry.java:234)\n\tat org.springframework.beans.factory.support.AbstractBeanFactory.doGetBean(AbstractBeanFactory.java:324)\n\tat org.springframework.beans.factory.support.AbstractBeanFactory.getBean(AbstractBeanFactory.java:200)\n\tat org.springframework.beans.factory.config.DependencyDescriptor.resolveCandidate(DependencyDescriptor.java:254)\n\tat org.springframework.beans.factory.support.DefaultListableBeanFactory.doResolveDependency(DefaultListableBeanFactory.java:1443)\n\tat org.springframework.beans.factory.support.DefaultListableBeanFactory.resolveDependency(DefaultListableBeanFactory.java:1353)\n\tat org.springframework.beans.factory.support.ConstructorResolver.resolveAutowiredArgument(ConstructorResolver.java:904)\n\tat org.springframework.beans.factory.support.ConstructorResolver.createArgumentArray(ConstructorResolver.java:782)\n\tat org.springframework.beans.factory.support.ConstructorResolver.instantiateUsingFactoryMethod(ConstructorResolver.java:542)\n\tat org.springframework.beans.factory.support.AbstractAutowireCapableBeanFactory.instantiateUsingFactoryMethod(AbstractAutowireCapableBeanFactory.java:1335)\n\tat org.springframework.beans.factory.support.AbstractAutowireCapableBeanFactory.createBeanInstance(AbstractAutowireCapableBeanFactory.java:1165)\n\tat org.springframework.beans.factory.support.AbstractAutowireCapableBeanFactory.doCreateBean(AbstractAutowireCapableBeanFactory.java:562)\n\tat org.springframework.beans.factory.support.AbstractAutowireCapableBeanFactory.createBean(AbstractAutowireCapableBeanFactory.java:522)\n\tat org.springframework.beans.factory.support.AbstractBeanFactory.lambda$doGetBean$0(AbstractBeanFactory.java:326)\n\tat org.springframework.beans.factory.support.DefaultSingletonBeanRegistry.getSingleton(DefaultSingletonBeanRegistry.java:234)\n\tat org.springframework.beans.factory.support.AbstractBeanFactory.doGetBean(AbstractBeanFactory.java:324)\n\tat org.springframework.beans.factory.support.AbstractBeanFactory.getBean(AbstractBeanFactory.java:200)\n\tat org.springframework.beans.factory.support.DefaultListableBeanFactory.preInstantiateSingletons(DefaultListableBeanFactory.java:975)\n\tat org.springframework.context.support.AbstractApplicationContext.finishBeanFactoryInitialization(AbstractApplicationContext.java:962)\n\tat org.springframework.context.support.AbstractApplicationContext.refresh(AbstractApplicationContext.java:624)\n\tat org.springframework.boot.web.servlet.context.ServletWebServerApplicationContext.refresh(ServletWebServerApplicationContext.java:146)\n\tat org.springframework.boot.SpringApplication.refresh(SpringApplication.java:754)\n\tat org.springframework.boot.SpringApplication.refreshContext(SpringApplication.java:456)\n\tat org.springframework.boot.SpringApplication.run(SpringApplication.java:334)\n\tat org.springframework.boot.SpringApplication.run(SpringApplication.java:1354)\n\tat org.springframework.boot.SpringApplication.run(SpringApplication.java:1343)\n\tat com.example.observability.subscriber.SubscriberServiceApplication.main(SubscriberServiceApplication.java:25)\n\tat java.base/jdk.internal.reflect.DirectMethodHandleAccessor.invoke(DirectMethodHandleAccessor.java:103)\n\tat java.base/java.lang.reflect.Method.invoke(Method.java:580)\n\tat org.springframework.boot.loader.launch.Launcher.launch(Launcher.java:91)\n\tat org.springframework.boot.loader.launch.Launcher.launch(Launcher.java:53)\n\tat org.springframework.boot.loader.launch.JarLauncher.main(JarLauncher.java:58)\n","service":"subscriber-service"}
{"@timestamp":"2025-09-17T16:15:19.204927699-03:00","@version":"1","message":"Creating PubSubInboundChannelAdapter for orders-subscription","logger_name":"com.example.observability.subscriber.config.PubSubIntegrationConfig","thread_name":"main","level":"INFO","level_value":20000,"service":"subscriber-service"}
{"@timestamp":"2025-09-17T16:15:19.212608211-03:00","@version":"1","message":"PubSubInboundChannelAdapter configured successfully","logger_name":"com.example.observability.subscriber.config.PubSubIntegrationConfig","thread_name":"main","level":"INFO","level_value":20000,"service":"subscriber-service"}
{"@timestamp":"2025-09-17T16:15:19.334936438-03:00","@version":"1","message":"spring.jpa.open-in-view is enabled by default. Therefore, database queries may be performed during view rendering. Explicitly configure spring.jpa.open-in-view to disable this warning","logger_name":"org.springframework.boot.autoconfigure.orm.jpa.JpaBaseConfiguration$JpaWebConfiguration","thread_name":"main","level":"WARN","level_value":30000,"service":"subscriber-service"}
{"@timestamp":"2025-09-17T16:15:20.513054959-03:00","@version":"1","message":"Exposing 10 endpoint(s) beneath base path '/actuator'","logger_name":"org.springframework.boot.actuate.endpoint.web.EndpointLinksResolver","thread_name":"main","level":"INFO","level_value":20000,"service":"subscriber-service"}
{"@timestamp":"2025-09-17T16:15:20.718887592-03:00","@version":"1","message":"Adding {logging-channel-adapter:_org.springframework.integration.errorLogger} as a subscriber to the 'errorChannel' channel","logger_name":"org.springframework.integration.endpoint.EventDrivenConsumer","thread_name":"main","level":"INFO","level_value":20000,"service":"subscriber-service"}
{"@timestamp":"2025-09-17T16:15:20.719505639-03:00","@version":"1","message":"Channel 'subscriber-service.errorChannel' has 1 subscriber(s).","logger_name":"org.springframework.integration.channel.PublishSubscribeChannel","thread_name":"main","level":"INFO","level_value":20000,"service":"subscriber-service"}
{"@timestamp":"2025-09-17T16:15:20.719975451-03:00","@version":"1","message":"started bean '_org.springframework.integration.errorLogger'","logger_name":"org.springframework.integration.endpoint.EventDrivenConsumer","thread_name":"main","level":"INFO","level_value":20000,"service":"subscriber-service"}
{"@timestamp":"2025-09-17T16:15:20.720487698-03:00","@version":"1","message":"Adding {service-activator:orderEventListener.receiveOrderEvent.serviceActivator} as a subscriber to the 'ordersSubscriptionChannel' channel","logger_name":"org.springframework.integration.endpoint.EventDrivenConsumer","thread_name":"main","level":"INFO","level_value":20000,"service":"subscriber-service"}
{"@timestamp":"2025-09-17T16:15:20.720902132-03:00","@version":"1","message":"Channel 'subscriber-service.ordersSubscriptionChannel' has 1 subscriber(s).","logger_name":"org.springframework.integration.channel.DirectChannel","thread_name":"main","level":"INFO","level_value":20000,"service":"subscriber-service"}
{"@timestamp":"2025-09-17T16:15:20.721256141-03:00","@version":"1","message":"started bean 'orderEventListener.receiveOrderEvent.serviceActivator'","logger_name":"org.springframework.integration.endpoint.EventDrivenConsumer","thread_name":"main","level":"INFO","level_value":20000,"service":"subscriber-service"}
{"@timestamp":"2025-09-17T16:15:20.749281324-03:00","@version":"1","message":"Tomcat started on port 8081 (http) with context path ''","logger_name":"org.springframework.boot.web.embedded.tomcat.TomcatWebServer","thread_name":"main","level":"INFO","level_value":20000,"service":"subscriber-service"}
{"@timestamp":"2025-09-17T16:15:20.765143479-03:00","@version":"1","message":"Started SubscriberServiceApplication in 10.314 seconds (process running for 14.39)","logger_name":"com.example.observability.subscriber.SubscriberServiceApplication","thread_name":"main","level":"INFO","level_value":20000,"service":"subscriber-service"}
{"@timestamp":"2025-09-17T16:15:22.914078954-03:00","@version":"1","message":"TRACEID: c92a41ec282a250ab4b4677f1b4dbdf4","logger_name":"com.example.observability.subscriber.listener.OrderEventListener","thread_name":"global-gcp-pubsub-subscriber1","level":"INFO","level_value":20000,"traceId":"9b18efc465f27aefe69d8c8200ec8e01","spanId":"4b29e0e151a1ef29","trace_id":"9b18efc465f27aefe69d8c8200ec8e01","trace_flags":"01","span_id":"4b29e0e151a1ef29","service":"subscriber-service"}
{"@timestamp":"2025-09-17T16:15:22.914602008-03:00","@version":"1","message":"SPANID: 8f5ca4b5587cb71d","logger_name":"com.example.observability.subscriber.listener.OrderEventListener","thread_name":"global-gcp-pubsub-subscriber1","level":"INFO","level_value":20000,"traceId":"9b18efc465f27aefe69d8c8200ec8e01","spanId":"4b29e0e151a1ef29","trace_id":"9b18efc465f27aefe69d8c8200ec8e01","trace_flags":"01","span_id":"4b29e0e151a1ef29","service":"subscriber-service"}
{"@timestamp":"2025-09-17T16:15:22.916043369-03:00","@version":"1","message":"Received order event message: size=348 bytes, headers=[spanId, traceId, orderId, traceparent, customerId, eventType, source, id, gcp_pubsub_original_message, timestamp]","logger_name":"com.example.observability.subscriber.listener.OrderEventListener","thread_name":"global-gcp-pubsub-subscriber1","level":"INFO","level_value":20000,"traceId":"9b18efc465f27aefe69d8c8200ec8e01","spanId":"784f2635a4be37fd","trace_id":"9b18efc465f27aefe69d8c8200ec8e01","trace_flags":"01","span_id":"4b29e0e151a1ef29","service":"subscriber-service"}
{"@timestamp":"2025-09-17T16:15:22.998496517-03:00","@version":"1","message":"Processing order event: orderId=736cb7ab-7f4d-422c-b31b-ffc0dc24800b, eventType=ORDER_CREATED, customerId=customer-001","logger_name":"com.example.observability.subscriber.listener.OrderEventListener","thread_name":"global-gcp-pubsub-subscriber1","level":"INFO","level_value":20000,"traceId":"9b18efc465f27aefe69d8c8200ec8e01","spanId":"784f2635a4be37fd","trace_id":"9b18efc465f27aefe69d8c8200ec8e01","trace_flags":"01","orderId":"736cb7ab-7f4d-422c-b31b-ffc0dc24800b","span_id":"4b29e0e151a1ef29","customerId":"customer-001","eventType":"ORDER_CREATED","service":"subscriber-service"}
{"@timestamp":"2025-09-17T16:15:23.009170816-03:00","@version":"1","message":"Processing order event: orderId=736cb7ab-7f4d-422c-b31b-ffc0dc24800b, eventType=ORDER_CREATED, customerId=customer-001","logger_name":"com.example.observability.subscriber.service.OrderProcessingService","thread_name":"global-gcp-pubsub-subscriber1","level":"INFO","level_value":20000,"traceId":"9b18efc465f27aefe69d8c8200ec8e01","spanId":"4b29e0e151a1ef29","trace_id":"9b18efc465f27aefe69d8c8200ec8e01","trace_flags":"01","orderId":"736cb7ab-7f4d-422c-b31b-ffc0dc24800b","span_id":"4b29e0e151a1ef29","customerId":"customer-001","eventType":"ORDER_CREATED","service":"subscriber-service"}
{"@timestamp":"2025-09-17T16:15:23.393844235-03:00","@version":"1","message":"Order processed successfully: orderId=736cb7ab-7f4d-422c-b31b-ffc0dc24800b, newStatus=PROCESSED","logger_name":"com.example.observability.subscriber.service.OrderProcessingService","thread_name":"global-gcp-pubsub-subscriber1","level":"INFO","level_value":20000,"traceId":"9b18efc465f27aefe69d8c8200ec8e01","spanId":"4b29e0e151a1ef29","trace_id":"9b18efc465f27aefe69d8c8200ec8e01","trace_flags":"01","orderId":"736cb7ab-7f4d-422c-b31b-ffc0dc24800b","span_id":"4b29e0e151a1ef29","customerId":"customer-001","eventType":"ORDER_CREATED","service":"subscriber-service"}
{"@timestamp":"2025-09-17T16:15:23.399085744-03:00","@version":"1","message":"Order event processed successfully: orderId=736cb7ab-7f4d-422c-b31b-ffc0dc24800b","logger_name":"com.example.observability.subscriber.listener.OrderEventListener","thread_name":"global-gcp-pubsub-subscriber1","level":"INFO","level_value":20000,"traceId":"9b18efc465f27aefe69d8c8200ec8e01","spanId":"4b29e0e151a1ef29","trace_id":"9b18efc465f27aefe69d8c8200ec8e01","trace_flags":"01","orderId":"736cb7ab-7f4d-422c-b31b-ffc0dc24800b","span_id":"4b29e0e151a1ef29","customerId":"customer-001","eventType":"ORDER_CREATED","service":"subscriber-service"}
{"@timestamp":"2025-09-17T16:15:23.400979053-03:00","@version":"1","message":"Message processed and acknowledged successfully","logger_name":"com.example.observability.subscriber.listener.OrderEventListener","thread_name":"global-gcp-pubsub-subscriber1","level":"INFO","level_value":20000,"trace_id":"9b18efc465f27aefe69d8c8200ec8e01","trace_flags":"01","span_id":"4b29e0e151a1ef29","service":"subscriber-service"}
{"@timestamp":"2025-09-17T16:15:28.671340639-03:00","@version":"1","message":"Initializing Spring DispatcherServlet 'dispatcherServlet'","logger_name":"org.apache.catalina.core.ContainerBase.[Tomcat].[localhost].[/]","thread_name":"tomcat-handler-0","level":"INFO","level_value":20000,"trace_id":"265a95b6105904181360b7286e3a7347","trace_flags":"01","span_id":"13b65909b391bb95","service":"subscriber-service"}
{"@timestamp":"2025-09-17T16:15:28.67185317-03:00","@version":"1","message":"Initializing Servlet 'dispatcherServlet'","logger_name":"org.springframework.web.servlet.DispatcherServlet","thread_name":"tomcat-handler-0","level":"INFO","level_value":20000,"trace_id":"265a95b6105904181360b7286e3a7347","trace_flags":"01","span_id":"13b65909b391bb95","service":"subscriber-service"}
{"@timestamp":"2025-09-17T16:15:28.674309135-03:00","@version":"1","message":"Completed initialization in 2 ms","logger_name":"org.springframework.web.servlet.DispatcherServlet","thread_name":"tomcat-handler-0","level":"INFO","level_value":20000,"trace_id":"265a95b6105904181360b7286e3a7347","trace_flags":"01","span_id":"13b65909b391bb95","service":"subscriber-service"}
{"@timestamp":"2025-09-17T16:17:28.565880771-03:00","@version":"1","message":"Removing {logging-channel-adapter:_org.springframework.integration.errorLogger} as a subscriber to the 'errorChannel' channel","logger_name":"org.springframework.integration.endpoint.EventDrivenConsumer","thread_name":"SpringApplicationShutdownHook","level":"INFO","level_value":20000,"service":"subscriber-service"}
{"@timestamp":"2025-09-17T16:17:28.566447953-03:00","@version":"1","message":"Channel 'subscriber-service.errorChannel' has 0 subscriber(s).","logger_name":"org.springframework.integration.channel.PublishSubscribeChannel","thread_name":"SpringApplicationShutdownHook","level":"INFO","level_value":20000,"service":"subscriber-service"}
{"@timestamp":"2025-09-17T16:17:28.566744617-03:00","@version":"1","message":"stopped bean '_org.springframework.integration.errorLogger'","logger_name":"org.springframework.integration.endpoint.EventDrivenConsumer","thread_name":"SpringApplicationShutdownHook","level":"INFO","level_value":20000,"service":"subscriber-service"}
{"@timestamp":"2025-09-17T16:17:28.56698728-03:00","@version":"1","message":"Removing {service-activator:orderEventListener.receiveOrderEvent.serviceActivator} as a subscriber to the 'ordersSubscriptionChannel' channel","logger_name":"org.springframework.integration.endpoint.EventDrivenConsumer","thread_name":"SpringApplicationShutdownHook","level":"INFO","level_value":20000,"service":"subscriber-service"}
{"@timestamp":"2025-09-17T16:17:28.567159807-03:00","@version":"1","message":"Channel 'subscriber-service.ordersSubscriptionChannel' has 0 subscriber(s).","logger_name":"org.springframework.integration.channel.DirectChannel","thread_name":"SpringApplicationShutdownHook","level":"INFO","level_value":20000,"service":"subscriber-service"}
{"@timestamp":"2025-09-17T16:17:28.567325203-03:00","@version":"1","message":"stopped bean 'orderEventListener.receiveOrderEvent.serviceActivator'","logger_name":"org.springframework.integration.endpoint.EventDrivenConsumer","thread_name":"SpringApplicationShutdownHook","level":"INFO","level_value":20000,"service":"subscriber-service"}
{"@timestamp":"2025-09-17T16:17:28.589756028-03:00","@version":"1","message":"Closing JPA EntityManagerFactory for persistence unit 'default'","logger_name":"org.springframework.orm.jpa.LocalContainerEntityManagerFactoryBean","thread_name":"SpringApplicationShutdownHook","level":"INFO","level_value":20000,"service":"subscriber-service"}
{"@timestamp":"2025-09-17T16:17:28.591921685-03:00","@version":"1","message":"SubscriberServicePool - Shutdown initiated...","logger_name":"com.zaxxer.hikari.HikariDataSource","thread_name":"SpringApplicationShutdownHook","level":"INFO","level_value":20000,"service":"subscriber-service"}
{"@timestamp":"2025-09-17T16:17:28.595502616-03:00","@version":"1","message":"SubscriberServicePool - Shutdown completed.","logger_name":"com.zaxxer.hikari.HikariDataSource","thread_name":"SpringApplicationShutdownHook","level":"INFO","level_value":20000,"service":"subscriber-service"}
{"@timestamp":"2025-09-17T16:17:41.578413973-03:00","@version":"1","message":"Starting SubscriberServiceApplication using Java 21.0.8 with PID 2124232 (/home/allan/source/observability/subscriber-service/target/subscriber-service-1.0.0-SNAPSHOT.jar started by allan in /home/allan/source/observability/subscriber-service)","logger_name":"com.example.observability.subscriber.SubscriberServiceApplication","thread_name":"main","level":"INFO","level_value":20000,"service":"subscriber-service"}
{"@timestamp":"2025-09-17T16:17:41.647515567-03:00","@version":"1","message":"The following 1 profile is active: \"local\"","logger_name":"com.example.observability.subscriber.SubscriberServiceApplication","thread_name":"main","level":"INFO","level_value":20000,"service":"subscriber-service"}
{"@timestamp":"2025-09-17T16:17:43.734425612-03:00","@version":"1","message":"Bootstrapping Spring Data JPA repositories in DEFAULT mode.","logger_name":"org.springframework.data.repository.config.RepositoryConfigurationDelegate","thread_name":"main","level":"INFO","level_value":20000,"service":"subscriber-service"}
{"@timestamp":"2025-09-17T16:17:43.95524257-03:00","@version":"1","message":"Finished Spring Data repository scanning in 211 ms. Found 1 JPA repository interface.","logger_name":"org.springframework.data.repository.config.RepositoryConfigurationDelegate","thread_name":"main","level":"INFO","level_value":20000,"service":"subscriber-service"}
{"@timestamp":"2025-09-17T16:17:44.07024697-03:00","@version":"1","message":"No bean named 'errorChannel' has been explicitly defined. Therefore, a default PublishSubscribeChannel will be created.","logger_name":"org.springframework.integration.config.DefaultConfiguringBeanFactoryPostProcessor","thread_name":"main","level":"INFO","level_value":20000,"service":"subscriber-service"}
{"@timestamp":"2025-09-17T16:17:44.090195283-03:00","@version":"1","message":"No bean named 'integrationHeaderChannelRegistry' has been explicitly defined. Therefore, a default DefaultHeaderChannelRegistry will be created.","logger_name":"org.springframework.integration.config.DefaultConfiguringBeanFactoryPostProcessor","thread_name":"main","level":"INFO","level_value":20000,"service":"subscriber-service"}
{"@timestamp":"2025-09-17T16:17:45.269283563-03:00","@version":"1","message":"Tomcat initialized with port 8081 (http)","logger_name":"org.springframework.boot.web.embedded.tomcat.TomcatWebServer","thread_name":"main","level":"INFO","level_value":20000,"service":"subscriber-service"}
{"@timestamp":"2025-09-17T16:17:45.330712742-03:00","@version":"1","message":"Starting service [Tomcat]","logger_name":"org.apache.catalina.core.StandardService","thread_name":"main","level":"INFO","level_value":20000,"service":"subscriber-service"}
{"@timestamp":"2025-09-17T16:17:45.331888036-03:00","@version":"1","message":"Starting Servlet engine: [Apache Tomcat/10.1.19]","logger_name":"org.apache.catalina.core.StandardEngine","thread_name":"main","level":"INFO","level_value":20000,"service":"subscriber-service"}
{"@timestamp":"2025-09-17T16:17:45.402295015-03:00","@version":"1","message":"Initializing Spring embedded WebApplicationContext","logger_name":"org.apache.catalina.core.ContainerBase.[Tomcat].[localhost].[/]","thread_name":"main","level":"INFO","level_value":20000,"service":"subscriber-service"}
{"@timestamp":"2025-09-17T16:17:45.403164871-03:00","@version":"1","message":"Root WebApplicationContext: initialization completed in 3582 ms","logger_name":"org.springframework.boot.web.servlet.context.ServletWebServerApplicationContext","thread_name":"main","level":"INFO","level_value":20000,"service":"subscriber-service"}
{"@timestamp":"2025-09-17T16:17:46.921987331-03:00","@version":"1","message":"HHH000204: Processing PersistenceUnitInfo [name: default]","logger_name":"org.hibernate.jpa.internal.util.LogHelper","thread_name":"main","level":"INFO","level_value":20000,"service":"subscriber-service"}
{"@timestamp":"2025-09-17T16:17:47.061523785-03:00","@version":"1","message":"HHH000412: Hibernate ORM core version 6.4.4.Final","logger_name":"org.hibernate.Version","thread_name":"main","level":"INFO","level_value":20000,"service":"subscriber-service"}
{"@timestamp":"2025-09-17T16:17:47.132927025-03:00","@version":"1","message":"HHH000026: Second-level cache disabled","logger_name":"org.hibernate.cache.internal.RegionFactoryInitiator","thread_name":"main","level":"INFO","level_value":20000,"service":"subscriber-service"}
{"@timestamp":"2025-09-17T16:17:47.51462671-03:00","@version":"1","message":"No LoadTimeWeaver setup: ignoring JPA class transformer","logger_name":"org.springframework.orm.jpa.persistenceunit.SpringPersistenceUnitInfo","thread_name":"main","level":"INFO","level_value":20000,"service":"subscriber-service"}
{"@timestamp":"2025-09-17T16:17:47.55647443-03:00","@version":"1","message":"SubscriberServicePool - Starting...","logger_name":"com.zaxxer.hikari.HikariDataSource","thread_name":"main","level":"INFO","level_value":20000,"service":"subscriber-service"}
{"@timestamp":"2025-09-17T16:17:47.874400431-03:00","@version":"1","message":"SubscriberServicePool - Added connection org.postgresql.jdbc.PgConnection@4e74adb","logger_name":"com.zaxxer.hikari.pool.HikariPool","thread_name":"main","level":"INFO","level_value":20000,"service":"subscriber-service"}
{"@timestamp":"2025-09-17T16:17:47.884537944-03:00","@version":"1","message":"SubscriberServicePool - Start completed.","logger_name":"com.zaxxer.hikari.HikariDataSource","thread_name":"main","level":"INFO","level_value":20000,"service":"subscriber-service"}
{"@timestamp":"2025-09-17T16:17:47.95638084-03:00","@version":"1","message":"HHH90000025: PostgreSQLDialect does not need to be specified explicitly using 'hibernate.dialect' (remove the property setting and it will be selected by default)","logger_name":"org.hibernate.orm.deprecation","thread_name":"main","level":"WARN","level_value":30000,"service":"subscriber-service"}
{"@timestamp":"2025-09-17T16:17:49.727442654-03:00","@version":"1","message":"HHH000489: No JTA platform available (set 'hibernate.transaction.jta.platform' to enable JTA platform integration)","logger_name":"org.hibernate.engine.transaction.jta.platform.internal.JtaPlatformInitiator","thread_name":"main","level":"INFO","level_value":20000,"service":"subscriber-service"}
{"@timestamp":"2025-09-17T16:17:49.730776302-03:00","@version":"1","message":"Initialized JPA EntityManagerFactory for persistence unit 'default'","logger_name":"org.springframework.orm.jpa.LocalContainerEntityManagerFactoryBean","thread_name":"main","level":"INFO","level_value":20000,"service":"subscriber-service"}
{"@timestamp":"2025-09-17T16:17:50.426236967-03:00","@version":"1","message":"Hibernate is in classpath; If applicable, HQL parser will be used.","logger_name":"org.springframework.data.jpa.repository.query.QueryEnhancerFactory","thread_name":"main","level":"INFO","level_value":20000,"service":"subscriber-service"}
{"@timestamp":"2025-09-17T16:17:51.311089051-03:00","@version":"1","message":"Pub/Sub configuration initialized - using @PubsubListener for message consumption","logger_name":"com.example.observability.subscriber.config.PubSubConfig","thread_name":"main","level":"INFO","level_value":20000,"service":"subscriber-service"}
{"@timestamp":"2025-09-17T16:17:51.335213449-03:00","@version":"1","message":"Creating orders-subscription-channel for Pub/Sub integration","logger_name":"com.example.observability.subscriber.config.PubSubIntegrationConfig","thread_name":"main","level":"INFO","level_value":20000,"service":"subscriber-service"}
{"@timestamp":"2025-09-17T16:17:51.740429904-03:00","@version":"1","message":"No core credentials are set. Service-specific credentials (e.g., spring.cloud.gcp.pubsub.credentials.*) should be used if your app uses services that require credentials.","logger_name":"com.google.cloud.spring.core.DefaultCredentialsProvider","thread_name":"main","level":"WARN","level_value":30000,"stack_trace":"java.io.IOException: Your default credentials were not found. To set up Application Default Credentials for your environment, see https://cloud.google.com/docs/authentication/external/set-up-adc.\n\tat com.google.auth.oauth2.DefaultCredentialsProvider.getDefaultCredentials(DefaultCredentialsProvider.java:127)\n\tat com.google.auth.oauth2.GoogleCredentials.getApplicationDefault(GoogleCredentials.java:152)\n\tat com.google.auth.oauth2.GoogleCredentials.getApplicationDefault(GoogleCredentials.java:124)\n\tat com.google.api.gax.core.GoogleCredentialsProvider.getCredentials(GoogleCredentialsProvider.java:70)\n\tat com.google.cloud.spring.core.DefaultCredentialsProvider.<init>(DefaultCredentialsProvider.java:101)\n\tat com.google.cloud.spring.autoconfigure.core.GcpContextAutoConfiguration.googleCredentials(GcpContextAutoConfiguration.java:56)\n\tat java.base/jdk.internal.reflect.DirectMethodHandleAccessor.invoke(DirectMethodHandleAccessor.java:103)\n\tat java.base/java.lang.reflect.Method.invoke(Method.java:580)\n\tat org.springframework.beans.factory.support.SimpleInstantiationStrategy.instantiate(SimpleInstantiationStrategy.java:140)\n\tat org.springframework.beans.factory.support.ConstructorResolver.instantiate(ConstructorResolver.java:644)\n\tat org.springframework.beans.factory.support.ConstructorResolver.instantiateUsingFactoryMethod(ConstructorResolver.java:485)\n\tat org.springframework.beans.factory.support.AbstractAutowireCapableBeanFactory.instantiateUsingFactoryMethod(AbstractAutowireCapableBeanFactory.java:1335)\n\tat org.springframework.beans.factory.support.AbstractAutowireCapableBeanFactory.createBeanInstance(AbstractAutowireCapableBeanFactory.java:1165)\n\tat org.springframework.beans.factory.support.AbstractAutowireCapableBeanFactory.doCreateBean(AbstractAutowireCapableBeanFactory.java:562)\n\tat org.springframework.beans.factory.support.AbstractAutowireCapableBeanFactory.createBean(AbstractAutowireCapableBeanFactory.java:522)\n\tat org.springframework.beans.factory.support.AbstractBeanFactory.lambda$doGetBean$0(AbstractBeanFactory.java:326)\n\tat org.springframework.beans.factory.support.DefaultSingletonBeanRegistry.getSingleton(DefaultSingletonBeanRegistry.java:234)\n\tat org.springframework.beans.factory.support.AbstractBeanFactory.doGetBean(AbstractBeanFactory.java:324)\n\tat org.springframework.beans.factory.support.AbstractBeanFactory.getBean(AbstractBeanFactory.java:200)\n\tat org.springframework.beans.factory.config.DependencyDescriptor.resolveCandidate(DependencyDescriptor.java:254)\n\tat org.springframework.beans.factory.support.DefaultListableBeanFactory.doResolveDependency(DefaultListableBeanFactory.java:1443)\n\tat org.springframework.beans.factory.support.DefaultListableBeanFactory.resolveDependency(DefaultListableBeanFactory.java:1353)\n\tat org.springframework.beans.factory.support.ConstructorResolver.resolveAutowiredArgument(ConstructorResolver.java:904)\n\tat org.springframework.beans.factory.support.ConstructorResolver.createArgumentArray(ConstructorResolver.java:782)\n\tat org.springframework.beans.factory.support.ConstructorResolver.autowireConstructor(ConstructorResolver.java:237)\n\tat org.springframework.beans.factory.support.AbstractAutowireCapableBeanFactory.autowireConstructor(AbstractAutowireCapableBeanFactory.java:1355)\n\tat org.springframework.beans.factory.support.AbstractAutowireCapableBeanFactory.createBeanInstance(AbstractAutowireCapableBeanFactory.java:1192)\n\tat org.springframework.beans.factory.support.AbstractAutowireCapableBeanFactory.doCreateBean(AbstractAutowireCapableBeanFactory.java:562)\n\tat org.springframework.beans.factory.support.AbstractAutowireCapableBeanFactory.createBean(AbstractAutowireCapableBeanFactory.java:522)\n\tat org.springframework.beans.factory.support.AbstractBeanFactory.lambda$doGetBean$0(AbstractBeanFactory.java:326)\n\tat org.springframework.beans.factory.support.DefaultSingletonBeanRegistry.getSingleton(DefaultSingletonBeanRegistry.java:234)\n\tat org.springframework.beans.factory.support.AbstractBeanFactory.doGetBean(AbstractBeanFactory.java:324)\n\tat org.springframework.beans.factory.support.AbstractBeanFactory.getBean(AbstractBeanFactory.java:200)\n\tat org.springframework.beans.factory.support.ConstructorResolver.instantiateUsingFactoryMethod(ConstructorResolver.java:409)\n\tat org.springframework.beans.factory.support.AbstractAutowireCapableBeanFactory.instantiateUsingFactoryMethod(AbstractAutowireCapableBeanFactory.java:1335)\n\tat org.springframework.beans.factory.support.AbstractAutowireCapableBeanFactory.createBeanInstance(AbstractAutowireCapableBeanFactory.java:1165)\n\tat org.springframework.beans.factory.support.AbstractAutowireCapableBeanFactory.doCreateBean(AbstractAutowireCapableBeanFactory.java:562)\n\tat org.springframework.beans.factory.support.AbstractAutowireCapableBeanFactory.createBean(AbstractAutowireCapableBeanFactory.java:522)\n\tat org.springframework.beans.factory.support.AbstractBeanFactory.lambda$doGetBean$0(AbstractBeanFactory.java:326)\n\tat org.springframework.beans.factory.support.DefaultSingletonBeanRegistry.getSingleton(DefaultSingletonBeanRegistry.java:234)\n\tat org.springframework.beans.factory.support.AbstractBeanFactory.doGetBean(AbstractBeanFactory.java:324)\n\tat org.springframework.beans.factory.support.AbstractBeanFactory.getBean(AbstractBeanFactory.java:200)\n\tat org.springframework.beans.factory.config.DependencyDescriptor.resolveCandidate(DependencyDescriptor.java:254)\n\tat org.springframework.beans.factory.support.DefaultListableBeanFactory.doResolveDependency(DefaultListableBeanFactory.java:1443)\n\tat org.springframework.beans.factory.support.DefaultListableBeanFactory.resolveDependency(DefaultListableBeanFactory.java:1353)\n\tat org.springframework.beans.factory.support.ConstructorResolver.resolveAutowiredArgument(ConstructorResolver.java:904)\n\tat org.springframework.beans.factory.support.ConstructorResolver.createArgumentArray(ConstructorResolver.java:782)\n\tat org.springframework.beans.factory.support.ConstructorResolver.instantiateUsingFactoryMethod(ConstructorResolver.java:542)\n\tat org.springframework.beans.factory.support.AbstractAutowireCapableBeanFactory.instantiateUsingFactoryMethod(AbstractAutowireCapableBeanFactory.java:1335)\n\tat org.springframework.beans.factory.support.AbstractAutowireCapableBeanFactory.createBeanInstance(AbstractAutowireCapableBeanFactory.java:1165)\n\tat org.springframework.beans.factory.support.AbstractAutowireCapableBeanFactory.doCreateBean(AbstractAutowireCapableBeanFactory.java:562)\n\tat org.springframework.beans.factory.support.AbstractAutowireCapableBeanFactory.createBean(AbstractAutowireCapableBeanFactory.java:522)\n\tat org.springframework.beans.factory.support.AbstractBeanFactory.lambda$doGetBean$0(AbstractBeanFactory.java:326)\n\tat org.springframework.beans.factory.support.DefaultSingletonBeanRegistry.getSingleton(DefaultSingletonBeanRegistry.java:234)\n\tat org.springframework.beans.factory.support.AbstractBeanFactory.doGetBean(AbstractBeanFactory.java:324)\n\tat org.springframework.beans.factory.support.AbstractBeanFactory.getBean(AbstractBeanFactory.java:200)\n\tat org.springframework.beans.factory.support.DefaultListableBeanFactory.preInstantiateSingletons(DefaultListableBeanFactory.java:975)\n\tat org.springframework.context.support.AbstractApplicationContext.finishBeanFactoryInitialization(AbstractApplicationContext.java:962)\n\tat org.springframework.context.support.AbstractApplicationContext.refresh(AbstractApplicationContext.java:624)\n\tat org.springframework.boot.web.servlet.context.ServletWebServerApplicationContext.refresh(ServletWebServerApplicationContext.java:146)\n\tat org.springframework.boot.SpringApplication.refresh(SpringApplication.java:754)\n\tat org.springframework.boot.SpringApplication.refreshContext(SpringApplication.java:456)\n\tat org.springframework.boot.SpringApplication.run(SpringApplication.java:334)\n\tat org.springframework.boot.SpringApplication.run(SpringApplication.java:1354)\n\tat org.springframework.boot.SpringApplication.run(SpringApplication.java:1343)\n\tat com.example.observability.subscriber.SubscriberServiceApplication.main(SubscriberServiceApplication.java:25)\n\tat java.base/jdk.internal.reflect.DirectMethodHandleAccessor.invoke(DirectMethodHandleAccessor.java:103)\n\tat java.base/java.lang.reflect.Method.invoke(Method.java:580)\n\tat org.springframework.boot.loader.launch.Launcher.launch(Launcher.java:91)\n\tat org.springframework.boot.loader.launch.Launcher.launch(Launcher.java:53)\n\tat org.springframework.boot.loader.launch.JarLauncher.main(JarLauncher.java:58)\n","service":"subscriber-service"}
{"@timestamp":"2025-09-17T16:17:52.311267155-03:00","@version":"1","message":"Creating PubSubInboundChannelAdapter for orders-subscription","logger_name":"com.example.observability.subscriber.config.PubSubIntegrationConfig","thread_name":"main","level":"INFO","level_value":20000,"service":"subscriber-service"}
{"@timestamp":"2025-09-17T16:17:52.320439259-03:00","@version":"1","message":"PubSubInboundChannelAdapter configured successfully","logger_name":"com.example.observability.subscriber.config.PubSubIntegrationConfig","thread_name":"main","level":"INFO","level_value":20000,"service":"subscriber-service"}
{"@timestamp":"2025-09-17T16:17:52.452199208-03:00","@version":"1","message":"spring.jpa.open-in-view is enabled by default. Therefore, database queries may be performed during view rendering. Explicitly configure spring.jpa.open-in-view to disable this warning","logger_name":"org.springframework.boot.autoconfigure.orm.jpa.JpaBaseConfiguration$JpaWebConfiguration","thread_name":"main","level":"WARN","level_value":30000,"service":"subscriber-service"}
{"@timestamp":"2025-09-17T16:17:54.618697236-03:00","@version":"1","message":"Exposing 10 endpoint(s) beneath base path '/actuator'","logger_name":"org.springframework.boot.actuate.endpoint.web.EndpointLinksResolver","thread_name":"main","level":"INFO","level_value":20000,"service":"subscriber-service"}
{"@timestamp":"2025-09-17T16:17:54.879066993-03:00","@version":"1","message":"Adding {logging-channel-adapter:_org.springframework.integration.errorLogger} as a subscriber to the 'errorChannel' channel","logger_name":"org.springframework.integration.endpoint.EventDrivenConsumer","thread_name":"main","level":"INFO","level_value":20000,"service":"subscriber-service"}
{"@timestamp":"2025-09-17T16:17:54.879759445-03:00","@version":"1","message":"Channel 'subscriber-service.errorChannel' has 1 subscriber(s).","logger_name":"org.springframework.integration.channel.PublishSubscribeChannel","thread_name":"main","level":"INFO","level_value":20000,"service":"subscriber-service"}
{"@timestamp":"2025-09-17T16:17:54.880370087-03:00","@version":"1","message":"started bean '_org.springframework.integration.errorLogger'","logger_name":"org.springframework.integration.endpoint.EventDrivenConsumer","thread_name":"main","level":"INFO","level_value":20000,"service":"subscriber-service"}
{"@timestamp":"2025-09-17T16:17:54.880943971-03:00","@version":"1","message":"Adding {service-activator:orderEventListener.receiveOrderEvent.serviceActivator} as a subscriber to the 'ordersSubscriptionChannel' channel","logger_name":"org.springframework.integration.endpoint.EventDrivenConsumer","thread_name":"main","level":"INFO","level_value":20000,"service":"subscriber-service"}
{"@timestamp":"2025-09-17T16:17:54.88203801-03:00","@version":"1","message":"Channel 'subscriber-service.ordersSubscriptionChannel' has 1 subscriber(s).","logger_name":"org.springframework.integration.channel.DirectChannel","thread_name":"main","level":"INFO","level_value":20000,"service":"subscriber-service"}
{"@timestamp":"2025-09-17T16:17:54.882685157-03:00","@version":"1","message":"started bean 'orderEventListener.receiveOrderEvent.serviceActivator'","logger_name":"org.springframework.integration.endpoint.EventDrivenConsumer","thread_name":"main","level":"INFO","level_value":20000,"service":"subscriber-service"}
{"@timestamp":"2025-09-17T16:17:54.917208767-03:00","@version":"1","message":"Tomcat started on port 8081 (http) with context path ''","logger_name":"org.springframework.boot.web.embedded.tomcat.TomcatWebServer","thread_name":"main","level":"INFO","level_value":20000,"service":"subscriber-service"}
{"@timestamp":"2025-09-17T16:17:54.93962468-03:00","@version":"1","message":"Started SubscriberServiceApplication in 14.531 seconds (process running for 17.354)","logger_name":"com.example.observability.subscriber.SubscriberServiceApplication","thread_name":"main","level":"INFO","level_value":20000,"service":"subscriber-service"}
{"@timestamp":"2025-09-17T16:18:02.737028447-03:00","@version":"1","message":"Initializing Spring DispatcherServlet 'dispatcherServlet'","logger_name":"org.apache.catalina.core.ContainerBase.[Tomcat].[localhost].[/]","thread_name":"tomcat-handler-0","level":"INFO","level_value":20000,"trace_id":"c673f80321fda1f3f67e9d3ecac0839b","trace_flags":"01","span_id":"a5d9b2b6df28a147","service":"subscriber-service"}
{"@timestamp":"2025-09-17T16:18:02.737606949-03:00","@version":"1","message":"Initializing Servlet 'dispatcherServlet'","logger_name":"org.springframework.web.servlet.DispatcherServlet","thread_name":"tomcat-handler-0","level":"INFO","level_value":20000,"trace_id":"c673f80321fda1f3f67e9d3ecac0839b","trace_flags":"01","span_id":"a5d9b2b6df28a147","service":"subscriber-service"}
{"@timestamp":"2025-09-17T16:18:02.738977433-03:00","@version":"1","message":"Completed initialization in 1 ms","logger_name":"org.springframework.web.servlet.DispatcherServlet","thread_name":"tomcat-handler-0","level":"INFO","level_value":20000,"trace_id":"c673f80321fda1f3f67e9d3ecac0839b","trace_flags":"01","span_id":"a5d9b2b6df28a147","service":"subscriber-service"}
{"@timestamp":"2025-09-17T16:18:05.89955377-03:00","@version":"1","message":"**ACHEI TRACEID=11722212a303fd9edbead2359edf968e E SPANID=2173c5e79f4ac2a5**","logger_name":"com.example.observability.subscriber.listener.OrderEventListener","thread_name":"global-gcp-pubsub-subscriber1","level":"INFO","level_value":20000,"traceId":"51b3476bc31f6fe608632f5cedb3f853","spanId":"572f5eadba453346","trace_id":"51b3476bc31f6fe608632f5cedb3f853","trace_flags":"01","span_id":"572f5eadba453346","service":"subscriber-service"}
{"@timestamp":"2025-09-17T16:18:05.900095666-03:00","@version":"1","message":"Received order event message: size=348 bytes, headers=[spanId, traceId, orderId, traceparent, customerId, eventType, source, id, gcp_pubsub_original_message, timestamp]","logger_name":"com.example.observability.subscriber.listener.OrderEventListener","thread_name":"global-gcp-pubsub-subscriber1","level":"INFO","level_value":20000,"traceId":"51b3476bc31f6fe608632f5cedb3f853","spanId":"d1a9f9835629a6cf","trace_id":"51b3476bc31f6fe608632f5cedb3f853","trace_flags":"01","span_id":"572f5eadba453346","service":"subscriber-service"}
{"@timestamp":"2025-09-17T16:18:05.974491187-03:00","@version":"1","message":"Processing order event: orderId=35351160-0c34-4779-b7a9-abdd48d95bda, eventType=ORDER_CREATED, customerId=customer-001","logger_name":"com.example.observability.subscriber.listener.OrderEventListener","thread_name":"global-gcp-pubsub-subscriber1","level":"INFO","level_value":20000,"traceId":"51b3476bc31f6fe608632f5cedb3f853","spanId":"d1a9f9835629a6cf","trace_id":"51b3476bc31f6fe608632f5cedb3f853","trace_flags":"01","orderId":"35351160-0c34-4779-b7a9-abdd48d95bda","span_id":"572f5eadba453346","customerId":"customer-001","eventType":"ORDER_CREATED","service":"subscriber-service"}
{"@timestamp":"2025-09-17T16:18:05.9841489-03:00","@version":"1","message":"Processing order event: orderId=35351160-0c34-4779-b7a9-abdd48d95bda, eventType=ORDER_CREATED, customerId=customer-001","logger_name":"com.example.observability.subscriber.service.OrderProcessingService","thread_name":"global-gcp-pubsub-subscriber1","level":"INFO","level_value":20000,"traceId":"51b3476bc31f6fe608632f5cedb3f853","spanId":"572f5eadba453346","trace_id":"51b3476bc31f6fe608632f5cedb3f853","trace_flags":"01","orderId":"35351160-0c34-4779-b7a9-abdd48d95bda","span_id":"572f5eadba453346","customerId":"customer-001","eventType":"ORDER_CREATED","service":"subscriber-service"}
{"@timestamp":"2025-09-17T16:18:06.458319551-03:00","@version":"1","message":"Order processed successfully: orderId=35351160-0c34-4779-b7a9-abdd48d95bda, newStatus=PROCESSED","logger_name":"com.example.observability.subscriber.service.OrderProcessingService","thread_name":"global-gcp-pubsub-subscriber1","level":"INFO","level_value":20000,"traceId":"51b3476bc31f6fe608632f5cedb3f853","spanId":"572f5eadba453346","trace_id":"51b3476bc31f6fe608632f5cedb3f853","trace_flags":"01","orderId":"35351160-0c34-4779-b7a9-abdd48d95bda","span_id":"572f5eadba453346","customerId":"customer-001","eventType":"ORDER_CREATED","service":"subscriber-service"}
{"@timestamp":"2025-09-17T16:18:06.469098707-03:00","@version":"1","message":"Order event processed successfully: orderId=35351160-0c34-4779-b7a9-abdd48d95bda","logger_name":"com.example.observability.subscriber.listener.OrderEventListener","thread_name":"global-gcp-pubsub-subscriber1","level":"INFO","level_value":20000,"traceId":"51b3476bc31f6fe608632f5cedb3f853","spanId":"572f5eadba453346","trace_id":"51b3476bc31f6fe608632f5cedb3f853","trace_flags":"01","orderId":"35351160-0c34-4779-b7a9-abdd48d95bda","span_id":"572f5eadba453346","customerId":"customer-001","eventType":"ORDER_CREATED","service":"subscriber-service"}
{"@timestamp":"2025-09-17T16:18:06.47137032-03:00","@version":"1","message":"Message processed and acknowledged successfully","logger_name":"com.example.observability.subscriber.listener.OrderEventListener","thread_name":"global-gcp-pubsub-subscriber1","level":"INFO","level_value":20000,"trace_id":"51b3476bc31f6fe608632f5cedb3f853","trace_flags":"01","span_id":"572f5eadba453346","service":"subscriber-service"}
{"@timestamp":"2025-09-17T16:22:03.059852649-03:00","@version":"1","message":"Removing {logging-channel-adapter:_org.springframework.integration.errorLogger} as a subscriber to the 'errorChannel' channel","logger_name":"org.springframework.integration.endpoint.EventDrivenConsumer","thread_name":"SpringApplicationShutdownHook","level":"INFO","level_value":20000,"service":"subscriber-service"}
{"@timestamp":"2025-09-17T16:22:03.06055524-03:00","@version":"1","message":"Channel 'subscriber-service.errorChannel' has 0 subscriber(s).","logger_name":"org.springframework.integration.channel.PublishSubscribeChannel","thread_name":"SpringApplicationShutdownHook","level":"INFO","level_value":20000,"service":"subscriber-service"}
{"@timestamp":"2025-09-17T16:22:03.060868778-03:00","@version":"1","message":"stopped bean '_org.springframework.integration.errorLogger'","logger_name":"org.springframework.integration.endpoint.EventDrivenConsumer","thread_name":"SpringApplicationShutdownHook","level":"INFO","level_value":20000,"service":"subscriber-service"}
{"@timestamp":"2025-09-17T16:22:03.061064567-03:00","@version":"1","message":"Removing {service-activator:orderEventListener.receiveOrderEvent.serviceActivator} as a subscriber to the 'ordersSubscriptionChannel' channel","logger_name":"org.springframework.integration.endpoint.EventDrivenConsumer","thread_name":"SpringApplicationShutdownHook","level":"INFO","level_value":20000,"service":"subscriber-service"}
{"@timestamp":"2025-09-17T16:22:03.061274434-03:00","@version":"1","message":"Channel 'subscriber-service.ordersSubscriptionChannel' has 0 subscriber(s).","logger_name":"org.springframework.integration.channel.DirectChannel","thread_name":"SpringApplicationShutdownHook","level":"INFO","level_value":20000,"service":"subscriber-service"}
{"@timestamp":"2025-09-17T16:22:03.061435848-03:00","@version":"1","message":"stopped bean 'orderEventListener.receiveOrderEvent.serviceActivator'","logger_name":"org.springframework.integration.endpoint.EventDrivenConsumer","thread_name":"SpringApplicationShutdownHook","level":"INFO","level_value":20000,"service":"subscriber-service"}
{"@timestamp":"2025-09-17T16:22:03.095224618-03:00","@version":"1","message":"Closing JPA EntityManagerFactory for persistence unit 'default'","logger_name":"org.springframework.orm.jpa.LocalContainerEntityManagerFactoryBean","thread_name":"SpringApplicationShutdownHook","level":"INFO","level_value":20000,"service":"subscriber-service"}
{"@timestamp":"2025-09-17T16:22:03.098062039-03:00","@version":"1","message":"SubscriberServicePool - Shutdown initiated...","logger_name":"com.zaxxer.hikari.HikariDataSource","thread_name":"SpringApplicationShutdownHook","level":"INFO","level_value":20000,"service":"subscriber-service"}
{"@timestamp":"2025-09-17T16:22:03.102928057-03:00","@version":"1","message":"SubscriberServicePool - Shutdown completed.","logger_name":"com.zaxxer.hikari.HikariDataSource","thread_name":"SpringApplicationShutdownHook","level":"INFO","level_value":20000,"service":"subscriber-service"}
{"@timestamp":"2025-09-17T16:25:06.715995214-03:00","@version":"1","message":"Starting SubscriberServiceApplication using Java 21.0.8 with PID 2136804 (/home/allan/source/observability/subscriber-service/target/subscriber-service-1.0.0-SNAPSHOT.jar started by allan in /home/allan/source/observability/subscriber-service)","logger_name":"com.example.observability.subscriber.SubscriberServiceApplication","thread_name":"main","level":"INFO","level_value":20000,"service":"subscriber-service"}
{"@timestamp":"2025-09-17T16:25:06.792726615-03:00","@version":"1","message":"The following 1 profile is active: \"local\"","logger_name":"com.example.observability.subscriber.SubscriberServiceApplication","thread_name":"main","level":"INFO","level_value":20000,"service":"subscriber-service"}
{"@timestamp":"2025-09-17T16:25:08.422882837-03:00","@version":"1","message":"Bootstrapping Spring Data JPA repositories in DEFAULT mode.","logger_name":"org.springframework.data.repository.config.RepositoryConfigurationDelegate","thread_name":"main","level":"INFO","level_value":20000,"service":"subscriber-service"}
{"@timestamp":"2025-09-17T16:25:08.611596595-03:00","@version":"1","message":"Finished Spring Data repository scanning in 180 ms. Found 1 JPA repository interface.","logger_name":"org.springframework.data.repository.config.RepositoryConfigurationDelegate","thread_name":"main","level":"INFO","level_value":20000,"service":"subscriber-service"}
{"@timestamp":"2025-09-17T16:25:08.725943897-03:00","@version":"1","message":"No bean named 'errorChannel' has been explicitly defined. Therefore, a default PublishSubscribeChannel will be created.","logger_name":"org.springframework.integration.config.DefaultConfiguringBeanFactoryPostProcessor","thread_name":"main","level":"INFO","level_value":20000,"service":"subscriber-service"}
{"@timestamp":"2025-09-17T16:25:08.743769173-03:00","@version":"1","message":"No bean named 'integrationHeaderChannelRegistry' has been explicitly defined. Therefore, a default DefaultHeaderChannelRegistry will be created.","logger_name":"org.springframework.integration.config.DefaultConfiguringBeanFactoryPostProcessor","thread_name":"main","level":"INFO","level_value":20000,"service":"subscriber-service"}
{"@timestamp":"2025-09-17T16:25:09.995448163-03:00","@version":"1","message":"Tomcat initialized with port 8081 (http)","logger_name":"org.springframework.boot.web.embedded.tomcat.TomcatWebServer","thread_name":"main","level":"INFO","level_value":20000,"service":"subscriber-service"}
{"@timestamp":"2025-09-17T16:25:10.047932972-03:00","@version":"1","message":"Starting service [Tomcat]","logger_name":"org.apache.catalina.core.StandardService","thread_name":"main","level":"INFO","level_value":20000,"service":"subscriber-service"}
{"@timestamp":"2025-09-17T16:25:10.048954755-03:00","@version":"1","message":"Starting Servlet engine: [Apache Tomcat/10.1.19]","logger_name":"org.apache.catalina.core.StandardEngine","thread_name":"main","level":"INFO","level_value":20000,"service":"subscriber-service"}
{"@timestamp":"2025-09-17T16:25:10.129948338-03:00","@version":"1","message":"Initializing Spring embedded WebApplicationContext","logger_name":"org.apache.catalina.core.ContainerBase.[Tomcat].[localhost].[/]","thread_name":"main","level":"INFO","level_value":20000,"service":"subscriber-service"}
{"@timestamp":"2025-09-17T16:25:10.130845229-03:00","@version":"1","message":"Root WebApplicationContext: initialization completed in 3191 ms","logger_name":"org.springframework.boot.web.servlet.context.ServletWebServerApplicationContext","thread_name":"main","level":"INFO","level_value":20000,"service":"subscriber-service"}
{"@timestamp":"2025-09-17T16:25:11.435021086-03:00","@version":"1","message":"HHH000204: Processing PersistenceUnitInfo [name: default]","logger_name":"org.hibernate.jpa.internal.util.LogHelper","thread_name":"main","level":"INFO","level_value":20000,"service":"subscriber-service"}
{"@timestamp":"2025-09-17T16:25:11.589886229-03:00","@version":"1","message":"HHH000412: Hibernate ORM core version 6.4.4.Final","logger_name":"org.hibernate.Version","thread_name":"main","level":"INFO","level_value":20000,"service":"subscriber-service"}
{"@timestamp":"2025-09-17T16:25:11.638898826-03:00","@version":"1","message":"HHH000026: Second-level cache disabled","logger_name":"org.hibernate.cache.internal.RegionFactoryInitiator","thread_name":"main","level":"INFO","level_value":20000,"service":"subscriber-service"}
{"@timestamp":"2025-09-17T16:25:11.856919609-03:00","@version":"1","message":"No LoadTimeWeaver setup: ignoring JPA class transformer","logger_name":"org.springframework.orm.jpa.persistenceunit.SpringPersistenceUnitInfo","thread_name":"main","level":"INFO","level_value":20000,"service":"subscriber-service"}
{"@timestamp":"2025-09-17T16:25:11.893364699-03:00","@version":"1","message":"SubscriberServicePool - Starting...","logger_name":"com.zaxxer.hikari.HikariDataSource","thread_name":"main","level":"INFO","level_value":20000,"service":"subscriber-service"}
{"@timestamp":"2025-09-17T16:25:12.191345012-03:00","@version":"1","message":"SubscriberServicePool - Added connection org.postgresql.jdbc.PgConnection@30336205","logger_name":"com.zaxxer.hikari.pool.HikariPool","thread_name":"main","level":"INFO","level_value":20000,"service":"subscriber-service"}
{"@timestamp":"2025-09-17T16:25:12.200800146-03:00","@version":"1","message":"SubscriberServicePool - Start completed.","logger_name":"com.zaxxer.hikari.HikariDataSource","thread_name":"main","level":"INFO","level_value":20000,"service":"subscriber-service"}
{"@timestamp":"2025-09-17T16:25:12.286288684-03:00","@version":"1","message":"HHH90000025: PostgreSQLDialect does not need to be specified explicitly using 'hibernate.dialect' (remove the property setting and it will be selected by default)","logger_name":"org.hibernate.orm.deprecation","thread_name":"main","level":"WARN","level_value":30000,"service":"subscriber-service"}
{"@timestamp":"2025-09-17T16:25:13.241385373-03:00","@version":"1","message":"HHH000489: No JTA platform available (set 'hibernate.transaction.jta.platform' to enable JTA platform integration)","logger_name":"org.hibernate.engine.transaction.jta.platform.internal.JtaPlatformInitiator","thread_name":"main","level":"INFO","level_value":20000,"service":"subscriber-service"}
{"@timestamp":"2025-09-17T16:25:13.244416885-03:00","@version":"1","message":"Initialized JPA EntityManagerFactory for persistence unit 'default'","logger_name":"org.springframework.orm.jpa.LocalContainerEntityManagerFactoryBean","thread_name":"main","level":"INFO","level_value":20000,"service":"subscriber-service"}
{"@timestamp":"2025-09-17T16:25:13.788017662-03:00","@version":"1","message":"Hibernate is in classpath; If applicable, HQL parser will be used.","logger_name":"org.springframework.data.jpa.repository.query.QueryEnhancerFactory","thread_name":"main","level":"INFO","level_value":20000,"service":"subscriber-service"}
{"@timestamp":"2025-09-17T16:25:14.740257119-03:00","@version":"1","message":"Pub/Sub configuration initialized - using @PubsubListener for message consumption","logger_name":"com.example.observability.subscriber.config.PubSubConfig","thread_name":"main","level":"INFO","level_value":20000,"service":"subscriber-service"}
{"@timestamp":"2025-09-17T16:25:14.759571718-03:00","@version":"1","message":"Creating orders-subscription-channel for Pub/Sub integration","logger_name":"com.example.observability.subscriber.config.PubSubIntegrationConfig","thread_name":"main","level":"INFO","level_value":20000,"service":"subscriber-service"}
{"@timestamp":"2025-09-17T16:25:15.011740523-03:00","@version":"1","message":"No core credentials are set. Service-specific credentials (e.g., spring.cloud.gcp.pubsub.credentials.*) should be used if your app uses services that require credentials.","logger_name":"com.google.cloud.spring.core.DefaultCredentialsProvider","thread_name":"main","level":"WARN","level_value":30000,"stack_trace":"java.io.IOException: Your default credentials were not found. To set up Application Default Credentials for your environment, see https://cloud.google.com/docs/authentication/external/set-up-adc.\n\tat com.google.auth.oauth2.DefaultCredentialsProvider.getDefaultCredentials(DefaultCredentialsProvider.java:127)\n\tat com.google.auth.oauth2.GoogleCredentials.getApplicationDefault(GoogleCredentials.java:152)\n\tat com.google.auth.oauth2.GoogleCredentials.getApplicationDefault(GoogleCredentials.java:124)\n\tat com.google.api.gax.core.GoogleCredentialsProvider.getCredentials(GoogleCredentialsProvider.java:70)\n\tat com.google.cloud.spring.core.DefaultCredentialsProvider.<init>(DefaultCredentialsProvider.java:101)\n\tat com.google.cloud.spring.autoconfigure.core.GcpContextAutoConfiguration.googleCredentials(GcpContextAutoConfiguration.java:56)\n\tat java.base/jdk.internal.reflect.DirectMethodHandleAccessor.invoke(DirectMethodHandleAccessor.java:103)\n\tat java.base/java.lang.reflect.Method.invoke(Method.java:580)\n\tat org.springframework.beans.factory.support.SimpleInstantiationStrategy.instantiate(SimpleInstantiationStrategy.java:140)\n\tat org.springframework.beans.factory.support.ConstructorResolver.instantiate(ConstructorResolver.java:644)\n\tat org.springframework.beans.factory.support.ConstructorResolver.instantiateUsingFactoryMethod(ConstructorResolver.java:485)\n\tat org.springframework.beans.factory.support.AbstractAutowireCapableBeanFactory.instantiateUsingFactoryMethod(AbstractAutowireCapableBeanFactory.java:1335)\n\tat org.springframework.beans.factory.support.AbstractAutowireCapableBeanFactory.createBeanInstance(AbstractAutowireCapableBeanFactory.java:1165)\n\tat org.springframework.beans.factory.support.AbstractAutowireCapableBeanFactory.doCreateBean(AbstractAutowireCapableBeanFactory.java:562)\n\tat org.springframework.beans.factory.support.AbstractAutowireCapableBeanFactory.createBean(AbstractAutowireCapableBeanFactory.java:522)\n\tat org.springframework.beans.factory.support.AbstractBeanFactory.lambda$doGetBean$0(AbstractBeanFactory.java:326)\n\tat org.springframework.beans.factory.support.DefaultSingletonBeanRegistry.getSingleton(DefaultSingletonBeanRegistry.java:234)\n\tat org.springframework.beans.factory.support.AbstractBeanFactory.doGetBean(AbstractBeanFactory.java:324)\n\tat org.springframework.beans.factory.support.AbstractBeanFactory.getBean(AbstractBeanFactory.java:200)\n\tat org.springframework.beans.factory.config.DependencyDescriptor.resolveCandidate(DependencyDescriptor.java:254)\n\tat org.springframework.beans.factory.support.DefaultListableBeanFactory.doResolveDependency(DefaultListableBeanFactory.java:1443)\n\tat org.springframework.beans.factory.support.DefaultListableBeanFactory.resolveDependency(DefaultListableBeanFactory.java:1353)\n\tat org.springframework.beans.factory.support.ConstructorResolver.resolveAutowiredArgument(ConstructorResolver.java:904)\n\tat org.springframework.beans.factory.support.ConstructorResolver.createArgumentArray(ConstructorResolver.java:782)\n\tat org.springframework.beans.factory.support.ConstructorResolver.autowireConstructor(ConstructorResolver.java:237)\n\tat org.springframework.beans.factory.support.AbstractAutowireCapableBeanFactory.autowireConstructor(AbstractAutowireCapableBeanFactory.java:1355)\n\tat org.springframework.beans.factory.support.AbstractAutowireCapableBeanFactory.createBeanInstance(AbstractAutowireCapableBeanFactory.java:1192)\n\tat org.springframework.beans.factory.support.AbstractAutowireCapableBeanFactory.doCreateBean(AbstractAutowireCapableBeanFactory.java:562)\n\tat org.springframework.beans.factory.support.AbstractAutowireCapableBeanFactory.createBean(AbstractAutowireCapableBeanFactory.java:522)\n\tat org.springframework.beans.factory.support.AbstractBeanFactory.lambda$doGetBean$0(AbstractBeanFactory.java:326)\n\tat org.springframework.beans.factory.support.DefaultSingletonBeanRegistry.getSingleton(DefaultSingletonBeanRegistry.java:234)\n\tat org.springframework.beans.factory.support.AbstractBeanFactory.doGetBean(AbstractBeanFactory.java:324)\n\tat org.springframework.beans.factory.support.AbstractBeanFactory.getBean(AbstractBeanFactory.java:200)\n\tat org.springframework.beans.factory.support.ConstructorResolver.instantiateUsingFactoryMethod(ConstructorResolver.java:409)\n\tat org.springframework.beans.factory.support.AbstractAutowireCapableBeanFactory.instantiateUsingFactoryMethod(AbstractAutowireCapableBeanFactory.java:1335)\n\tat org.springframework.beans.factory.support.AbstractAutowireCapableBeanFactory.createBeanInstance(AbstractAutowireCapableBeanFactory.java:1165)\n\tat org.springframework.beans.factory.support.AbstractAutowireCapableBeanFactory.doCreateBean(AbstractAutowireCapableBeanFactory.java:562)\n\tat org.springframework.beans.factory.support.AbstractAutowireCapableBeanFactory.createBean(AbstractAutowireCapableBeanFactory.java:522)\n\tat org.springframework.beans.factory.support.AbstractBeanFactory.lambda$doGetBean$0(AbstractBeanFactory.java:326)\n\tat org.springframework.beans.factory.support.DefaultSingletonBeanRegistry.getSingleton(DefaultSingletonBeanRegistry.java:234)\n\tat org.springframework.beans.factory.support.AbstractBeanFactory.doGetBean(AbstractBeanFactory.java:324)\n\tat org.springframework.beans.factory.support.AbstractBeanFactory.getBean(AbstractBeanFactory.java:200)\n\tat org.springframework.beans.factory.config.DependencyDescriptor.resolveCandidate(DependencyDescriptor.java:254)\n\tat org.springframework.beans.factory.support.DefaultListableBeanFactory.doResolveDependency(DefaultListableBeanFactory.java:1443)\n\tat org.springframework.beans.factory.support.DefaultListableBeanFactory.resolveDependency(DefaultListableBeanFactory.java:1353)\n\tat org.springframework.beans.factory.support.ConstructorResolver.resolveAutowiredArgument(ConstructorResolver.java:904)\n\tat org.springframework.beans.factory.support.ConstructorResolver.createArgumentArray(ConstructorResolver.java:782)\n\tat org.springframework.beans.factory.support.ConstructorResolver.instantiateUsingFactoryMethod(ConstructorResolver.java:542)\n\tat org.springframework.beans.factory.support.AbstractAutowireCapableBeanFactory.instantiateUsingFactoryMethod(AbstractAutowireCapableBeanFactory.java:1335)\n\tat org.springframework.beans.factory.support.AbstractAutowireCapableBeanFactory.createBeanInstance(AbstractAutowireCapableBeanFactory.java:1165)\n\tat org.springframework.beans.factory.support.AbstractAutowireCapableBeanFactory.doCreateBean(AbstractAutowireCapableBeanFactory.java:562)\n\tat org.springframework.beans.factory.support.AbstractAutowireCapableBeanFactory.createBean(AbstractAutowireCapableBeanFactory.java:522)\n\tat org.springframework.beans.factory.support.AbstractBeanFactory.lambda$doGetBean$0(AbstractBeanFactory.java:326)\n\tat org.springframework.beans.factory.support.DefaultSingletonBeanRegistry.getSingleton(DefaultSingletonBeanRegistry.java:234)\n\tat org.springframework.beans.factory.support.AbstractBeanFactory.doGetBean(AbstractBeanFactory.java:324)\n\tat org.springframework.beans.factory.support.AbstractBeanFactory.getBean(AbstractBeanFactory.java:200)\n\tat org.springframework.beans.factory.support.DefaultListableBeanFactory.preInstantiateSingletons(DefaultListableBeanFactory.java:975)\n\tat org.springframework.context.support.AbstractApplicationContext.finishBeanFactoryInitialization(AbstractApplicationContext.java:962)\n\tat org.springframework.context.support.AbstractApplicationContext.refresh(AbstractApplicationContext.java:624)\n\tat org.springframework.boot.web.servlet.context.ServletWebServerApplicationContext.refresh(ServletWebServerApplicationContext.java:146)\n\tat org.springframework.boot.SpringApplication.refresh(SpringApplication.java:754)\n\tat org.springframework.boot.SpringApplication.refreshContext(SpringApplication.java:456)\n\tat org.springframework.boot.SpringApplication.run(SpringApplication.java:334)\n\tat org.springframework.boot.SpringApplication.run(SpringApplication.java:1354)\n\tat org.springframework.boot.SpringApplication.run(SpringApplication.java:1343)\n\tat com.example.observability.subscriber.SubscriberServiceApplication.main(SubscriberServiceApplication.java:25)\n\tat java.base/jdk.internal.reflect.DirectMethodHandleAccessor.invoke(DirectMethodHandleAccessor.java:103)\n\tat java.base/java.lang.reflect.Method.invoke(Method.java:580)\n\tat org.springframework.boot.loader.launch.Launcher.launch(Launcher.java:91)\n\tat org.springframework.boot.loader.launch.Launcher.launch(Launcher.java:53)\n\tat org.springframework.boot.loader.launch.JarLauncher.main(JarLauncher.java:58)\n","service":"subscriber-service"}
{"@timestamp":"2025-09-17T16:25:15.444979627-03:00","@version":"1","message":"Creating PubSubInboundChannelAdapter for orders-subscription","logger_name":"com.example.observability.subscriber.config.PubSubIntegrationConfig","thread_name":"main","level":"INFO","level_value":20000,"service":"subscriber-service"}
{"@timestamp":"2025-09-17T16:25:15.451392224-03:00","@version":"1","message":"PubSubInboundChannelAdapter configured successfully","logger_name":"com.example.observability.subscriber.config.PubSubIntegrationConfig","thread_name":"main","level":"INFO","level_value":20000,"service":"subscriber-service"}
{"@timestamp":"2025-09-17T16:25:15.554630623-03:00","@version":"1","message":"spring.jpa.open-in-view is enabled by default. Therefore, database queries may be performed during view rendering. Explicitly configure spring.jpa.open-in-view to disable this warning","logger_name":"org.springframework.boot.autoconfigure.orm.jpa.JpaBaseConfiguration$JpaWebConfiguration","thread_name":"main","level":"WARN","level_value":30000,"service":"subscriber-service"}
{"@timestamp":"2025-09-17T16:25:17.083307906-03:00","@version":"1","message":"Exposing 10 endpoint(s) beneath base path '/actuator'","logger_name":"org.springframework.boot.actuate.endpoint.web.EndpointLinksResolver","thread_name":"main","level":"INFO","level_value":20000,"service":"subscriber-service"}
{"@timestamp":"2025-09-17T16:25:17.265132919-03:00","@version":"1","message":"Adding {logging-channel-adapter:_org.springframework.integration.errorLogger} as a subscriber to the 'errorChannel' channel","logger_name":"org.springframework.integration.endpoint.EventDrivenConsumer","thread_name":"main","level":"INFO","level_value":20000,"service":"subscriber-service"}
{"@timestamp":"2025-09-17T16:25:17.265917425-03:00","@version":"1","message":"Channel 'subscriber-service.errorChannel' has 1 subscriber(s).","logger_name":"org.springframework.integration.channel.PublishSubscribeChannel","thread_name":"main","level":"INFO","level_value":20000,"service":"subscriber-service"}
{"@timestamp":"2025-09-17T16:25:17.266370265-03:00","@version":"1","message":"started bean '_org.springframework.integration.errorLogger'","logger_name":"org.springframework.integration.endpoint.EventDrivenConsumer","thread_name":"main","level":"INFO","level_value":20000,"service":"subscriber-service"}
{"@timestamp":"2025-09-17T16:25:17.26688847-03:00","@version":"1","message":"Adding {service-activator:orderEventListener.receiveOrderEvent.serviceActivator} as a subscriber to the 'ordersSubscriptionChannel' channel","logger_name":"org.springframework.integration.endpoint.EventDrivenConsumer","thread_name":"main","level":"INFO","level_value":20000,"service":"subscriber-service"}
{"@timestamp":"2025-09-17T16:25:17.267588214-03:00","@version":"1","message":"Channel 'subscriber-service.ordersSubscriptionChannel' has 1 subscriber(s).","logger_name":"org.springframework.integration.channel.DirectChannel","thread_name":"main","level":"INFO","level_value":20000,"service":"subscriber-service"}
{"@timestamp":"2025-09-17T16:25:17.268161828-03:00","@version":"1","message":"started bean 'orderEventListener.receiveOrderEvent.serviceActivator'","logger_name":"org.springframework.integration.endpoint.EventDrivenConsumer","thread_name":"main","level":"INFO","level_value":20000,"service":"subscriber-service"}
{"@timestamp":"2025-09-17T16:25:17.29606869-03:00","@version":"1","message":"Tomcat started on port 8081 (http) with context path ''","logger_name":"org.springframework.boot.web.embedded.tomcat.TomcatWebServer","thread_name":"main","level":"INFO","level_value":20000,"service":"subscriber-service"}
{"@timestamp":"2025-09-17T16:25:17.31587299-03:00","@version":"1","message":"Started SubscriberServiceApplication in 11.862 seconds (process running for 15.232)","logger_name":"com.example.observability.subscriber.SubscriberServiceApplication","thread_name":"main","level":"INFO","level_value":20000,"service":"subscriber-service"}
{"@timestamp":"2025-09-17T16:25:23.739589553-03:00","@version":"1","message":"Initializing Spring DispatcherServlet 'dispatcherServlet'","logger_name":"org.apache.catalina.core.ContainerBase.[Tomcat].[localhost].[/]","thread_name":"tomcat-handler-0","level":"INFO","level_value":20000,"trace_id":"caebf498a76498052ff07b7ab82462b9","trace_flags":"01","span_id":"83b02134f9c47092","service":"subscriber-service"}
{"@timestamp":"2025-09-17T16:25:23.740364019-03:00","@version":"1","message":"Initializing Servlet 'dispatcherServlet'","logger_name":"org.springframework.web.servlet.DispatcherServlet","thread_name":"tomcat-handler-0","level":"INFO","level_value":20000,"trace_id":"caebf498a76498052ff07b7ab82462b9","trace_flags":"01","span_id":"83b02134f9c47092","service":"subscriber-service"}
{"@timestamp":"2025-09-17T16:25:23.742330872-03:00","@version":"1","message":"Completed initialization in 2 ms","logger_name":"org.springframework.web.servlet.DispatcherServlet","thread_name":"tomcat-handler-0","level":"INFO","level_value":20000,"trace_id":"caebf498a76498052ff07b7ab82462b9","trace_flags":"01","span_id":"83b02134f9c47092","service":"subscriber-service"}
{"@timestamp":"2025-09-17T16:25:25.842921926-03:00","@version":"1","message":"Received order event message: size=348 bytes, headers=[spanId, traceId, orderId, traceparent, customerId, eventType, source, id, gcp_pubsub_original_message, timestamp]","logger_name":"com.example.observability.subscriber.listener.OrderEventListener","thread_name":"global-gcp-pubsub-subscriber1","level":"INFO","level_value":20000,"traceId":"edfd39cfa56a39f1d4bbf31af7ca1f6a","spanId":"29564a4a925ee903","trace_id":"edfd39cfa56a39f1d4bbf31af7ca1f6a","trace_flags":"01","span_id":"a4d63c2b11a58746","service":"subscriber-service"}
{"@timestamp":"2025-09-17T16:25:25.926281284-03:00","@version":"1","message":"Processing order event: orderId=9a1cdd55-2767-4bda-9089-6fd1cff0eb05, eventType=ORDER_CREATED, customerId=customer-001","logger_name":"com.example.observability.subscriber.listener.OrderEventListener","thread_name":"global-gcp-pubsub-subscriber1","level":"INFO","level_value":20000,"traceId":"edfd39cfa56a39f1d4bbf31af7ca1f6a","spanId":"29564a4a925ee903","trace_id":"edfd39cfa56a39f1d4bbf31af7ca1f6a","trace_flags":"01","orderId":"9a1cdd55-2767-4bda-9089-6fd1cff0eb05","span_id":"a4d63c2b11a58746","customerId":"customer-001","eventType":"ORDER_CREATED","service":"subscriber-service"}
{"@timestamp":"2025-09-17T16:25:25.948485177-03:00","@version":"1","message":"Processing order event: orderId=9a1cdd55-2767-4bda-9089-6fd1cff0eb05, eventType=ORDER_CREATED, customerId=customer-001","logger_name":"com.example.observability.subscriber.service.OrderProcessingService","thread_name":"global-gcp-pubsub-subscriber1","level":"INFO","level_value":20000,"traceId":"edfd39cfa56a39f1d4bbf31af7ca1f6a","spanId":"a4d63c2b11a58746","trace_id":"edfd39cfa56a39f1d4bbf31af7ca1f6a","trace_flags":"01","orderId":"9a1cdd55-2767-4bda-9089-6fd1cff0eb05","span_id":"a4d63c2b11a58746","customerId":"customer-001","eventType":"ORDER_CREATED","service":"subscriber-service"}
{"@timestamp":"2025-09-17T16:25:26.55211333-03:00","@version":"1","message":"Order processed successfully: orderId=9a1cdd55-2767-4bda-9089-6fd1cff0eb05, newStatus=PROCESSED","logger_name":"com.example.observability.subscriber.service.OrderProcessingService","thread_name":"global-gcp-pubsub-subscriber1","level":"INFO","level_value":20000,"traceId":"edfd39cfa56a39f1d4bbf31af7ca1f6a","spanId":"a4d63c2b11a58746","trace_id":"edfd39cfa56a39f1d4bbf31af7ca1f6a","trace_flags":"01","orderId":"9a1cdd55-2767-4bda-9089-6fd1cff0eb05","span_id":"a4d63c2b11a58746","customerId":"customer-001","eventType":"ORDER_CREATED","service":"subscriber-service"}
{"@timestamp":"2025-09-17T16:25:26.556006412-03:00","@version":"1","message":"Order event processed successfully: orderId=9a1cdd55-2767-4bda-9089-6fd1cff0eb05","logger_name":"com.example.observability.subscriber.listener.OrderEventListener","thread_name":"global-gcp-pubsub-subscriber1","level":"INFO","level_value":20000,"traceId":"edfd39cfa56a39f1d4bbf31af7ca1f6a","spanId":"a4d63c2b11a58746","trace_id":"edfd39cfa56a39f1d4bbf31af7ca1f6a","trace_flags":"01","orderId":"9a1cdd55-2767-4bda-9089-6fd1cff0eb05","span_id":"a4d63c2b11a58746","customerId":"customer-001","eventType":"ORDER_CREATED","service":"subscriber-service"}
{"@timestamp":"2025-09-17T16:25:26.557728597-03:00","@version":"1","message":"Message processed and acknowledged successfully","logger_name":"com.example.observability.subscriber.listener.OrderEventListener","thread_name":"global-gcp-pubsub-subscriber1","level":"INFO","level_value":20000,"trace_id":"edfd39cfa56a39f1d4bbf31af7ca1f6a","trace_flags":"01","span_id":"a4d63c2b11a58746","service":"subscriber-service"}
{"@timestamp":"2025-09-17T16:26:24.95188795-03:00","@version":"1","message":"Removing {logging-channel-adapter:_org.springframework.integration.errorLogger} as a subscriber to the 'errorChannel' channel","logger_name":"org.springframework.integration.endpoint.EventDrivenConsumer","thread_name":"SpringApplicationShutdownHook","level":"INFO","level_value":20000,"service":"subscriber-service"}
{"@timestamp":"2025-09-17T16:26:24.952652987-03:00","@version":"1","message":"Channel 'subscriber-service.errorChannel' has 0 subscriber(s).","logger_name":"org.springframework.integration.channel.PublishSubscribeChannel","thread_name":"SpringApplicationShutdownHook","level":"INFO","level_value":20000,"service":"subscriber-service"}
{"@timestamp":"2025-09-17T16:26:24.952972704-03:00","@version":"1","message":"stopped bean '_org.springframework.integration.errorLogger'","logger_name":"org.springframework.integration.endpoint.EventDrivenConsumer","thread_name":"SpringApplicationShutdownHook","level":"INFO","level_value":20000,"service":"subscriber-service"}
{"@timestamp":"2025-09-17T16:26:24.953266338-03:00","@version":"1","message":"Removing {service-activator:orderEventListener.receiveOrderEvent.serviceActivator} as a subscriber to the 'ordersSubscriptionChannel' channel","logger_name":"org.springframework.integration.endpoint.EventDrivenConsumer","thread_name":"SpringApplicationShutdownHook","level":"INFO","level_value":20000,"service":"subscriber-service"}
{"@timestamp":"2025-09-17T16:26:24.95351032-03:00","@version":"1","message":"Channel 'subscriber-service.ordersSubscriptionChannel' has 0 subscriber(s).","logger_name":"org.springframework.integration.channel.DirectChannel","thread_name":"SpringApplicationShutdownHook","level":"INFO","level_value":20000,"service":"subscriber-service"}
{"@timestamp":"2025-09-17T16:26:24.953722642-03:00","@version":"1","message":"stopped bean 'orderEventListener.receiveOrderEvent.serviceActivator'","logger_name":"org.springframework.integration.endpoint.EventDrivenConsumer","thread_name":"SpringApplicationShutdownHook","level":"INFO","level_value":20000,"service":"subscriber-service"}
{"@timestamp":"2025-09-17T16:26:24.982051317-03:00","@version":"1","message":"Closing JPA EntityManagerFactory for persistence unit 'default'","logger_name":"org.springframework.orm.jpa.LocalContainerEntityManagerFactoryBean","thread_name":"SpringApplicationShutdownHook","level":"INFO","level_value":20000,"service":"subscriber-service"}
{"@timestamp":"2025-09-17T16:26:24.985128005-03:00","@version":"1","message":"SubscriberServicePool - Shutdown initiated...","logger_name":"com.zaxxer.hikari.HikariDataSource","thread_name":"SpringApplicationShutdownHook","level":"INFO","level_value":20000,"service":"subscriber-service"}
{"@timestamp":"2025-09-17T16:26:24.989934524-03:00","@version":"1","message":"SubscriberServicePool - Shutdown completed.","logger_name":"com.zaxxer.hikari.HikariDataSource","thread_name":"SpringApplicationShutdownHook","level":"INFO","level_value":20000,"service":"subscriber-service"}
{"@timestamp":"2025-09-17T16:26:39.068148894-03:00","@version":"1","message":"Starting SubscriberServiceApplication using Java 21.0.8 with PID 2139686 (/home/allan/source/observability/subscriber-service/target/subscriber-service-1.0.0-SNAPSHOT.jar started by allan in /home/allan/source/observability/subscriber-service)","logger_name":"com.example.observability.subscriber.SubscriberServiceApplication","thread_name":"main","level":"INFO","level_value":20000,"service":"subscriber-service"}
{"@timestamp":"2025-09-17T16:26:39.15237326-03:00","@version":"1","message":"The following 1 profile is active: \"local\"","logger_name":"com.example.observability.subscriber.SubscriberServiceApplication","thread_name":"main","level":"INFO","level_value":20000,"service":"subscriber-service"}
{"@timestamp":"2025-09-17T16:26:40.837567143-03:00","@version":"1","message":"Bootstrapping Spring Data JPA repositories in DEFAULT mode.","logger_name":"org.springframework.data.repository.config.RepositoryConfigurationDelegate","thread_name":"main","level":"INFO","level_value":20000,"service":"subscriber-service"}
{"@timestamp":"2025-09-17T16:26:41.038676619-03:00","@version":"1","message":"Finished Spring Data repository scanning in 194 ms. Found 1 JPA repository interface.","logger_name":"org.springframework.data.repository.config.RepositoryConfigurationDelegate","thread_name":"main","level":"INFO","level_value":20000,"service":"subscriber-service"}
{"@timestamp":"2025-09-17T16:26:41.156842725-03:00","@version":"1","message":"No bean named 'errorChannel' has been explicitly defined. Therefore, a default PublishSubscribeChannel will be created.","logger_name":"org.springframework.integration.config.DefaultConfiguringBeanFactoryPostProcessor","thread_name":"main","level":"INFO","level_value":20000,"service":"subscriber-service"}
{"@timestamp":"2025-09-17T16:26:41.173254904-03:00","@version":"1","message":"No bean named 'integrationHeaderChannelRegistry' has been explicitly defined. Therefore, a default DefaultHeaderChannelRegistry will be created.","logger_name":"org.springframework.integration.config.DefaultConfiguringBeanFactoryPostProcessor","thread_name":"main","level":"INFO","level_value":20000,"service":"subscriber-service"}
{"@timestamp":"2025-09-17T16:26:42.323713011-03:00","@version":"1","message":"Tomcat initialized with port 8081 (http)","logger_name":"org.springframework.boot.web.embedded.tomcat.TomcatWebServer","thread_name":"main","level":"INFO","level_value":20000,"service":"subscriber-service"}
{"@timestamp":"2025-09-17T16:26:42.361694684-03:00","@version":"1","message":"Starting service [Tomcat]","logger_name":"org.apache.catalina.core.StandardService","thread_name":"main","level":"INFO","level_value":20000,"service":"subscriber-service"}
{"@timestamp":"2025-09-17T16:26:42.362782105-03:00","@version":"1","message":"Starting Servlet engine: [Apache Tomcat/10.1.19]","logger_name":"org.apache.catalina.core.StandardEngine","thread_name":"main","level":"INFO","level_value":20000,"service":"subscriber-service"}
{"@timestamp":"2025-09-17T16:26:42.414570539-03:00","@version":"1","message":"Initializing Spring embedded WebApplicationContext","logger_name":"org.apache.catalina.core.ContainerBase.[Tomcat].[localhost].[/]","thread_name":"main","level":"INFO","level_value":20000,"service":"subscriber-service"}
{"@timestamp":"2025-09-17T16:26:42.415048937-03:00","@version":"1","message":"Root WebApplicationContext: initialization completed in 3137 ms","logger_name":"org.springframework.boot.web.servlet.context.ServletWebServerApplicationContext","thread_name":"main","level":"INFO","level_value":20000,"service":"subscriber-service"}
{"@timestamp":"2025-09-17T16:26:43.260869042-03:00","@version":"1","message":"HHH000204: Processing PersistenceUnitInfo [name: default]","logger_name":"org.hibernate.jpa.internal.util.LogHelper","thread_name":"main","level":"INFO","level_value":20000,"service":"subscriber-service"}
{"@timestamp":"2025-09-17T16:26:43.349799423-03:00","@version":"1","message":"HHH000412: Hibernate ORM core version 6.4.4.Final","logger_name":"org.hibernate.Version","thread_name":"main","level":"INFO","level_value":20000,"service":"subscriber-service"}
{"@timestamp":"2025-09-17T16:26:43.412436432-03:00","@version":"1","message":"HHH000026: Second-level cache disabled","logger_name":"org.hibernate.cache.internal.RegionFactoryInitiator","thread_name":"main","level":"INFO","level_value":20000,"service":"subscriber-service"}
{"@timestamp":"2025-09-17T16:26:43.701441701-03:00","@version":"1","message":"No LoadTimeWeaver setup: ignoring JPA class transformer","logger_name":"org.springframework.orm.jpa.persistenceunit.SpringPersistenceUnitInfo","thread_name":"main","level":"INFO","level_value":20000,"service":"subscriber-service"}
{"@timestamp":"2025-09-17T16:26:43.729730406-03:00","@version":"1","message":"SubscriberServicePool - Starting...","logger_name":"com.zaxxer.hikari.HikariDataSource","thread_name":"main","level":"INFO","level_value":20000,"service":"subscriber-service"}
{"@timestamp":"2025-09-17T16:26:43.998398482-03:00","@version":"1","message":"SubscriberServicePool - Added connection org.postgresql.jdbc.PgConnection@6dc4b990","logger_name":"com.zaxxer.hikari.pool.HikariPool","thread_name":"main","level":"INFO","level_value":20000,"service":"subscriber-service"}
{"@timestamp":"2025-09-17T16:26:44.008521129-03:00","@version":"1","message":"SubscriberServicePool - Start completed.","logger_name":"com.zaxxer.hikari.HikariDataSource","thread_name":"main","level":"INFO","level_value":20000,"service":"subscriber-service"}
{"@timestamp":"2025-09-17T16:26:44.083550742-03:00","@version":"1","message":"HHH90000025: PostgreSQLDialect does not need to be specified explicitly using 'hibernate.dialect' (remove the property setting and it will be selected by default)","logger_name":"org.hibernate.orm.deprecation","thread_name":"main","level":"WARN","level_value":30000,"service":"subscriber-service"}
{"@timestamp":"2025-09-17T16:26:44.942615372-03:00","@version":"1","message":"HHH000489: No JTA platform available (set 'hibernate.transaction.jta.platform' to enable JTA platform integration)","logger_name":"org.hibernate.engine.transaction.jta.platform.internal.JtaPlatformInitiator","thread_name":"main","level":"INFO","level_value":20000,"service":"subscriber-service"}
{"@timestamp":"2025-09-17T16:26:44.945555246-03:00","@version":"1","message":"Initialized JPA EntityManagerFactory for persistence unit 'default'","logger_name":"org.springframework.orm.jpa.LocalContainerEntityManagerFactoryBean","thread_name":"main","level":"INFO","level_value":20000,"service":"subscriber-service"}
{"@timestamp":"2025-09-17T16:26:45.400140342-03:00","@version":"1","message":"Hibernate is in classpath; If applicable, HQL parser will be used.","logger_name":"org.springframework.data.jpa.repository.query.QueryEnhancerFactory","thread_name":"main","level":"INFO","level_value":20000,"service":"subscriber-service"}
{"@timestamp":"2025-09-17T16:26:46.218322561-03:00","@version":"1","message":"Pub/Sub configuration initialized - using @PubsubListener for message consumption","logger_name":"com.example.observability.subscriber.config.PubSubConfig","thread_name":"main","level":"INFO","level_value":20000,"service":"subscriber-service"}
{"@timestamp":"2025-09-17T16:26:46.233292174-03:00","@version":"1","message":"Creating orders-subscription-channel for Pub/Sub integration","logger_name":"com.example.observability.subscriber.config.PubSubIntegrationConfig","thread_name":"main","level":"INFO","level_value":20000,"service":"subscriber-service"}
{"@timestamp":"2025-09-17T16:26:46.491061124-03:00","@version":"1","message":"No core credentials are set. Service-specific credentials (e.g., spring.cloud.gcp.pubsub.credentials.*) should be used if your app uses services that require credentials.","logger_name":"com.google.cloud.spring.core.DefaultCredentialsProvider","thread_name":"main","level":"WARN","level_value":30000,"stack_trace":"java.io.IOException: Your default credentials were not found. To set up Application Default Credentials for your environment, see https://cloud.google.com/docs/authentication/external/set-up-adc.\n\tat com.google.auth.oauth2.DefaultCredentialsProvider.getDefaultCredentials(DefaultCredentialsProvider.java:127)\n\tat com.google.auth.oauth2.GoogleCredentials.getApplicationDefault(GoogleCredentials.java:152)\n\tat com.google.auth.oauth2.GoogleCredentials.getApplicationDefault(GoogleCredentials.java:124)\n\tat com.google.api.gax.core.GoogleCredentialsProvider.getCredentials(GoogleCredentialsProvider.java:70)\n\tat com.google.cloud.spring.core.DefaultCredentialsProvider.<init>(DefaultCredentialsProvider.java:101)\n\tat com.google.cloud.spring.autoconfigure.core.GcpContextAutoConfiguration.googleCredentials(GcpContextAutoConfiguration.java:56)\n\tat java.base/jdk.internal.reflect.DirectMethodHandleAccessor.invoke(DirectMethodHandleAccessor.java:103)\n\tat java.base/java.lang.reflect.Method.invoke(Method.java:580)\n\tat org.springframework.beans.factory.support.SimpleInstantiationStrategy.instantiate(SimpleInstantiationStrategy.java:140)\n\tat org.springframework.beans.factory.support.ConstructorResolver.instantiate(ConstructorResolver.java:644)\n\tat org.springframework.beans.factory.support.ConstructorResolver.instantiateUsingFactoryMethod(ConstructorResolver.java:485)\n\tat org.springframework.beans.factory.support.AbstractAutowireCapableBeanFactory.instantiateUsingFactoryMethod(AbstractAutowireCapableBeanFactory.java:1335)\n\tat org.springframework.beans.factory.support.AbstractAutowireCapableBeanFactory.createBeanInstance(AbstractAutowireCapableBeanFactory.java:1165)\n\tat org.springframework.beans.factory.support.AbstractAutowireCapableBeanFactory.doCreateBean(AbstractAutowireCapableBeanFactory.java:562)\n\tat org.springframework.beans.factory.support.AbstractAutowireCapableBeanFactory.createBean(AbstractAutowireCapableBeanFactory.java:522)\n\tat org.springframework.beans.factory.support.AbstractBeanFactory.lambda$doGetBean$0(AbstractBeanFactory.java:326)\n\tat org.springframework.beans.factory.support.DefaultSingletonBeanRegistry.getSingleton(DefaultSingletonBeanRegistry.java:234)\n\tat org.springframework.beans.factory.support.AbstractBeanFactory.doGetBean(AbstractBeanFactory.java:324)\n\tat org.springframework.beans.factory.support.AbstractBeanFactory.getBean(AbstractBeanFactory.java:200)\n\tat org.springframework.beans.factory.config.DependencyDescriptor.resolveCandidate(DependencyDescriptor.java:254)\n\tat org.springframework.beans.factory.support.DefaultListableBeanFactory.doResolveDependency(DefaultListableBeanFactory.java:1443)\n\tat org.springframework.beans.factory.support.DefaultListableBeanFactory.resolveDependency(DefaultListableBeanFactory.java:1353)\n\tat org.springframework.beans.factory.support.ConstructorResolver.resolveAutowiredArgument(ConstructorResolver.java:904)\n\tat org.springframework.beans.factory.support.ConstructorResolver.createArgumentArray(ConstructorResolver.java:782)\n\tat org.springframework.beans.factory.support.ConstructorResolver.autowireConstructor(ConstructorResolver.java:237)\n\tat org.springframework.beans.factory.support.AbstractAutowireCapableBeanFactory.autowireConstructor(AbstractAutowireCapableBeanFactory.java:1355)\n\tat org.springframework.beans.factory.support.AbstractAutowireCapableBeanFactory.createBeanInstance(AbstractAutowireCapableBeanFactory.java:1192)\n\tat org.springframework.beans.factory.support.AbstractAutowireCapableBeanFactory.doCreateBean(AbstractAutowireCapableBeanFactory.java:562)\n\tat org.springframework.beans.factory.support.AbstractAutowireCapableBeanFactory.createBean(AbstractAutowireCapableBeanFactory.java:522)\n\tat org.springframework.beans.factory.support.AbstractBeanFactory.lambda$doGetBean$0(AbstractBeanFactory.java:326)\n\tat org.springframework.beans.factory.support.DefaultSingletonBeanRegistry.getSingleton(DefaultSingletonBeanRegistry.java:234)\n\tat org.springframework.beans.factory.support.AbstractBeanFactory.doGetBean(AbstractBeanFactory.java:324)\n\tat org.springframework.beans.factory.support.AbstractBeanFactory.getBean(AbstractBeanFactory.java:200)\n\tat org.springframework.beans.factory.support.ConstructorResolver.instantiateUsingFactoryMethod(ConstructorResolver.java:409)\n\tat org.springframework.beans.factory.support.AbstractAutowireCapableBeanFactory.instantiateUsingFactoryMethod(AbstractAutowireCapableBeanFactory.java:1335)\n\tat org.springframework.beans.factory.support.AbstractAutowireCapableBeanFactory.createBeanInstance(AbstractAutowireCapableBeanFactory.java:1165)\n\tat org.springframework.beans.factory.support.AbstractAutowireCapableBeanFactory.doCreateBean(AbstractAutowireCapableBeanFactory.java:562)\n\tat org.springframework.beans.factory.support.AbstractAutowireCapableBeanFactory.createBean(AbstractAutowireCapableBeanFactory.java:522)\n\tat org.springframework.beans.factory.support.AbstractBeanFactory.lambda$doGetBean$0(AbstractBeanFactory.java:326)\n\tat org.springframework.beans.factory.support.DefaultSingletonBeanRegistry.getSingleton(DefaultSingletonBeanRegistry.java:234)\n\tat org.springframework.beans.factory.support.AbstractBeanFactory.doGetBean(AbstractBeanFactory.java:324)\n\tat org.springframework.beans.factory.support.AbstractBeanFactory.getBean(AbstractBeanFactory.java:200)\n\tat org.springframework.beans.factory.config.DependencyDescriptor.resolveCandidate(DependencyDescriptor.java:254)\n\tat org.springframework.beans.factory.support.DefaultListableBeanFactory.doResolveDependency(DefaultListableBeanFactory.java:1443)\n\tat org.springframework.beans.factory.support.DefaultListableBeanFactory.resolveDependency(DefaultListableBeanFactory.java:1353)\n\tat org.springframework.beans.factory.support.ConstructorResolver.resolveAutowiredArgument(ConstructorResolver.java:904)\n\tat org.springframework.beans.factory.support.ConstructorResolver.createArgumentArray(ConstructorResolver.java:782)\n\tat org.springframework.beans.factory.support.ConstructorResolver.instantiateUsingFactoryMethod(ConstructorResolver.java:542)\n\tat org.springframework.beans.factory.support.AbstractAutowireCapableBeanFactory.instantiateUsingFactoryMethod(AbstractAutowireCapableBeanFactory.java:1335)\n\tat org.springframework.beans.factory.support.AbstractAutowireCapableBeanFactory.createBeanInstance(AbstractAutowireCapableBeanFactory.java:1165)\n\tat org.springframework.beans.factory.support.AbstractAutowireCapableBeanFactory.doCreateBean(AbstractAutowireCapableBeanFactory.java:562)\n\tat org.springframework.beans.factory.support.AbstractAutowireCapableBeanFactory.createBean(AbstractAutowireCapableBeanFactory.java:522)\n\tat org.springframework.beans.factory.support.AbstractBeanFactory.lambda$doGetBean$0(AbstractBeanFactory.java:326)\n\tat org.springframework.beans.factory.support.DefaultSingletonBeanRegistry.getSingleton(DefaultSingletonBeanRegistry.java:234)\n\tat org.springframework.beans.factory.support.AbstractBeanFactory.doGetBean(AbstractBeanFactory.java:324)\n\tat org.springframework.beans.factory.support.AbstractBeanFactory.getBean(AbstractBeanFactory.java:200)\n\tat org.springframework.beans.factory.support.DefaultListableBeanFactory.preInstantiateSingletons(DefaultListableBeanFactory.java:975)\n\tat org.springframework.context.support.AbstractApplicationContext.finishBeanFactoryInitialization(AbstractApplicationContext.java:962)\n\tat org.springframework.context.support.AbstractApplicationContext.refresh(AbstractApplicationContext.java:624)\n\tat org.springframework.boot.web.servlet.context.ServletWebServerApplicationContext.refresh(ServletWebServerApplicationContext.java:146)\n\tat org.springframework.boot.SpringApplication.refresh(SpringApplication.java:754)\n\tat org.springframework.boot.SpringApplication.refreshContext(SpringApplication.java:456)\n\tat org.springframework.boot.SpringApplication.run(SpringApplication.java:334)\n\tat org.springframework.boot.SpringApplication.run(SpringApplication.java:1354)\n\tat org.springframework.boot.SpringApplication.run(SpringApplication.java:1343)\n\tat com.example.observability.subscriber.SubscriberServiceApplication.main(SubscriberServiceApplication.java:25)\n\tat java.base/jdk.internal.reflect.DirectMethodHandleAccessor.invoke(DirectMethodHandleAccessor.java:103)\n\tat java.base/java.lang.reflect.Method.invoke(Method.java:580)\n\tat org.springframework.boot.loader.launch.Launcher.launch(Launcher.java:91)\n\tat org.springframework.boot.loader.launch.Launcher.launch(Launcher.java:53)\n\tat org.springframework.boot.loader.launch.JarLauncher.main(JarLauncher.java:58)\n","service":"subscriber-service"}
{"@timestamp":"2025-09-17T16:26:46.94725908-03:00","@version":"1","message":"Creating PubSubInboundChannelAdapter for orders-subscription","logger_name":"com.example.observability.subscriber.config.PubSubIntegrationConfig","thread_name":"main","level":"INFO","level_value":20000,"service":"subscriber-service"}
{"@timestamp":"2025-09-17T16:26:46.953892922-03:00","@version":"1","message":"PubSubInboundChannelAdapter configured successfully","logger_name":"com.example.observability.subscriber.config.PubSubIntegrationConfig","thread_name":"main","level":"INFO","level_value":20000,"service":"subscriber-service"}
{"@timestamp":"2025-09-17T16:26:47.057541321-03:00","@version":"1","message":"spring.jpa.open-in-view is enabled by default. Therefore, database queries may be performed during view rendering. Explicitly configure spring.jpa.open-in-view to disable this warning","logger_name":"org.springframework.boot.autoconfigure.orm.jpa.JpaBaseConfiguration$JpaWebConfiguration","thread_name":"main","level":"WARN","level_value":30000,"service":"subscriber-service"}
{"@timestamp":"2025-09-17T16:26:48.181949504-03:00","@version":"1","message":"Exposing 10 endpoint(s) beneath base path '/actuator'","logger_name":"org.springframework.boot.actuate.endpoint.web.EndpointLinksResolver","thread_name":"main","level":"INFO","level_value":20000,"service":"subscriber-service"}
{"@timestamp":"2025-09-17T16:26:48.375665138-03:00","@version":"1","message":"Adding {logging-channel-adapter:_org.springframework.integration.errorLogger} as a subscriber to the 'errorChannel' channel","logger_name":"org.springframework.integration.endpoint.EventDrivenConsumer","thread_name":"main","level":"INFO","level_value":20000,"service":"subscriber-service"}
{"@timestamp":"2025-09-17T16:26:48.376239733-03:00","@version":"1","message":"Channel 'subscriber-service.errorChannel' has 1 subscriber(s).","logger_name":"org.springframework.integration.channel.PublishSubscribeChannel","thread_name":"main","level":"INFO","level_value":20000,"service":"subscriber-service"}
{"@timestamp":"2025-09-17T16:26:48.376691245-03:00","@version":"1","message":"started bean '_org.springframework.integration.errorLogger'","logger_name":"org.springframework.integration.endpoint.EventDrivenConsumer","thread_name":"main","level":"INFO","level_value":20000,"service":"subscriber-service"}
{"@timestamp":"2025-09-17T16:26:48.377189188-03:00","@version":"1","message":"Adding {service-activator:orderEventListener.receiveOrderEvent.serviceActivator} as a subscriber to the 'ordersSubscriptionChannel' channel","logger_name":"org.springframework.integration.endpoint.EventDrivenConsumer","thread_name":"main","level":"INFO","level_value":20000,"service":"subscriber-service"}
{"@timestamp":"2025-09-17T16:26:48.377580778-03:00","@version":"1","message":"Channel 'subscriber-service.ordersSubscriptionChannel' has 1 subscriber(s).","logger_name":"org.springframework.integration.channel.DirectChannel","thread_name":"main","level":"INFO","level_value":20000,"service":"subscriber-service"}
{"@timestamp":"2025-09-17T16:26:48.377862065-03:00","@version":"1","message":"started bean 'orderEventListener.receiveOrderEvent.serviceActivator'","logger_name":"org.springframework.integration.endpoint.EventDrivenConsumer","thread_name":"main","level":"INFO","level_value":20000,"service":"subscriber-service"}
{"@timestamp":"2025-09-17T16:26:48.404732609-03:00","@version":"1","message":"Tomcat started on port 8081 (http) with context path ''","logger_name":"org.springframework.boot.web.embedded.tomcat.TomcatWebServer","thread_name":"main","level":"INFO","level_value":20000,"service":"subscriber-service"}
{"@timestamp":"2025-09-17T16:26:48.428610715-03:00","@version":"1","message":"Started SubscriberServiceApplication in 11.108 seconds (process running for 13.74)","logger_name":"com.example.observability.subscriber.SubscriberServiceApplication","thread_name":"main","level":"INFO","level_value":20000,"service":"subscriber-service"}
{"@timestamp":"2025-09-17T16:26:56.263615083-03:00","@version":"1","message":"Initializing Spring DispatcherServlet 'dispatcherServlet'","logger_name":"org.apache.catalina.core.ContainerBase.[Tomcat].[localhost].[/]","thread_name":"tomcat-handler-0","level":"INFO","level_value":20000,"trace_id":"628cc851a12136a34f35f679508b8590","trace_flags":"01","span_id":"39a8139e380a9691","service":"subscriber-service"}
{"@timestamp":"2025-09-17T16:26:56.264486509-03:00","@version":"1","message":"Initializing Servlet 'dispatcherServlet'","logger_name":"org.springframework.web.servlet.DispatcherServlet","thread_name":"tomcat-handler-0","level":"INFO","level_value":20000,"trace_id":"628cc851a12136a34f35f679508b8590","trace_flags":"01","span_id":"39a8139e380a9691","service":"subscriber-service"}
{"@timestamp":"2025-09-17T16:26:56.266281932-03:00","@version":"1","message":"Completed initialization in 2 ms","logger_name":"org.springframework.web.servlet.DispatcherServlet","thread_name":"tomcat-handler-0","level":"INFO","level_value":20000,"trace_id":"628cc851a12136a34f35f679508b8590","trace_flags":"01","span_id":"39a8139e380a9691","service":"subscriber-service"}
{"@timestamp":"2025-09-17T16:26:56.742390961-03:00","@version":"1","message":"Received order event message: size=348 bytes, headers=[spanId, traceId, orderId, traceparent, customerId, eventType, source, id, gcp_pubsub_original_message, timestamp]","logger_name":"com.example.observability.subscriber.listener.OrderEventListener","thread_name":"global-gcp-pubsub-subscriber1","level":"INFO","level_value":20000,"traceId":"36947b541dbd1e3fe1aa2cc82c3a19dd","spanId":"d70bc26284483096","trace_id":"36947b541dbd1e3fe1aa2cc82c3a19dd","trace_flags":"01","span_id":"680a4152ca03eb6f","service":"subscriber-service"}
{"@timestamp":"2025-09-17T16:26:56.806274555-03:00","@version":"1","message":"Processing order event: orderId=687094a8-7c49-441a-a388-a1c0503d2200, eventType=ORDER_CREATED, customerId=customer-001","logger_name":"com.example.observability.subscriber.listener.OrderEventListener","thread_name":"global-gcp-pubsub-subscriber1","level":"INFO","level_value":20000,"traceId":"36947b541dbd1e3fe1aa2cc82c3a19dd","spanId":"d70bc26284483096","trace_id":"36947b541dbd1e3fe1aa2cc82c3a19dd","trace_flags":"01","orderId":"687094a8-7c49-441a-a388-a1c0503d2200","span_id":"680a4152ca03eb6f","customerId":"customer-001","eventType":"ORDER_CREATED","service":"subscriber-service"}
{"@timestamp":"2025-09-17T16:26:56.827268225-03:00","@version":"1","message":"Processing order event: orderId=687094a8-7c49-441a-a388-a1c0503d2200, eventType=ORDER_CREATED, customerId=customer-001","logger_name":"com.example.observability.subscriber.service.OrderProcessingService","thread_name":"global-gcp-pubsub-subscriber1","level":"INFO","level_value":20000,"traceId":"36947b541dbd1e3fe1aa2cc82c3a19dd","spanId":"680a4152ca03eb6f","trace_id":"36947b541dbd1e3fe1aa2cc82c3a19dd","trace_flags":"01","orderId":"687094a8-7c49-441a-a388-a1c0503d2200","span_id":"680a4152ca03eb6f","customerId":"customer-001","eventType":"ORDER_CREATED","service":"subscriber-service"}
{"@timestamp":"2025-09-17T16:26:57.174509889-03:00","@version":"1","message":"Order processed successfully: orderId=687094a8-7c49-441a-a388-a1c0503d2200, newStatus=PROCESSED","logger_name":"com.example.observability.subscriber.service.OrderProcessingService","thread_name":"global-gcp-pubsub-subscriber1","level":"INFO","level_value":20000,"traceId":"36947b541dbd1e3fe1aa2cc82c3a19dd","spanId":"680a4152ca03eb6f","trace_id":"36947b541dbd1e3fe1aa2cc82c3a19dd","trace_flags":"01","orderId":"687094a8-7c49-441a-a388-a1c0503d2200","span_id":"680a4152ca03eb6f","customerId":"customer-001","eventType":"ORDER_CREATED","service":"subscriber-service"}
{"@timestamp":"2025-09-17T16:26:57.178745606-03:00","@version":"1","message":"Order event processed successfully: orderId=687094a8-7c49-441a-a388-a1c0503d2200","logger_name":"com.example.observability.subscriber.listener.OrderEventListener","thread_name":"global-gcp-pubsub-subscriber1","level":"INFO","level_value":20000,"traceId":"36947b541dbd1e3fe1aa2cc82c3a19dd","spanId":"680a4152ca03eb6f","trace_id":"36947b541dbd1e3fe1aa2cc82c3a19dd","trace_flags":"01","orderId":"687094a8-7c49-441a-a388-a1c0503d2200","span_id":"680a4152ca03eb6f","customerId":"customer-001","eventType":"ORDER_CREATED","service":"subscriber-service"}
{"@timestamp":"2025-09-17T16:26:57.180665108-03:00","@version":"1","message":"Message processed and acknowledged successfully","logger_name":"com.example.observability.subscriber.listener.OrderEventListener","thread_name":"global-gcp-pubsub-subscriber1","level":"INFO","level_value":20000,"trace_id":"36947b541dbd1e3fe1aa2cc82c3a19dd","trace_flags":"01","span_id":"680a4152ca03eb6f","service":"subscriber-service"}
{"@timestamp":"2025-09-17T16:29:56.275694751-03:00","@version":"1","message":"Received order event message: size=348 bytes, headers=[spanId, traceId, orderId, traceparent, customerId, eventType, source, id, gcp_pubsub_original_message, timestamp]","logger_name":"com.example.observability.subscriber.listener.OrderEventListener","thread_name":"global-gcp-pubsub-subscriber1","level":"INFO","level_value":20000,"traceId":"a95a3a72d412be086f4fb1480f02f490","spanId":"7485d105190caaa9","trace_id":"a95a3a72d412be086f4fb1480f02f490","trace_flags":"01","span_id":"a5cf98e3eade6aa1","service":"subscriber-service"}
{"@timestamp":"2025-09-17T16:29:56.276722792-03:00","@version":"1","message":"Processing order event: orderId=4ed683cf-086c-4c9b-965c-b42842a0e868, eventType=ORDER_CREATED, customerId=customer-001","logger_name":"com.example.observability.subscriber.listener.OrderEventListener","thread_name":"global-gcp-pubsub-subscriber1","level":"INFO","level_value":20000,"traceId":"a95a3a72d412be086f4fb1480f02f490","spanId":"7485d105190caaa9","trace_id":"a95a3a72d412be086f4fb1480f02f490","trace_flags":"01","orderId":"4ed683cf-086c-4c9b-965c-b42842a0e868","span_id":"a5cf98e3eade6aa1","customerId":"customer-001","eventType":"ORDER_CREATED","service":"subscriber-service"}
{"@timestamp":"2025-09-17T16:29:56.277763812-03:00","@version":"1","message":"Processing order event: orderId=4ed683cf-086c-4c9b-965c-b42842a0e868, eventType=ORDER_CREATED, customerId=customer-001","logger_name":"com.example.observability.subscriber.service.OrderProcessingService","thread_name":"global-gcp-pubsub-subscriber1","level":"INFO","level_value":20000,"traceId":"a95a3a72d412be086f4fb1480f02f490","spanId":"a5cf98e3eade6aa1","trace_id":"a95a3a72d412be086f4fb1480f02f490","trace_flags":"01","orderId":"4ed683cf-086c-4c9b-965c-b42842a0e868","span_id":"a5cf98e3eade6aa1","customerId":"customer-001","eventType":"ORDER_CREATED","service":"subscriber-service"}
{"@timestamp":"2025-09-17T16:29:56.553000495-03:00","@version":"1","message":"Order processed successfully: orderId=4ed683cf-086c-4c9b-965c-b42842a0e868, newStatus=PROCESSED","logger_name":"com.example.observability.subscriber.service.OrderProcessingService","thread_name":"global-gcp-pubsub-subscriber1","level":"INFO","level_value":20000,"traceId":"a95a3a72d412be086f4fb1480f02f490","spanId":"a5cf98e3eade6aa1","trace_id":"a95a3a72d412be086f4fb1480f02f490","trace_flags":"01","orderId":"4ed683cf-086c-4c9b-965c-b42842a0e868","span_id":"a5cf98e3eade6aa1","customerId":"customer-001","eventType":"ORDER_CREATED","service":"subscriber-service"}
{"@timestamp":"2025-09-17T16:29:56.555445226-03:00","@version":"1","message":"Order event processed successfully: orderId=4ed683cf-086c-4c9b-965c-b42842a0e868","logger_name":"com.example.observability.subscriber.listener.OrderEventListener","thread_name":"global-gcp-pubsub-subscriber1","level":"INFO","level_value":20000,"traceId":"a95a3a72d412be086f4fb1480f02f490","spanId":"a5cf98e3eade6aa1","trace_id":"a95a3a72d412be086f4fb1480f02f490","trace_flags":"01","orderId":"4ed683cf-086c-4c9b-965c-b42842a0e868","span_id":"a5cf98e3eade6aa1","customerId":"customer-001","eventType":"ORDER_CREATED","service":"subscriber-service"}
{"@timestamp":"2025-09-17T16:29:56.555760738-03:00","@version":"1","message":"Message processed and acknowledged successfully","logger_name":"com.example.observability.subscriber.listener.OrderEventListener","thread_name":"global-gcp-pubsub-subscriber1","level":"INFO","level_value":20000,"trace_id":"a95a3a72d412be086f4fb1480f02f490","trace_flags":"01","span_id":"a5cf98e3eade6aa1","service":"subscriber-service"}
{"@timestamp":"2025-09-17T16:30:38.163683827-03:00","@version":"1","message":"Removing {logging-channel-adapter:_org.springframework.integration.errorLogger} as a subscriber to the 'errorChannel' channel","logger_name":"org.springframework.integration.endpoint.EventDrivenConsumer","thread_name":"SpringApplicationShutdownHook","level":"INFO","level_value":20000,"service":"subscriber-service"}
{"@timestamp":"2025-09-17T16:30:38.164254481-03:00","@version":"1","message":"Channel 'subscriber-service.errorChannel' has 0 subscriber(s).","logger_name":"org.springframework.integration.channel.PublishSubscribeChannel","thread_name":"SpringApplicationShutdownHook","level":"INFO","level_value":20000,"service":"subscriber-service"}
{"@timestamp":"2025-09-17T16:30:38.164533563-03:00","@version":"1","message":"stopped bean '_org.springframework.integration.errorLogger'","logger_name":"org.springframework.integration.endpoint.EventDrivenConsumer","thread_name":"SpringApplicationShutdownHook","level":"INFO","level_value":20000,"service":"subscriber-service"}
{"@timestamp":"2025-09-17T16:30:38.164704487-03:00","@version":"1","message":"Removing {service-activator:orderEventListener.receiveOrderEvent.serviceActivator} as a subscriber to the 'ordersSubscriptionChannel' channel","logger_name":"org.springframework.integration.endpoint.EventDrivenConsumer","thread_name":"SpringApplicationShutdownHook","level":"INFO","level_value":20000,"service":"subscriber-service"}
{"@timestamp":"2025-09-17T16:30:38.164927667-03:00","@version":"1","message":"Channel 'subscriber-service.ordersSubscriptionChannel' has 0 subscriber(s).","logger_name":"org.springframework.integration.channel.DirectChannel","thread_name":"SpringApplicationShutdownHook","level":"INFO","level_value":20000,"service":"subscriber-service"}
{"@timestamp":"2025-09-17T16:30:38.165094379-03:00","@version":"1","message":"stopped bean 'orderEventListener.receiveOrderEvent.serviceActivator'","logger_name":"org.springframework.integration.endpoint.EventDrivenConsumer","thread_name":"SpringApplicationShutdownHook","level":"INFO","level_value":20000,"service":"subscriber-service"}
{"@timestamp":"2025-09-17T16:30:38.194652059-03:00","@version":"1","message":"Closing JPA EntityManagerFactory for persistence unit 'default'","logger_name":"org.springframework.orm.jpa.LocalContainerEntityManagerFactoryBean","thread_name":"SpringApplicationShutdownHook","level":"INFO","level_value":20000,"service":"subscriber-service"}
{"@timestamp":"2025-09-17T16:30:38.196815124-03:00","@version":"1","message":"SubscriberServicePool - Shutdown initiated...","logger_name":"com.zaxxer.hikari.HikariDataSource","thread_name":"SpringApplicationShutdownHook","level":"INFO","level_value":20000,"service":"subscriber-service"}
{"@timestamp":"2025-09-17T16:30:38.201463879-03:00","@version":"1","message":"SubscriberServicePool - Shutdown completed.","logger_name":"com.zaxxer.hikari.HikariDataSource","thread_name":"SpringApplicationShutdownHook","level":"INFO","level_value":20000,"service":"subscriber-service"}
{"@timestamp":"2025-09-17T16:32:57.209072965-03:00","@version":"1","message":"Starting SubscriberServiceApplication using Java 21.0.8 with PID 2151088 (/home/allan/source/observability/subscriber-service/target/subscriber-service-1.0.0-SNAPSHOT.jar started by allan in /home/allan/source/observability/subscriber-service)","logger_name":"com.example.observability.subscriber.SubscriberServiceApplication","thread_name":"main","level":"INFO","level_value":20000,"service":"subscriber-service"}
{"@timestamp":"2025-09-17T16:32:57.274175641-03:00","@version":"1","message":"The following 1 profile is active: \"local\"","logger_name":"com.example.observability.subscriber.SubscriberServiceApplication","thread_name":"main","level":"INFO","level_value":20000,"service":"subscriber-service"}
{"@timestamp":"2025-09-17T16:32:58.942584839-03:00","@version":"1","message":"Bootstrapping Spring Data JPA repositories in DEFAULT mode.","logger_name":"org.springframework.data.repository.config.RepositoryConfigurationDelegate","thread_name":"main","level":"INFO","level_value":20000,"service":"subscriber-service"}
{"@timestamp":"2025-09-17T16:32:59.217808809-03:00","@version":"1","message":"Finished Spring Data repository scanning in 262 ms. Found 1 JPA repository interface.","logger_name":"org.springframework.data.repository.config.RepositoryConfigurationDelegate","thread_name":"main","level":"INFO","level_value":20000,"service":"subscriber-service"}
{"@timestamp":"2025-09-17T16:32:59.323249074-03:00","@version":"1","message":"No bean named 'errorChannel' has been explicitly defined. Therefore, a default PublishSubscribeChannel will be created.","logger_name":"org.springframework.integration.config.DefaultConfiguringBeanFactoryPostProcessor","thread_name":"main","level":"INFO","level_value":20000,"service":"subscriber-service"}
{"@timestamp":"2025-09-17T16:32:59.343188387-03:00","@version":"1","message":"No bean named 'integrationHeaderChannelRegistry' has been explicitly defined. Therefore, a default DefaultHeaderChannelRegistry will be created.","logger_name":"org.springframework.integration.config.DefaultConfiguringBeanFactoryPostProcessor","thread_name":"main","level":"INFO","level_value":20000,"service":"subscriber-service"}
{"@timestamp":"2025-09-17T16:33:00.343417667-03:00","@version":"1","message":"Tomcat initialized with port 8081 (http)","logger_name":"org.springframework.boot.web.embedded.tomcat.TomcatWebServer","thread_name":"main","level":"INFO","level_value":20000,"service":"subscriber-service"}
{"@timestamp":"2025-09-17T16:33:00.388112892-03:00","@version":"1","message":"Starting service [Tomcat]","logger_name":"org.apache.catalina.core.StandardService","thread_name":"main","level":"INFO","level_value":20000,"service":"subscriber-service"}
{"@timestamp":"2025-09-17T16:33:00.389168018-03:00","@version":"1","message":"Starting Servlet engine: [Apache Tomcat/10.1.19]","logger_name":"org.apache.catalina.core.StandardEngine","thread_name":"main","level":"INFO","level_value":20000,"service":"subscriber-service"}
{"@timestamp":"2025-09-17T16:33:00.463411471-03:00","@version":"1","message":"Initializing Spring embedded WebApplicationContext","logger_name":"org.apache.catalina.core.ContainerBase.[Tomcat].[localhost].[/]","thread_name":"main","level":"INFO","level_value":20000,"service":"subscriber-service"}
{"@timestamp":"2025-09-17T16:33:00.464152035-03:00","@version":"1","message":"Root WebApplicationContext: initialization completed in 3084 ms","logger_name":"org.springframework.boot.web.servlet.context.ServletWebServerApplicationContext","thread_name":"main","level":"INFO","level_value":20000,"service":"subscriber-service"}
{"@timestamp":"2025-09-17T16:33:01.378660109-03:00","@version":"1","message":"HHH000204: Processing PersistenceUnitInfo [name: default]","logger_name":"org.hibernate.jpa.internal.util.LogHelper","thread_name":"main","level":"INFO","level_value":20000,"service":"subscriber-service"}
{"@timestamp":"2025-09-17T16:33:01.489070907-03:00","@version":"1","message":"HHH000412: Hibernate ORM core version 6.4.4.Final","logger_name":"org.hibernate.Version","thread_name":"main","level":"INFO","level_value":20000,"service":"subscriber-service"}
{"@timestamp":"2025-09-17T16:33:01.56101414-03:00","@version":"1","message":"HHH000026: Second-level cache disabled","logger_name":"org.hibernate.cache.internal.RegionFactoryInitiator","thread_name":"main","level":"INFO","level_value":20000,"service":"subscriber-service"}
{"@timestamp":"2025-09-17T16:33:01.876224073-03:00","@version":"1","message":"No LoadTimeWeaver setup: ignoring JPA class transformer","logger_name":"org.springframework.orm.jpa.persistenceunit.SpringPersistenceUnitInfo","thread_name":"main","level":"INFO","level_value":20000,"service":"subscriber-service"}
{"@timestamp":"2025-09-17T16:33:01.90496691-03:00","@version":"1","message":"SubscriberServicePool - Starting...","logger_name":"com.zaxxer.hikari.HikariDataSource","thread_name":"main","level":"INFO","level_value":20000,"service":"subscriber-service"}
{"@timestamp":"2025-09-17T16:33:02.183749495-03:00","@version":"1","message":"SubscriberServicePool - Added connection org.postgresql.jdbc.PgConnection@4e74adb","logger_name":"com.zaxxer.hikari.pool.HikariPool","thread_name":"main","level":"INFO","level_value":20000,"service":"subscriber-service"}
{"@timestamp":"2025-09-17T16:33:02.193477003-03:00","@version":"1","message":"SubscriberServicePool - Start completed.","logger_name":"com.zaxxer.hikari.HikariDataSource","thread_name":"main","level":"INFO","level_value":20000,"service":"subscriber-service"}
{"@timestamp":"2025-09-17T16:33:02.261411607-03:00","@version":"1","message":"HHH90000025: PostgreSQLDialect does not need to be specified explicitly using 'hibernate.dialect' (remove the property setting and it will be selected by default)","logger_name":"org.hibernate.orm.deprecation","thread_name":"main","level":"WARN","level_value":30000,"service":"subscriber-service"}
{"@timestamp":"2025-09-17T16:33:03.10250657-03:00","@version":"1","message":"HHH000489: No JTA platform available (set 'hibernate.transaction.jta.platform' to enable JTA platform integration)","logger_name":"org.hibernate.engine.transaction.jta.platform.internal.JtaPlatformInitiator","thread_name":"main","level":"INFO","level_value":20000,"service":"subscriber-service"}
{"@timestamp":"2025-09-17T16:33:03.105454901-03:00","@version":"1","message":"Initialized JPA EntityManagerFactory for persistence unit 'default'","logger_name":"org.springframework.orm.jpa.LocalContainerEntityManagerFactoryBean","thread_name":"main","level":"INFO","level_value":20000,"service":"subscriber-service"}
{"@timestamp":"2025-09-17T16:33:03.587202391-03:00","@version":"1","message":"Hibernate is in classpath; If applicable, HQL parser will be used.","logger_name":"org.springframework.data.jpa.repository.query.QueryEnhancerFactory","thread_name":"main","level":"INFO","level_value":20000,"service":"subscriber-service"}
{"@timestamp":"2025-09-17T16:33:04.238543568-03:00","@version":"1","message":"Pub/Sub configuration initialized - using @PubsubListener for message consumption","logger_name":"com.example.observability.subscriber.config.PubSubConfig","thread_name":"main","level":"INFO","level_value":20000,"service":"subscriber-service"}
{"@timestamp":"2025-09-17T16:33:04.258614273-03:00","@version":"1","message":"Creating orders-subscription-channel for Pub/Sub integration","logger_name":"com.example.observability.subscriber.config.PubSubIntegrationConfig","thread_name":"main","level":"INFO","level_value":20000,"service":"subscriber-service"}
{"@timestamp":"2025-09-17T16:33:04.49403379-03:00","@version":"1","message":"No core credentials are set. Service-specific credentials (e.g., spring.cloud.gcp.pubsub.credentials.*) should be used if your app uses services that require credentials.","logger_name":"com.google.cloud.spring.core.DefaultCredentialsProvider","thread_name":"main","level":"WARN","level_value":30000,"stack_trace":"java.io.IOException: Your default credentials were not found. To set up Application Default Credentials for your environment, see https://cloud.google.com/docs/authentication/external/set-up-adc.\n\tat com.google.auth.oauth2.DefaultCredentialsProvider.getDefaultCredentials(DefaultCredentialsProvider.java:127)\n\tat com.google.auth.oauth2.GoogleCredentials.getApplicationDefault(GoogleCredentials.java:152)\n\tat com.google.auth.oauth2.GoogleCredentials.getApplicationDefault(GoogleCredentials.java:124)\n\tat com.google.api.gax.core.GoogleCredentialsProvider.getCredentials(GoogleCredentialsProvider.java:70)\n\tat com.google.cloud.spring.core.DefaultCredentialsProvider.<init>(DefaultCredentialsProvider.java:101)\n\tat com.google.cloud.spring.autoconfigure.core.GcpContextAutoConfiguration.googleCredentials(GcpContextAutoConfiguration.java:56)\n\tat java.base/jdk.internal.reflect.DirectMethodHandleAccessor.invoke(DirectMethodHandleAccessor.java:103)\n\tat java.base/java.lang.reflect.Method.invoke(Method.java:580)\n\tat org.springframework.beans.factory.support.SimpleInstantiationStrategy.instantiate(SimpleInstantiationStrategy.java:140)\n\tat org.springframework.beans.factory.support.ConstructorResolver.instantiate(ConstructorResolver.java:644)\n\tat org.springframework.beans.factory.support.ConstructorResolver.instantiateUsingFactoryMethod(ConstructorResolver.java:485)\n\tat org.springframework.beans.factory.support.AbstractAutowireCapableBeanFactory.instantiateUsingFactoryMethod(AbstractAutowireCapableBeanFactory.java:1335)\n\tat org.springframework.beans.factory.support.AbstractAutowireCapableBeanFactory.createBeanInstance(AbstractAutowireCapableBeanFactory.java:1165)\n\tat org.springframework.beans.factory.support.AbstractAutowireCapableBeanFactory.doCreateBean(AbstractAutowireCapableBeanFactory.java:562)\n\tat org.springframework.beans.factory.support.AbstractAutowireCapableBeanFactory.createBean(AbstractAutowireCapableBeanFactory.java:522)\n\tat org.springframework.beans.factory.support.AbstractBeanFactory.lambda$doGetBean$0(AbstractBeanFactory.java:326)\n\tat org.springframework.beans.factory.support.DefaultSingletonBeanRegistry.getSingleton(DefaultSingletonBeanRegistry.java:234)\n\tat org.springframework.beans.factory.support.AbstractBeanFactory.doGetBean(AbstractBeanFactory.java:324)\n\tat org.springframework.beans.factory.support.AbstractBeanFactory.getBean(AbstractBeanFactory.java:200)\n\tat org.springframework.beans.factory.config.DependencyDescriptor.resolveCandidate(DependencyDescriptor.java:254)\n\tat org.springframework.beans.factory.support.DefaultListableBeanFactory.doResolveDependency(DefaultListableBeanFactory.java:1443)\n\tat org.springframework.beans.factory.support.DefaultListableBeanFactory.resolveDependency(DefaultListableBeanFactory.java:1353)\n\tat org.springframework.beans.factory.support.ConstructorResolver.resolveAutowiredArgument(ConstructorResolver.java:904)\n\tat org.springframework.beans.factory.support.ConstructorResolver.createArgumentArray(ConstructorResolver.java:782)\n\tat org.springframework.beans.factory.support.ConstructorResolver.autowireConstructor(ConstructorResolver.java:237)\n\tat org.springframework.beans.factory.support.AbstractAutowireCapableBeanFactory.autowireConstructor(AbstractAutowireCapableBeanFactory.java:1355)\n\tat org.springframework.beans.factory.support.AbstractAutowireCapableBeanFactory.createBeanInstance(AbstractAutowireCapableBeanFactory.java:1192)\n\tat org.springframework.beans.factory.support.AbstractAutowireCapableBeanFactory.doCreateBean(AbstractAutowireCapableBeanFactory.java:562)\n\tat org.springframework.beans.factory.support.AbstractAutowireCapableBeanFactory.createBean(AbstractAutowireCapableBeanFactory.java:522)\n\tat org.springframework.beans.factory.support.AbstractBeanFactory.lambda$doGetBean$0(AbstractBeanFactory.java:326)\n\tat org.springframework.beans.factory.support.DefaultSingletonBeanRegistry.getSingleton(DefaultSingletonBeanRegistry.java:234)\n\tat org.springframework.beans.factory.support.AbstractBeanFactory.doGetBean(AbstractBeanFactory.java:324)\n\tat org.springframework.beans.factory.support.AbstractBeanFactory.getBean(AbstractBeanFactory.java:200)\n\tat org.springframework.beans.factory.support.ConstructorResolver.instantiateUsingFactoryMethod(ConstructorResolver.java:409)\n\tat org.springframework.beans.factory.support.AbstractAutowireCapableBeanFactory.instantiateUsingFactoryMethod(AbstractAutowireCapableBeanFactory.java:1335)\n\tat org.springframework.beans.factory.support.AbstractAutowireCapableBeanFactory.createBeanInstance(AbstractAutowireCapableBeanFactory.java:1165)\n\tat org.springframework.beans.factory.support.AbstractAutowireCapableBeanFactory.doCreateBean(AbstractAutowireCapableBeanFactory.java:562)\n\tat org.springframework.beans.factory.support.AbstractAutowireCapableBeanFactory.createBean(AbstractAutowireCapableBeanFactory.java:522)\n\tat org.springframework.beans.factory.support.AbstractBeanFactory.lambda$doGetBean$0(AbstractBeanFactory.java:326)\n\tat org.springframework.beans.factory.support.DefaultSingletonBeanRegistry.getSingleton(DefaultSingletonBeanRegistry.java:234)\n\tat org.springframework.beans.factory.support.AbstractBeanFactory.doGetBean(AbstractBeanFactory.java:324)\n\tat org.springframework.beans.factory.support.AbstractBeanFactory.getBean(AbstractBeanFactory.java:200)\n\tat org.springframework.beans.factory.config.DependencyDescriptor.resolveCandidate(DependencyDescriptor.java:254)\n\tat org.springframework.beans.factory.support.DefaultListableBeanFactory.doResolveDependency(DefaultListableBeanFactory.java:1443)\n\tat org.springframework.beans.factory.support.DefaultListableBeanFactory.resolveDependency(DefaultListableBeanFactory.java:1353)\n\tat org.springframework.beans.factory.support.ConstructorResolver.resolveAutowiredArgument(ConstructorResolver.java:904)\n\tat org.springframework.beans.factory.support.ConstructorResolver.createArgumentArray(ConstructorResolver.java:782)\n\tat org.springframework.beans.factory.support.ConstructorResolver.instantiateUsingFactoryMethod(ConstructorResolver.java:542)\n\tat org.springframework.beans.factory.support.AbstractAutowireCapableBeanFactory.instantiateUsingFactoryMethod(AbstractAutowireCapableBeanFactory.java:1335)\n\tat org.springframework.beans.factory.support.AbstractAutowireCapableBeanFactory.createBeanInstance(AbstractAutowireCapableBeanFactory.java:1165)\n\tat org.springframework.beans.factory.support.AbstractAutowireCapableBeanFactory.doCreateBean(AbstractAutowireCapableBeanFactory.java:562)\n\tat org.springframework.beans.factory.support.AbstractAutowireCapableBeanFactory.createBean(AbstractAutowireCapableBeanFactory.java:522)\n\tat org.springframework.beans.factory.support.AbstractBeanFactory.lambda$doGetBean$0(AbstractBeanFactory.java:326)\n\tat org.springframework.beans.factory.support.DefaultSingletonBeanRegistry.getSingleton(DefaultSingletonBeanRegistry.java:234)\n\tat org.springframework.beans.factory.support.AbstractBeanFactory.doGetBean(AbstractBeanFactory.java:324)\n\tat org.springframework.beans.factory.support.AbstractBeanFactory.getBean(AbstractBeanFactory.java:200)\n\tat org.springframework.beans.factory.support.DefaultListableBeanFactory.preInstantiateSingletons(DefaultListableBeanFactory.java:975)\n\tat org.springframework.context.support.AbstractApplicationContext.finishBeanFactoryInitialization(AbstractApplicationContext.java:962)\n\tat org.springframework.context.support.AbstractApplicationContext.refresh(AbstractApplicationContext.java:624)\n\tat org.springframework.boot.web.servlet.context.ServletWebServerApplicationContext.refresh(ServletWebServerApplicationContext.java:146)\n\tat org.springframework.boot.SpringApplication.refresh(SpringApplication.java:754)\n\tat org.springframework.boot.SpringApplication.refreshContext(SpringApplication.java:456)\n\tat org.springframework.boot.SpringApplication.run(SpringApplication.java:334)\n\tat org.springframework.boot.SpringApplication.run(SpringApplication.java:1354)\n\tat org.springframework.boot.SpringApplication.run(SpringApplication.java:1343)\n\tat com.example.observability.subscriber.SubscriberServiceApplication.main(SubscriberServiceApplication.java:25)\n\tat java.base/jdk.internal.reflect.DirectMethodHandleAccessor.invoke(DirectMethodHandleAccessor.java:103)\n\tat java.base/java.lang.reflect.Method.invoke(Method.java:580)\n\tat org.springframework.boot.loader.launch.Launcher.launch(Launcher.java:91)\n\tat org.springframework.boot.loader.launch.Launcher.launch(Launcher.java:53)\n\tat org.springframework.boot.loader.launch.JarLauncher.main(JarLauncher.java:58)\n","service":"subscriber-service"}
{"@timestamp":"2025-09-17T16:33:04.839873889-03:00","@version":"1","message":"Creating PubSubInboundChannelAdapter for orders-subscription","logger_name":"com.example.observability.subscriber.config.PubSubIntegrationConfig","thread_name":"main","level":"INFO","level_value":20000,"service":"subscriber-service"}
{"@timestamp":"2025-09-17T16:33:04.846532922-03:00","@version":"1","message":"PubSubInboundChannelAdapter configured successfully","logger_name":"com.example.observability.subscriber.config.PubSubIntegrationConfig","thread_name":"main","level":"INFO","level_value":20000,"service":"subscriber-service"}
{"@timestamp":"2025-09-17T16:33:04.967750525-03:00","@version":"1","message":"spring.jpa.open-in-view is enabled by default. Therefore, database queries may be performed during view rendering. Explicitly configure spring.jpa.open-in-view to disable this warning","logger_name":"org.springframework.boot.autoconfigure.orm.jpa.JpaBaseConfiguration$JpaWebConfiguration","thread_name":"main","level":"WARN","level_value":30000,"service":"subscriber-service"}
{"@timestamp":"2025-09-17T16:33:06.160509949-03:00","@version":"1","message":"Exposing 10 endpoint(s) beneath base path '/actuator'","logger_name":"org.springframework.boot.actuate.endpoint.web.EndpointLinksResolver","thread_name":"main","level":"INFO","level_value":20000,"service":"subscriber-service"}
{"@timestamp":"2025-09-17T16:33:06.375954689-03:00","@version":"1","message":"Adding {logging-channel-adapter:_org.springframework.integration.errorLogger} as a subscriber to the 'errorChannel' channel","logger_name":"org.springframework.integration.endpoint.EventDrivenConsumer","thread_name":"main","level":"INFO","level_value":20000,"service":"subscriber-service"}
{"@timestamp":"2025-09-17T16:33:06.376565808-03:00","@version":"1","message":"Channel 'subscriber-service.errorChannel' has 1 subscriber(s).","logger_name":"org.springframework.integration.channel.PublishSubscribeChannel","thread_name":"main","level":"INFO","level_value":20000,"service":"subscriber-service"}
{"@timestamp":"2025-09-17T16:33:06.377199014-03:00","@version":"1","message":"started bean '_org.springframework.integration.errorLogger'","logger_name":"org.springframework.integration.endpoint.EventDrivenConsumer","thread_name":"main","level":"INFO","level_value":20000,"service":"subscriber-service"}
{"@timestamp":"2025-09-17T16:33:06.377984181-03:00","@version":"1","message":"Adding {service-activator:orderEventListener.receiveOrderEvent.serviceActivator} as a subscriber to the 'ordersSubscriptionChannel' channel","logger_name":"org.springframework.integration.endpoint.EventDrivenConsumer","thread_name":"main","level":"INFO","level_value":20000,"service":"subscriber-service"}
{"@timestamp":"2025-09-17T16:33:06.378404671-03:00","@version":"1","message":"Channel 'subscriber-service.ordersSubscriptionChannel' has 1 subscriber(s).","logger_name":"org.springframework.integration.channel.DirectChannel","thread_name":"main","level":"INFO","level_value":20000,"service":"subscriber-service"}
{"@timestamp":"2025-09-17T16:33:06.379066028-03:00","@version":"1","message":"started bean 'orderEventListener.receiveOrderEvent.serviceActivator'","logger_name":"org.springframework.integration.endpoint.EventDrivenConsumer","thread_name":"main","level":"INFO","level_value":20000,"service":"subscriber-service"}
{"@timestamp":"2025-09-17T16:33:06.411442636-03:00","@version":"1","message":"Tomcat started on port 8081 (http) with context path ''","logger_name":"org.springframework.boot.web.embedded.tomcat.TomcatWebServer","thread_name":"main","level":"INFO","level_value":20000,"service":"subscriber-service"}
{"@timestamp":"2025-09-17T16:33:06.431079722-03:00","@version":"1","message":"Started SubscriberServiceApplication in 10.279 seconds (process running for 13.866)","logger_name":"com.example.observability.subscriber.SubscriberServiceApplication","thread_name":"main","level":"INFO","level_value":20000,"service":"subscriber-service"}
{"@timestamp":"2025-09-17T16:33:10.318880585-03:00","@version":"1","message":"Processing message with distributed trace context restored","logger_name":"com.example.observability.subscriber.listener.OrderEventListener","thread_name":"global-gcp-pubsub-subscriber1","level":"INFO","level_value":20000,"traceId":"bd37f85d494905d2909bac9157a25909","spanId":"1402fd4d2dd05583","trace_id":"bd37f85d494905d2909bac9157a25909","trace_flags":"01","span_id":"03401d90ec600987","service":"subscriber-service"}
{"@timestamp":"2025-09-17T16:33:10.394403636-03:00","@version":"1","message":"Processing order event: orderId=1e0e7ed1-301a-4170-9f3a-cf2545cf11b6, eventType=ORDER_CREATED, customerId=customer-001","logger_name":"com.example.observability.subscriber.listener.OrderEventListener","thread_name":"global-gcp-pubsub-subscriber1","level":"INFO","level_value":20000,"traceId":"bd37f85d494905d2909bac9157a25909","spanId":"1402fd4d2dd05583","trace_id":"bd37f85d494905d2909bac9157a25909","trace_flags":"01","orderId":"1e0e7ed1-301a-4170-9f3a-cf2545cf11b6","span_id":"03401d90ec600987","customerId":"customer-001","eventType":"ORDER_CREATED","service":"subscriber-service"}
{"@timestamp":"2025-09-17T16:33:10.409584722-03:00","@version":"1","message":"Processing order event: orderId=1e0e7ed1-301a-4170-9f3a-cf2545cf11b6, eventType=ORDER_CREATED, customerId=customer-001","logger_name":"com.example.observability.subscriber.service.OrderProcessingService","thread_name":"global-gcp-pubsub-subscriber1","level":"INFO","level_value":20000,"traceId":"bd37f85d494905d2909bac9157a25909","spanId":"03401d90ec600987","trace_id":"bd37f85d494905d2909bac9157a25909","trace_flags":"01","orderId":"1e0e7ed1-301a-4170-9f3a-cf2545cf11b6","span_id":"03401d90ec600987","customerId":"customer-001","eventType":"ORDER_CREATED","service":"subscriber-service"}
{"@timestamp":"2025-09-17T16:33:11.014128666-03:00","@version":"1","message":"Order processed successfully: orderId=1e0e7ed1-301a-4170-9f3a-cf2545cf11b6, newStatus=PROCESSED","logger_name":"com.example.observability.subscriber.service.OrderProcessingService","thread_name":"global-gcp-pubsub-subscriber1","level":"INFO","level_value":20000,"traceId":"bd37f85d494905d2909bac9157a25909","spanId":"03401d90ec600987","trace_id":"bd37f85d494905d2909bac9157a25909","trace_flags":"01","orderId":"1e0e7ed1-301a-4170-9f3a-cf2545cf11b6","span_id":"03401d90ec600987","customerId":"customer-001","eventType":"ORDER_CREATED","service":"subscriber-service"}
{"@timestamp":"2025-09-17T16:33:11.020001484-03:00","@version":"1","message":"Order event processed successfully: orderId=1e0e7ed1-301a-4170-9f3a-cf2545cf11b6","logger_name":"com.example.observability.subscriber.listener.OrderEventListener","thread_name":"global-gcp-pubsub-subscriber1","level":"INFO","level_value":20000,"traceId":"bd37f85d494905d2909bac9157a25909","spanId":"03401d90ec600987","trace_id":"bd37f85d494905d2909bac9157a25909","trace_flags":"01","orderId":"1e0e7ed1-301a-4170-9f3a-cf2545cf11b6","span_id":"03401d90ec600987","customerId":"customer-001","eventType":"ORDER_CREATED","service":"subscriber-service"}
{"@timestamp":"2025-09-17T16:33:16.325576657-03:00","@version":"1","message":"Initializing Spring DispatcherServlet 'dispatcherServlet'","logger_name":"org.apache.catalina.core.ContainerBase.[Tomcat].[localhost].[/]","thread_name":"tomcat-handler-0","level":"INFO","level_value":20000,"trace_id":"48949df057800f74e4c4d6efc13b1f84","trace_flags":"01","span_id":"2e4c17f3cbaf6f82","service":"subscriber-service"}
{"@timestamp":"2025-09-17T16:33:16.326102201-03:00","@version":"1","message":"Initializing Servlet 'dispatcherServlet'","logger_name":"org.springframework.web.servlet.DispatcherServlet","thread_name":"tomcat-handler-0","level":"INFO","level_value":20000,"trace_id":"48949df057800f74e4c4d6efc13b1f84","trace_flags":"01","span_id":"2e4c17f3cbaf6f82","service":"subscriber-service"}
{"@timestamp":"2025-09-17T16:33:16.328684885-03:00","@version":"1","message":"Completed initialization in 2 ms","logger_name":"org.springframework.web.servlet.DispatcherServlet","thread_name":"tomcat-handler-0","level":"INFO","level_value":20000,"trace_id":"48949df057800f74e4c4d6efc13b1f84","trace_flags":"01","span_id":"2e4c17f3cbaf6f82","service":"subscriber-service"}
{"@timestamp":"2025-09-17T16:34:06.331588176-03:00","@version":"1","message":"Removing {logging-channel-adapter:_org.springframework.integration.errorLogger} as a subscriber to the 'errorChannel' channel","logger_name":"org.springframework.integration.endpoint.EventDrivenConsumer","thread_name":"SpringApplicationShutdownHook","level":"INFO","level_value":20000,"service":"subscriber-service"}
{"@timestamp":"2025-09-17T16:34:06.333408061-03:00","@version":"1","message":"Channel 'subscriber-service.errorChannel' has 0 subscriber(s).","logger_name":"org.springframework.integration.channel.PublishSubscribeChannel","thread_name":"SpringApplicationShutdownHook","level":"INFO","level_value":20000,"service":"subscriber-service"}
{"@timestamp":"2025-09-17T16:34:06.333724254-03:00","@version":"1","message":"stopped bean '_org.springframework.integration.errorLogger'","logger_name":"org.springframework.integration.endpoint.EventDrivenConsumer","thread_name":"SpringApplicationShutdownHook","level":"INFO","level_value":20000,"service":"subscriber-service"}
{"@timestamp":"2025-09-17T16:34:06.333948144-03:00","@version":"1","message":"Removing {service-activator:orderEventListener.receiveOrderEvent.serviceActivator} as a subscriber to the 'ordersSubscriptionChannel' channel","logger_name":"org.springframework.integration.endpoint.EventDrivenConsumer","thread_name":"SpringApplicationShutdownHook","level":"INFO","level_value":20000,"service":"subscriber-service"}
{"@timestamp":"2025-09-17T16:34:06.334226-03:00","@version":"1","message":"Channel 'subscriber-service.ordersSubscriptionChannel' has 0 subscriber(s).","logger_name":"org.springframework.integration.channel.DirectChannel","thread_name":"SpringApplicationShutdownHook","level":"INFO","level_value":20000,"service":"subscriber-service"}
{"@timestamp":"2025-09-17T16:34:06.334478802-03:00","@version":"1","message":"stopped bean 'orderEventListener.receiveOrderEvent.serviceActivator'","logger_name":"org.springframework.integration.endpoint.EventDrivenConsumer","thread_name":"SpringApplicationShutdownHook","level":"INFO","level_value":20000,"service":"subscriber-service"}
{"@timestamp":"2025-09-17T16:34:06.350812519-03:00","@version":"1","message":"Closing JPA EntityManagerFactory for persistence unit 'default'","logger_name":"org.springframework.orm.jpa.LocalContainerEntityManagerFactoryBean","thread_name":"SpringApplicationShutdownHook","level":"INFO","level_value":20000,"service":"subscriber-service"}
{"@timestamp":"2025-09-17T16:34:06.352943967-03:00","@version":"1","message":"SubscriberServicePool - Shutdown initiated...","logger_name":"com.zaxxer.hikari.HikariDataSource","thread_name":"SpringApplicationShutdownHook","level":"INFO","level_value":20000,"service":"subscriber-service"}
{"@timestamp":"2025-09-17T16:34:06.356980407-03:00","@version":"1","message":"SubscriberServicePool - Shutdown completed.","logger_name":"com.zaxxer.hikari.HikariDataSource","thread_name":"SpringApplicationShutdownHook","level":"INFO","level_value":20000,"service":"subscriber-service"}
{"@timestamp":"2025-09-17T16:39:30.315100844-03:00","@version":"1","message":"Starting SubscriberServiceApplication using Java 21.0.8 with PID 2162599 (/home/allan/source/observability/subscriber-service/target/subscriber-service-1.0.0-SNAPSHOT.jar started by allan in /home/allan/source/observability/subscriber-service)","logger_name":"com.example.observability.subscriber.SubscriberServiceApplication","thread_name":"main","level":"INFO","level_value":20000,"service":"subscriber-service"}
{"@timestamp":"2025-09-17T16:39:30.41907327-03:00","@version":"1","message":"The following 1 profile is active: \"local\"","logger_name":"com.example.observability.subscriber.SubscriberServiceApplication","thread_name":"main","level":"INFO","level_value":20000,"service":"subscriber-service"}
{"@timestamp":"2025-09-17T16:39:33.035631391-03:00","@version":"1","message":"Bootstrapping Spring Data JPA repositories in DEFAULT mode.","logger_name":"org.springframework.data.repository.config.RepositoryConfigurationDelegate","thread_name":"main","level":"INFO","level_value":20000,"service":"subscriber-service"}
{"@timestamp":"2025-09-17T16:39:33.449290242-03:00","@version":"1","message":"Finished Spring Data repository scanning in 399 ms. Found 1 JPA repository interface.","logger_name":"org.springframework.data.repository.config.RepositoryConfigurationDelegate","thread_name":"main","level":"INFO","level_value":20000,"service":"subscriber-service"}
{"@timestamp":"2025-09-17T16:39:33.610023371-03:00","@version":"1","message":"No bean named 'errorChannel' has been explicitly defined. Therefore, a default PublishSubscribeChannel will be created.","logger_name":"org.springframework.integration.config.DefaultConfiguringBeanFactoryPostProcessor","thread_name":"main","level":"INFO","level_value":20000,"service":"subscriber-service"}
{"@timestamp":"2025-09-17T16:39:33.631370807-03:00","@version":"1","message":"No bean named 'integrationHeaderChannelRegistry' has been explicitly defined. Therefore, a default DefaultHeaderChannelRegistry will be created.","logger_name":"org.springframework.integration.config.DefaultConfiguringBeanFactoryPostProcessor","thread_name":"main","level":"INFO","level_value":20000,"service":"subscriber-service"}
{"@timestamp":"2025-09-17T16:39:35.393293795-03:00","@version":"1","message":"Tomcat initialized with port 8081 (http)","logger_name":"org.springframework.boot.web.embedded.tomcat.TomcatWebServer","thread_name":"main","level":"INFO","level_value":20000,"service":"subscriber-service"}
{"@timestamp":"2025-09-17T16:39:35.461715036-03:00","@version":"1","message":"Starting service [Tomcat]","logger_name":"org.apache.catalina.core.StandardService","thread_name":"main","level":"INFO","level_value":20000,"service":"subscriber-service"}
{"@timestamp":"2025-09-17T16:39:35.46423931-03:00","@version":"1","message":"Starting Servlet engine: [Apache Tomcat/10.1.19]","logger_name":"org.apache.catalina.core.StandardEngine","thread_name":"main","level":"INFO","level_value":20000,"service":"subscriber-service"}
{"@timestamp":"2025-09-17T16:39:35.545541056-03:00","@version":"1","message":"Initializing Spring embedded WebApplicationContext","logger_name":"org.apache.catalina.core.ContainerBase.[Tomcat].[localhost].[/]","thread_name":"main","level":"INFO","level_value":20000,"service":"subscriber-service"}
{"@timestamp":"2025-09-17T16:39:35.546414228-03:00","@version":"1","message":"Root WebApplicationContext: initialization completed in 4973 ms","logger_name":"org.springframework.boot.web.servlet.context.ServletWebServerApplicationContext","thread_name":"main","level":"INFO","level_value":20000,"service":"subscriber-service"}
{"@timestamp":"2025-09-17T16:39:36.757363089-03:00","@version":"1","message":"HHH000204: Processing PersistenceUnitInfo [name: default]","logger_name":"org.hibernate.jpa.internal.util.LogHelper","thread_name":"main","level":"INFO","level_value":20000,"service":"subscriber-service"}
{"@timestamp":"2025-09-17T16:39:36.898989225-03:00","@version":"1","message":"HHH000412: Hibernate ORM core version 6.4.4.Final","logger_name":"org.hibernate.Version","thread_name":"main","level":"INFO","level_value":20000,"service":"subscriber-service"}
{"@timestamp":"2025-09-17T16:39:36.978453668-03:00","@version":"1","message":"HHH000026: Second-level cache disabled","logger_name":"org.hibernate.cache.internal.RegionFactoryInitiator","thread_name":"main","level":"INFO","level_value":20000,"service":"subscriber-service"}
{"@timestamp":"2025-09-17T16:39:37.276845839-03:00","@version":"1","message":"No LoadTimeWeaver setup: ignoring JPA class transformer","logger_name":"org.springframework.orm.jpa.persistenceunit.SpringPersistenceUnitInfo","thread_name":"main","level":"INFO","level_value":20000,"service":"subscriber-service"}
{"@timestamp":"2025-09-17T16:39:37.301900555-03:00","@version":"1","message":"SubscriberServicePool - Starting...","logger_name":"com.zaxxer.hikari.HikariDataSource","thread_name":"main","level":"INFO","level_value":20000,"service":"subscriber-service"}
{"@timestamp":"2025-09-17T16:39:37.595149962-03:00","@version":"1","message":"SubscriberServicePool - Added connection org.postgresql.jdbc.PgConnection@2d288c47","logger_name":"com.zaxxer.hikari.pool.HikariPool","thread_name":"main","level":"INFO","level_value":20000,"service":"subscriber-service"}
{"@timestamp":"2025-09-17T16:39:37.606637059-03:00","@version":"1","message":"SubscriberServicePool - Start completed.","logger_name":"com.zaxxer.hikari.HikariDataSource","thread_name":"main","level":"INFO","level_value":20000,"service":"subscriber-service"}
{"@timestamp":"2025-09-17T16:39:37.675033767-03:00","@version":"1","message":"HHH90000025: PostgreSQLDialect does not need to be specified explicitly using 'hibernate.dialect' (remove the property setting and it will be selected by default)","logger_name":"org.hibernate.orm.deprecation","thread_name":"main","level":"WARN","level_value":30000,"service":"subscriber-service"}
{"@timestamp":"2025-09-17T16:39:38.671500718-03:00","@version":"1","message":"HHH000489: No JTA platform available (set 'hibernate.transaction.jta.platform' to enable JTA platform integration)","logger_name":"org.hibernate.engine.transaction.jta.platform.internal.JtaPlatformInitiator","thread_name":"main","level":"INFO","level_value":20000,"service":"subscriber-service"}
{"@timestamp":"2025-09-17T16:39:38.674677535-03:00","@version":"1","message":"Initialized JPA EntityManagerFactory for persistence unit 'default'","logger_name":"org.springframework.orm.jpa.LocalContainerEntityManagerFactoryBean","thread_name":"main","level":"INFO","level_value":20000,"service":"subscriber-service"}
{"@timestamp":"2025-09-17T16:39:39.207049672-03:00","@version":"1","message":"Hibernate is in classpath; If applicable, HQL parser will be used.","logger_name":"org.springframework.data.jpa.repository.query.QueryEnhancerFactory","thread_name":"main","level":"INFO","level_value":20000,"service":"subscriber-service"}
{"@timestamp":"2025-09-17T16:39:39.945552859-03:00","@version":"1","message":"Pub/Sub configuration initialized - using @PubsubListener for message consumption","logger_name":"com.example.observability.subscriber.config.PubSubConfig","thread_name":"main","level":"INFO","level_value":20000,"service":"subscriber-service"}
{"@timestamp":"2025-09-17T16:39:39.959461407-03:00","@version":"1","message":"Creating orders-subscription-channel for Pub/Sub integration","logger_name":"com.example.observability.subscriber.config.PubSubIntegrationConfig","thread_name":"main","level":"INFO","level_value":20000,"service":"subscriber-service"}
{"@timestamp":"2025-09-17T16:39:40.220885966-03:00","@version":"1","message":"No core credentials are set. Service-specific credentials (e.g., spring.cloud.gcp.pubsub.credentials.*) should be used if your app uses services that require credentials.","logger_name":"com.google.cloud.spring.core.DefaultCredentialsProvider","thread_name":"main","level":"WARN","level_value":30000,"stack_trace":"java.io.IOException: Your default credentials were not found. To set up Application Default Credentials for your environment, see https://cloud.google.com/docs/authentication/external/set-up-adc.\n\tat com.google.auth.oauth2.DefaultCredentialsProvider.getDefaultCredentials(DefaultCredentialsProvider.java:127)\n\tat com.google.auth.oauth2.GoogleCredentials.getApplicationDefault(GoogleCredentials.java:152)\n\tat com.google.auth.oauth2.GoogleCredentials.getApplicationDefault(GoogleCredentials.java:124)\n\tat com.google.api.gax.core.GoogleCredentialsProvider.getCredentials(GoogleCredentialsProvider.java:70)\n\tat com.google.cloud.spring.core.DefaultCredentialsProvider.<init>(DefaultCredentialsProvider.java:101)\n\tat com.google.cloud.spring.autoconfigure.core.GcpContextAutoConfiguration.googleCredentials(GcpContextAutoConfiguration.java:56)\n\tat java.base/jdk.internal.reflect.DirectMethodHandleAccessor.invoke(DirectMethodHandleAccessor.java:103)\n\tat java.base/java.lang.reflect.Method.invoke(Method.java:580)\n\tat org.springframework.beans.factory.support.SimpleInstantiationStrategy.instantiate(SimpleInstantiationStrategy.java:140)\n\tat org.springframework.beans.factory.support.ConstructorResolver.instantiate(ConstructorResolver.java:644)\n\tat org.springframework.beans.factory.support.ConstructorResolver.instantiateUsingFactoryMethod(ConstructorResolver.java:485)\n\tat org.springframework.beans.factory.support.AbstractAutowireCapableBeanFactory.instantiateUsingFactoryMethod(AbstractAutowireCapableBeanFactory.java:1335)\n\tat org.springframework.beans.factory.support.AbstractAutowireCapableBeanFactory.createBeanInstance(AbstractAutowireCapableBeanFactory.java:1165)\n\tat org.springframework.beans.factory.support.AbstractAutowireCapableBeanFactory.doCreateBean(AbstractAutowireCapableBeanFactory.java:562)\n\tat org.springframework.beans.factory.support.AbstractAutowireCapableBeanFactory.createBean(AbstractAutowireCapableBeanFactory.java:522)\n\tat org.springframework.beans.factory.support.AbstractBeanFactory.lambda$doGetBean$0(AbstractBeanFactory.java:326)\n\tat org.springframework.beans.factory.support.DefaultSingletonBeanRegistry.getSingleton(DefaultSingletonBeanRegistry.java:234)\n\tat org.springframework.beans.factory.support.AbstractBeanFactory.doGetBean(AbstractBeanFactory.java:324)\n\tat org.springframework.beans.factory.support.AbstractBeanFactory.getBean(AbstractBeanFactory.java:200)\n\tat org.springframework.beans.factory.config.DependencyDescriptor.resolveCandidate(DependencyDescriptor.java:254)\n\tat org.springframework.beans.factory.support.DefaultListableBeanFactory.doResolveDependency(DefaultListableBeanFactory.java:1443)\n\tat org.springframework.beans.factory.support.DefaultListableBeanFactory.resolveDependency(DefaultListableBeanFactory.java:1353)\n\tat org.springframework.beans.factory.support.ConstructorResolver.resolveAutowiredArgument(ConstructorResolver.java:904)\n\tat org.springframework.beans.factory.support.ConstructorResolver.createArgumentArray(ConstructorResolver.java:782)\n\tat org.springframework.beans.factory.support.ConstructorResolver.autowireConstructor(ConstructorResolver.java:237)\n\tat org.springframework.beans.factory.support.AbstractAutowireCapableBeanFactory.autowireConstructor(AbstractAutowireCapableBeanFactory.java:1355)\n\tat org.springframework.beans.factory.support.AbstractAutowireCapableBeanFactory.createBeanInstance(AbstractAutowireCapableBeanFactory.java:1192)\n\tat org.springframework.beans.factory.support.AbstractAutowireCapableBeanFactory.doCreateBean(AbstractAutowireCapableBeanFactory.java:562)\n\tat org.springframework.beans.factory.support.AbstractAutowireCapableBeanFactory.createBean(AbstractAutowireCapableBeanFactory.java:522)\n\tat org.springframework.beans.factory.support.AbstractBeanFactory.lambda$doGetBean$0(AbstractBeanFactory.java:326)\n\tat org.springframework.beans.factory.support.DefaultSingletonBeanRegistry.getSingleton(DefaultSingletonBeanRegistry.java:234)\n\tat org.springframework.beans.factory.support.AbstractBeanFactory.doGetBean(AbstractBeanFactory.java:324)\n\tat org.springframework.beans.factory.support.AbstractBeanFactory.getBean(AbstractBeanFactory.java:200)\n\tat org.springframework.beans.factory.support.ConstructorResolver.instantiateUsingFactoryMethod(ConstructorResolver.java:409)\n\tat org.springframework.beans.factory.support.AbstractAutowireCapableBeanFactory.instantiateUsingFactoryMethod(AbstractAutowireCapableBeanFactory.java:1335)\n\tat org.springframework.beans.factory.support.AbstractAutowireCapableBeanFactory.createBeanInstance(AbstractAutowireCapableBeanFactory.java:1165)\n\tat org.springframework.beans.factory.support.AbstractAutowireCapableBeanFactory.doCreateBean(AbstractAutowireCapableBeanFactory.java:562)\n\tat org.springframework.beans.factory.support.AbstractAutowireCapableBeanFactory.createBean(AbstractAutowireCapableBeanFactory.java:522)\n\tat org.springframework.beans.factory.support.AbstractBeanFactory.lambda$doGetBean$0(AbstractBeanFactory.java:326)\n\tat org.springframework.beans.factory.support.DefaultSingletonBeanRegistry.getSingleton(DefaultSingletonBeanRegistry.java:234)\n\tat org.springframework.beans.factory.support.AbstractBeanFactory.doGetBean(AbstractBeanFactory.java:324)\n\tat org.springframework.beans.factory.support.AbstractBeanFactory.getBean(AbstractBeanFactory.java:200)\n\tat org.springframework.beans.factory.config.DependencyDescriptor.resolveCandidate(DependencyDescriptor.java:254)\n\tat org.springframework.beans.factory.support.DefaultListableBeanFactory.doResolveDependency(DefaultListableBeanFactory.java:1443)\n\tat org.springframework.beans.factory.support.DefaultListableBeanFactory.resolveDependency(DefaultListableBeanFactory.java:1353)\n\tat org.springframework.beans.factory.support.ConstructorResolver.resolveAutowiredArgument(ConstructorResolver.java:904)\n\tat org.springframework.beans.factory.support.ConstructorResolver.createArgumentArray(ConstructorResolver.java:782)\n\tat org.springframework.beans.factory.support.ConstructorResolver.instantiateUsingFactoryMethod(ConstructorResolver.java:542)\n\tat org.springframework.beans.factory.support.AbstractAutowireCapableBeanFactory.instantiateUsingFactoryMethod(AbstractAutowireCapableBeanFactory.java:1335)\n\tat org.springframework.beans.factory.support.AbstractAutowireCapableBeanFactory.createBeanInstance(AbstractAutowireCapableBeanFactory.java:1165)\n\tat org.springframework.beans.factory.support.AbstractAutowireCapableBeanFactory.doCreateBean(AbstractAutowireCapableBeanFactory.java:562)\n\tat org.springframework.beans.factory.support.AbstractAutowireCapableBeanFactory.createBean(AbstractAutowireCapableBeanFactory.java:522)\n\tat org.springframework.beans.factory.support.AbstractBeanFactory.lambda$doGetBean$0(AbstractBeanFactory.java:326)\n\tat org.springframework.beans.factory.support.DefaultSingletonBeanRegistry.getSingleton(DefaultSingletonBeanRegistry.java:234)\n\tat org.springframework.beans.factory.support.AbstractBeanFactory.doGetBean(AbstractBeanFactory.java:324)\n\tat org.springframework.beans.factory.support.AbstractBeanFactory.getBean(AbstractBeanFactory.java:200)\n\tat org.springframework.beans.factory.support.DefaultListableBeanFactory.preInstantiateSingletons(DefaultListableBeanFactory.java:975)\n\tat org.springframework.context.support.AbstractApplicationContext.finishBeanFactoryInitialization(AbstractApplicationContext.java:962)\n\tat org.springframework.context.support.AbstractApplicationContext.refresh(AbstractApplicationContext.java:624)\n\tat org.springframework.boot.web.servlet.context.ServletWebServerApplicationContext.refresh(ServletWebServerApplicationContext.java:146)\n\tat org.springframework.boot.SpringApplication.refresh(SpringApplication.java:754)\n\tat org.springframework.boot.SpringApplication.refreshContext(SpringApplication.java:456)\n\tat org.springframework.boot.SpringApplication.run(SpringApplication.java:334)\n\tat org.springframework.boot.SpringApplication.run(SpringApplication.java:1354)\n\tat org.springframework.boot.SpringApplication.run(SpringApplication.java:1343)\n\tat com.example.observability.subscriber.SubscriberServiceApplication.main(SubscriberServiceApplication.java:25)\n\tat java.base/jdk.internal.reflect.DirectMethodHandleAccessor.invoke(DirectMethodHandleAccessor.java:103)\n\tat java.base/java.lang.reflect.Method.invoke(Method.java:580)\n\tat org.springframework.boot.loader.launch.Launcher.launch(Launcher.java:91)\n\tat org.springframework.boot.loader.launch.Launcher.launch(Launcher.java:53)\n\tat org.springframework.boot.loader.launch.JarLauncher.main(JarLauncher.java:58)\n","service":"subscriber-service"}
{"@timestamp":"2025-09-17T16:39:40.615604296-03:00","@version":"1","message":"Creating PubSubInboundChannelAdapter for orders-subscription","logger_name":"com.example.observability.subscriber.config.PubSubIntegrationConfig","thread_name":"main","level":"INFO","level_value":20000,"service":"subscriber-service"}
{"@timestamp":"2025-09-17T16:39:40.623095524-03:00","@version":"1","message":"PubSubInboundChannelAdapter configured successfully","logger_name":"com.example.observability.subscriber.config.PubSubIntegrationConfig","thread_name":"main","level":"INFO","level_value":20000,"service":"subscriber-service"}
{"@timestamp":"2025-09-17T16:39:40.748250545-03:00","@version":"1","message":"spring.jpa.open-in-view is enabled by default. Therefore, database queries may be performed during view rendering. Explicitly configure spring.jpa.open-in-view to disable this warning","logger_name":"org.springframework.boot.autoconfigure.orm.jpa.JpaBaseConfiguration$JpaWebConfiguration","thread_name":"main","level":"WARN","level_value":30000,"service":"subscriber-service"}
{"@timestamp":"2025-09-17T16:39:42.126298394-03:00","@version":"1","message":"Exposing 10 endpoint(s) beneath base path '/actuator'","logger_name":"org.springframework.boot.actuate.endpoint.web.EndpointLinksResolver","thread_name":"main","level":"INFO","level_value":20000,"service":"subscriber-service"}
{"@timestamp":"2025-09-17T16:39:42.303311846-03:00","@version":"1","message":"Adding {logging-channel-adapter:_org.springframework.integration.errorLogger} as a subscriber to the 'errorChannel' channel","logger_name":"org.springframework.integration.endpoint.EventDrivenConsumer","thread_name":"main","level":"INFO","level_value":20000,"service":"subscriber-service"}
{"@timestamp":"2025-09-17T16:39:42.303916578-03:00","@version":"1","message":"Channel 'subscriber-service.errorChannel' has 1 subscriber(s).","logger_name":"org.springframework.integration.channel.PublishSubscribeChannel","thread_name":"main","level":"INFO","level_value":20000,"service":"subscriber-service"}
{"@timestamp":"2025-09-17T16:39:42.304389442-03:00","@version":"1","message":"started bean '_org.springframework.integration.errorLogger'","logger_name":"org.springframework.integration.endpoint.EventDrivenConsumer","thread_name":"main","level":"INFO","level_value":20000,"service":"subscriber-service"}
{"@timestamp":"2025-09-17T16:39:42.304899511-03:00","@version":"1","message":"Adding {service-activator:orderEventListener.receiveOrderEvent.serviceActivator} as a subscriber to the 'ordersSubscriptionChannel' channel","logger_name":"org.springframework.integration.endpoint.EventDrivenConsumer","thread_name":"main","level":"INFO","level_value":20000,"service":"subscriber-service"}
{"@timestamp":"2025-09-17T16:39:42.305383021-03:00","@version":"1","message":"Channel 'subscriber-service.ordersSubscriptionChannel' has 1 subscriber(s).","logger_name":"org.springframework.integration.channel.DirectChannel","thread_name":"main","level":"INFO","level_value":20000,"service":"subscriber-service"}
{"@timestamp":"2025-09-17T16:39:42.30568711-03:00","@version":"1","message":"started bean 'orderEventListener.receiveOrderEvent.serviceActivator'","logger_name":"org.springframework.integration.endpoint.EventDrivenConsumer","thread_name":"main","level":"INFO","level_value":20000,"service":"subscriber-service"}
{"@timestamp":"2025-09-17T16:39:42.332230999-03:00","@version":"1","message":"Tomcat started on port 8081 (http) with context path ''","logger_name":"org.springframework.boot.web.embedded.tomcat.TomcatWebServer","thread_name":"main","level":"INFO","level_value":20000,"service":"subscriber-service"}
{"@timestamp":"2025-09-17T16:39:42.356359049-03:00","@version":"1","message":"Started SubscriberServiceApplication in 13.154 seconds (process running for 16.728)","logger_name":"com.example.observability.subscriber.SubscriberServiceApplication","thread_name":"main","level":"INFO","level_value":20000,"service":"subscriber-service"}
{"@timestamp":"2025-09-17T16:39:45.168471668-03:00","@version":"1","message":"Initializing Spring DispatcherServlet 'dispatcherServlet'","logger_name":"org.apache.catalina.core.ContainerBase.[Tomcat].[localhost].[/]","thread_name":"tomcat-handler-0","level":"INFO","level_value":20000,"trace_id":"56a0ad34f4e569810014ba6680f6a411","trace_flags":"01","span_id":"a22fb220737e55af","service":"subscriber-service"}
{"@timestamp":"2025-09-17T16:39:45.169064182-03:00","@version":"1","message":"Initializing Servlet 'dispatcherServlet'","logger_name":"org.springframework.web.servlet.DispatcherServlet","thread_name":"tomcat-handler-0","level":"INFO","level_value":20000,"trace_id":"56a0ad34f4e569810014ba6680f6a411","trace_flags":"01","span_id":"a22fb220737e55af","service":"subscriber-service"}
{"@timestamp":"2025-09-17T16:39:45.170489283-03:00","@version":"1","message":"Completed initialization in 1 ms","logger_name":"org.springframework.web.servlet.DispatcherServlet","thread_name":"tomcat-handler-0","level":"INFO","level_value":20000,"trace_id":"56a0ad34f4e569810014ba6680f6a411","trace_flags":"01","span_id":"a22fb220737e55af","service":"subscriber-service"}
{"@timestamp":"2025-09-17T16:41:11.663880952-03:00","@version":"1","message":"Processing message with distributed trace context restored","logger_name":"com.example.observability.subscriber.listener.OrderEventListener","thread_name":"global-gcp-pubsub-subscriber1","level":"INFO","level_value":20000,"traceId":"bc4bdadfdfd8791e443fac629453747b","spanId":"fdf0781e1a0343b9","trace_id":"bc4bdadfdfd8791e443fac629453747b","trace_flags":"01","span_id":"0a0495e0a5fa3c91","service":"subscriber-service"}
{"@timestamp":"2025-09-17T16:41:11.735126594-03:00","@version":"1","message":"Processing order event: orderId=2b031ff4-5c83-4122-912f-c9452799d319, eventType=ORDER_CREATED, customerId=customer-001","logger_name":"com.example.observability.subscriber.listener.OrderEventListener","thread_name":"global-gcp-pubsub-subscriber1","level":"INFO","level_value":20000,"traceId":"bc4bdadfdfd8791e443fac629453747b","spanId":"fdf0781e1a0343b9","trace_id":"bc4bdadfdfd8791e443fac629453747b","trace_flags":"01","orderId":"2b031ff4-5c83-4122-912f-c9452799d319","span_id":"0a0495e0a5fa3c91","customerId":"customer-001","eventType":"ORDER_CREATED","service":"subscriber-service"}
{"@timestamp":"2025-09-17T16:41:11.752110428-03:00","@version":"1","message":"Processing order event: orderId=2b031ff4-5c83-4122-912f-c9452799d319, eventType=ORDER_CREATED, customerId=customer-001","logger_name":"com.example.observability.subscriber.service.OrderProcessingService","thread_name":"global-gcp-pubsub-subscriber1","level":"INFO","level_value":20000,"traceId":"bc4bdadfdfd8791e443fac629453747b","spanId":"0a0495e0a5fa3c91","trace_id":"bc4bdadfdfd8791e443fac629453747b","trace_flags":"01","orderId":"2b031ff4-5c83-4122-912f-c9452799d319","span_id":"0a0495e0a5fa3c91","customerId":"customer-001","eventType":"ORDER_CREATED","service":"subscriber-service"}
{"@timestamp":"2025-09-17T16:41:12.164995616-03:00","@version":"1","message":"Order processed successfully: orderId=2b031ff4-5c83-4122-912f-c9452799d319, newStatus=PROCESSED","logger_name":"com.example.observability.subscriber.service.OrderProcessingService","thread_name":"global-gcp-pubsub-subscriber1","level":"INFO","level_value":20000,"traceId":"bc4bdadfdfd8791e443fac629453747b","spanId":"0a0495e0a5fa3c91","trace_id":"bc4bdadfdfd8791e443fac629453747b","trace_flags":"01","orderId":"2b031ff4-5c83-4122-912f-c9452799d319","span_id":"0a0495e0a5fa3c91","customerId":"customer-001","eventType":"ORDER_CREATED","service":"subscriber-service"}
{"@timestamp":"2025-09-17T16:41:12.171684625-03:00","@version":"1","message":"Order event processed successfully: orderId=2b031ff4-5c83-4122-912f-c9452799d319","logger_name":"com.example.observability.subscriber.listener.OrderEventListener","thread_name":"global-gcp-pubsub-subscriber1","level":"INFO","level_value":20000,"traceId":"bc4bdadfdfd8791e443fac629453747b","spanId":"0a0495e0a5fa3c91","trace_id":"bc4bdadfdfd8791e443fac629453747b","trace_flags":"01","orderId":"2b031ff4-5c83-4122-912f-c9452799d319","span_id":"0a0495e0a5fa3c91","customerId":"customer-001","eventType":"ORDER_CREATED","service":"subscriber-service"}
{"@timestamp":"2025-09-17T17:23:48.639006426-03:00","@version":"1","message":"Processing message with distributed trace context restored","logger_name":"com.example.observability.subscriber.listener.OrderEventListener","thread_name":"global-gcp-pubsub-subscriber1","level":"INFO","level_value":20000,"traceId":"db0322dd147326fe6f7b9c224496c65b","spanId":"fe3ef1cd3430fc4a","trace_id":"db0322dd147326fe6f7b9c224496c65b","trace_flags":"01","span_id":"03885c5c20cbf229","service":"subscriber-service"}
{"@timestamp":"2025-09-17T17:23:48.644641514-03:00","@version":"1","message":"Processing order event: orderId=b302d6c5-220b-4a41-b33e-b2e1f18e8a75, eventType=ORDER_CREATED, customerId=customer-001","logger_name":"com.example.observability.subscriber.listener.OrderEventListener","thread_name":"global-gcp-pubsub-subscriber1","level":"INFO","level_value":20000,"traceId":"db0322dd147326fe6f7b9c224496c65b","spanId":"fe3ef1cd3430fc4a","trace_id":"db0322dd147326fe6f7b9c224496c65b","trace_flags":"01","orderId":"b302d6c5-220b-4a41-b33e-b2e1f18e8a75","span_id":"03885c5c20cbf229","customerId":"customer-001","eventType":"ORDER_CREATED","service":"subscriber-service"}
{"@timestamp":"2025-09-17T17:23:48.648235082-03:00","@version":"1","message":"Processing order event: orderId=b302d6c5-220b-4a41-b33e-b2e1f18e8a75, eventType=ORDER_CREATED, customerId=customer-001","logger_name":"com.example.observability.subscriber.service.OrderProcessingService","thread_name":"global-gcp-pubsub-subscriber1","level":"INFO","level_value":20000,"traceId":"db0322dd147326fe6f7b9c224496c65b","spanId":"03885c5c20cbf229","trace_id":"db0322dd147326fe6f7b9c224496c65b","trace_flags":"01","orderId":"b302d6c5-220b-4a41-b33e-b2e1f18e8a75","span_id":"03885c5c20cbf229","customerId":"customer-001","eventType":"ORDER_CREATED","service":"subscriber-service"}
{"@timestamp":"2025-09-17T17:23:48.822408609-03:00","@version":"1","message":"Order processed successfully: orderId=b302d6c5-220b-4a41-b33e-b2e1f18e8a75, newStatus=PROCESSED","logger_name":"com.example.observability.subscriber.service.OrderProcessingService","thread_name":"global-gcp-pubsub-subscriber1","level":"INFO","level_value":20000,"traceId":"db0322dd147326fe6f7b9c224496c65b","spanId":"03885c5c20cbf229","trace_id":"db0322dd147326fe6f7b9c224496c65b","trace_flags":"01","orderId":"b302d6c5-220b-4a41-b33e-b2e1f18e8a75","span_id":"03885c5c20cbf229","customerId":"customer-001","eventType":"ORDER_CREATED","service":"subscriber-service"}
{"@timestamp":"2025-09-17T17:23:48.824750341-03:00","@version":"1","message":"Order event processed successfully: orderId=b302d6c5-220b-4a41-b33e-b2e1f18e8a75","logger_name":"com.example.observability.subscriber.listener.OrderEventListener","thread_name":"global-gcp-pubsub-subscriber1","level":"INFO","level_value":20000,"traceId":"db0322dd147326fe6f7b9c224496c65b","spanId":"03885c5c20cbf229","trace_id":"db0322dd147326fe6f7b9c224496c65b","trace_flags":"01","orderId":"b302d6c5-220b-4a41-b33e-b2e1f18e8a75","span_id":"03885c5c20cbf229","customerId":"customer-001","eventType":"ORDER_CREATED","service":"subscriber-service"}
{"@timestamp":"2025-09-17T17:23:49.475667683-03:00","@version":"1","message":"Processing message with distributed trace context restored","logger_name":"com.example.observability.subscriber.listener.OrderEventListener","thread_name":"global-gcp-pubsub-subscriber2","level":"INFO","level_value":20000,"traceId":"1868553ac7e74768ca405019d05ed6b7","spanId":"2c33c7d0cf87cf94","trace_id":"1868553ac7e74768ca405019d05ed6b7","trace_flags":"01","span_id":"8f3d168050cd846a","service":"subscriber-service"}
{"@timestamp":"2025-09-17T17:23:49.476638748-03:00","@version":"1","message":"Processing order event: orderId=6cd357f9-dc11-4c84-a043-4c2942f5d727, eventType=ORDER_CREATED, customerId=customer-001","logger_name":"com.example.observability.subscriber.listener.OrderEventListener","thread_name":"global-gcp-pubsub-subscriber2","level":"INFO","level_value":20000,"traceId":"1868553ac7e74768ca405019d05ed6b7","spanId":"2c33c7d0cf87cf94","trace_id":"1868553ac7e74768ca405019d05ed6b7","trace_flags":"01","orderId":"6cd357f9-dc11-4c84-a043-4c2942f5d727","span_id":"8f3d168050cd846a","customerId":"customer-001","eventType":"ORDER_CREATED","service":"subscriber-service"}
{"@timestamp":"2025-09-17T17:23:49.477904558-03:00","@version":"1","message":"Processing order event: orderId=6cd357f9-dc11-4c84-a043-4c2942f5d727, eventType=ORDER_CREATED, customerId=customer-001","logger_name":"com.example.observability.subscriber.service.OrderProcessingService","thread_name":"global-gcp-pubsub-subscriber2","level":"INFO","level_value":20000,"traceId":"1868553ac7e74768ca405019d05ed6b7","spanId":"8f3d168050cd846a","trace_id":"1868553ac7e74768ca405019d05ed6b7","trace_flags":"01","orderId":"6cd357f9-dc11-4c84-a043-4c2942f5d727","span_id":"8f3d168050cd846a","customerId":"customer-001","eventType":"ORDER_CREATED","service":"subscriber-service"}
{"@timestamp":"2025-09-17T17:23:49.658435188-03:00","@version":"1","message":"Order processed successfully: orderId=6cd357f9-dc11-4c84-a043-4c2942f5d727, newStatus=PROCESSED","logger_name":"com.example.observability.subscriber.service.OrderProcessingService","thread_name":"global-gcp-pubsub-subscriber2","level":"INFO","level_value":20000,"traceId":"1868553ac7e74768ca405019d05ed6b7","spanId":"8f3d168050cd846a","trace_id":"1868553ac7e74768ca405019d05ed6b7","trace_flags":"01","orderId":"6cd357f9-dc11-4c84-a043-4c2942f5d727","span_id":"8f3d168050cd846a","customerId":"customer-001","eventType":"ORDER_CREATED","service":"subscriber-service"}
{"@timestamp":"2025-09-17T17:23:49.660171906-03:00","@version":"1","message":"Order event processed successfully: orderId=6cd357f9-dc11-4c84-a043-4c2942f5d727","logger_name":"com.example.observability.subscriber.listener.OrderEventListener","thread_name":"global-gcp-pubsub-subscriber2","level":"INFO","level_value":20000,"traceId":"1868553ac7e74768ca405019d05ed6b7","spanId":"8f3d168050cd846a","trace_id":"1868553ac7e74768ca405019d05ed6b7","trace_flags":"01","orderId":"6cd357f9-dc11-4c84-a043-4c2942f5d727","span_id":"8f3d168050cd846a","customerId":"customer-001","eventType":"ORDER_CREATED","service":"subscriber-service"}
{"@timestamp":"2025-09-17T17:23:50.228248986-03:00","@version":"1","message":"Processing message with distributed trace context restored","logger_name":"com.example.observability.subscriber.listener.OrderEventListener","thread_name":"global-gcp-pubsub-subscriber1","level":"INFO","level_value":20000,"traceId":"8d9cd827c3a558b28ae3252321734617","spanId":"e48ea017e076c388","trace_id":"8d9cd827c3a558b28ae3252321734617","trace_flags":"01","span_id":"1ee9bcc0973fac6c","service":"subscriber-service"}
{"@timestamp":"2025-09-17T17:23:50.228770305-03:00","@version":"1","message":"Processing order event: orderId=d2f9a84a-c099-4ae8-9be5-18f039882bb1, eventType=ORDER_CREATED, customerId=customer-001","logger_name":"com.example.observability.subscriber.listener.OrderEventListener","thread_name":"global-gcp-pubsub-subscriber1","level":"INFO","level_value":20000,"traceId":"8d9cd827c3a558b28ae3252321734617","spanId":"e48ea017e076c388","trace_id":"8d9cd827c3a558b28ae3252321734617","trace_flags":"01","orderId":"d2f9a84a-c099-4ae8-9be5-18f039882bb1","span_id":"1ee9bcc0973fac6c","customerId":"customer-001","eventType":"ORDER_CREATED","service":"subscriber-service"}
{"@timestamp":"2025-09-17T17:23:50.229362793-03:00","@version":"1","message":"Processing order event: orderId=d2f9a84a-c099-4ae8-9be5-18f039882bb1, eventType=ORDER_CREATED, customerId=customer-001","logger_name":"com.example.observability.subscriber.service.OrderProcessingService","thread_name":"global-gcp-pubsub-subscriber1","level":"INFO","level_value":20000,"traceId":"8d9cd827c3a558b28ae3252321734617","spanId":"1ee9bcc0973fac6c","trace_id":"8d9cd827c3a558b28ae3252321734617","trace_flags":"01","orderId":"d2f9a84a-c099-4ae8-9be5-18f039882bb1","span_id":"1ee9bcc0973fac6c","customerId":"customer-001","eventType":"ORDER_CREATED","service":"subscriber-service"}
{"@timestamp":"2025-09-17T17:23:50.67269469-03:00","@version":"1","message":"Order processed successfully: orderId=d2f9a84a-c099-4ae8-9be5-18f039882bb1, newStatus=PROCESSED","logger_name":"com.example.observability.subscriber.service.OrderProcessingService","thread_name":"global-gcp-pubsub-subscriber1","level":"INFO","level_value":20000,"traceId":"8d9cd827c3a558b28ae3252321734617","spanId":"1ee9bcc0973fac6c","trace_id":"8d9cd827c3a558b28ae3252321734617","trace_flags":"01","orderId":"d2f9a84a-c099-4ae8-9be5-18f039882bb1","span_id":"1ee9bcc0973fac6c","customerId":"customer-001","eventType":"ORDER_CREATED","service":"subscriber-service"}
{"@timestamp":"2025-09-17T17:23:50.674544312-03:00","@version":"1","message":"Order event processed successfully: orderId=d2f9a84a-c099-4ae8-9be5-18f039882bb1","logger_name":"com.example.observability.subscriber.listener.OrderEventListener","thread_name":"global-gcp-pubsub-subscriber1","level":"INFO","level_value":20000,"traceId":"8d9cd827c3a558b28ae3252321734617","spanId":"1ee9bcc0973fac6c","trace_id":"8d9cd827c3a558b28ae3252321734617","trace_flags":"01","orderId":"d2f9a84a-c099-4ae8-9be5-18f039882bb1","span_id":"1ee9bcc0973fac6c","customerId":"customer-001","eventType":"ORDER_CREATED","service":"subscriber-service"}
{"@timestamp":"2025-09-17T17:23:50.979192229-03:00","@version":"1","message":"Processing message with distributed trace context restored","logger_name":"com.example.observability.subscriber.listener.OrderEventListener","thread_name":"global-gcp-pubsub-subscriber3","level":"INFO","level_value":20000,"traceId":"cb8fb09780d7e9ac15a2556ce28e9cfd","spanId":"9e1cfb9316d18623","trace_id":"cb8fb09780d7e9ac15a2556ce28e9cfd","trace_flags":"01","span_id":"29a197f9e10d3bab","service":"subscriber-service"}
{"@timestamp":"2025-09-17T17:23:50.979795722-03:00","@version":"1","message":"Processing order event: orderId=c8144100-a8ca-41db-a2bd-938a99a89edd, eventType=ORDER_CREATED, customerId=customer-001","logger_name":"com.example.observability.subscriber.listener.OrderEventListener","thread_name":"global-gcp-pubsub-subscriber3","level":"INFO","level_value":20000,"traceId":"cb8fb09780d7e9ac15a2556ce28e9cfd","spanId":"9e1cfb9316d18623","trace_id":"cb8fb09780d7e9ac15a2556ce28e9cfd","trace_flags":"01","orderId":"c8144100-a8ca-41db-a2bd-938a99a89edd","span_id":"29a197f9e10d3bab","customerId":"customer-001","eventType":"ORDER_CREATED","service":"subscriber-service"}
{"@timestamp":"2025-09-17T17:23:50.980469153-03:00","@version":"1","message":"Processing order event: orderId=c8144100-a8ca-41db-a2bd-938a99a89edd, eventType=ORDER_CREATED, customerId=customer-001","logger_name":"com.example.observability.subscriber.service.OrderProcessingService","thread_name":"global-gcp-pubsub-subscriber3","level":"INFO","level_value":20000,"traceId":"cb8fb09780d7e9ac15a2556ce28e9cfd","spanId":"29a197f9e10d3bab","trace_id":"cb8fb09780d7e9ac15a2556ce28e9cfd","trace_flags":"01","orderId":"c8144100-a8ca-41db-a2bd-938a99a89edd","span_id":"29a197f9e10d3bab","customerId":"customer-001","eventType":"ORDER_CREATED","service":"subscriber-service"}
{"@timestamp":"2025-09-17T17:23:51.259862986-03:00","@version":"1","message":"Order processed successfully: orderId=c8144100-a8ca-41db-a2bd-938a99a89edd, newStatus=PROCESSED","logger_name":"com.example.observability.subscriber.service.OrderProcessingService","thread_name":"global-gcp-pubsub-subscriber3","level":"INFO","level_value":20000,"traceId":"cb8fb09780d7e9ac15a2556ce28e9cfd","spanId":"29a197f9e10d3bab","trace_id":"cb8fb09780d7e9ac15a2556ce28e9cfd","trace_flags":"01","orderId":"c8144100-a8ca-41db-a2bd-938a99a89edd","span_id":"29a197f9e10d3bab","customerId":"customer-001","eventType":"ORDER_CREATED","service":"subscriber-service"}
{"@timestamp":"2025-09-17T17:23:51.26161607-03:00","@version":"1","message":"Order event processed successfully: orderId=c8144100-a8ca-41db-a2bd-938a99a89edd","logger_name":"com.example.observability.subscriber.listener.OrderEventListener","thread_name":"global-gcp-pubsub-subscriber3","level":"INFO","level_value":20000,"traceId":"cb8fb09780d7e9ac15a2556ce28e9cfd","spanId":"29a197f9e10d3bab","trace_id":"cb8fb09780d7e9ac15a2556ce28e9cfd","trace_flags":"01","orderId":"c8144100-a8ca-41db-a2bd-938a99a89edd","span_id":"29a197f9e10d3bab","customerId":"customer-001","eventType":"ORDER_CREATED","service":"subscriber-service"}
{"@timestamp":"2025-09-17T17:23:51.780889783-03:00","@version":"1","message":"Processing message with distributed trace context restored","logger_name":"com.example.observability.subscriber.listener.OrderEventListener","thread_name":"global-gcp-pubsub-subscriber2","level":"INFO","level_value":20000,"traceId":"7163cac002b21dbd9293d3b05ce33aa6","spanId":"1577ef0de686b331","trace_id":"7163cac002b21dbd9293d3b05ce33aa6","trace_flags":"01","span_id":"3b8d1b7e45ee1126","service":"subscriber-service"}
{"@timestamp":"2025-09-17T17:23:51.781560461-03:00","@version":"1","message":"Processing order event: orderId=94e11bca-087a-4a13-901d-8c7761f6a40e, eventType=ORDER_CREATED, customerId=customer-001","logger_name":"com.example.observability.subscriber.listener.OrderEventListener","thread_name":"global-gcp-pubsub-subscriber2","level":"INFO","level_value":20000,"traceId":"7163cac002b21dbd9293d3b05ce33aa6","spanId":"1577ef0de686b331","trace_id":"7163cac002b21dbd9293d3b05ce33aa6","trace_flags":"01","orderId":"94e11bca-087a-4a13-901d-8c7761f6a40e","span_id":"3b8d1b7e45ee1126","customerId":"customer-001","eventType":"ORDER_CREATED","service":"subscriber-service"}
{"@timestamp":"2025-09-17T17:23:51.782529288-03:00","@version":"1","message":"Processing order event: orderId=94e11bca-087a-4a13-901d-8c7761f6a40e, eventType=ORDER_CREATED, customerId=customer-001","logger_name":"com.example.observability.subscriber.service.OrderProcessingService","thread_name":"global-gcp-pubsub-subscriber2","level":"INFO","level_value":20000,"traceId":"7163cac002b21dbd9293d3b05ce33aa6","spanId":"3b8d1b7e45ee1126","trace_id":"7163cac002b21dbd9293d3b05ce33aa6","trace_flags":"01","orderId":"94e11bca-087a-4a13-901d-8c7761f6a40e","span_id":"3b8d1b7e45ee1126","customerId":"customer-001","eventType":"ORDER_CREATED","service":"subscriber-service"}
{"@timestamp":"2025-09-17T17:23:52.25308757-03:00","@version":"1","message":"Order processed successfully: orderId=94e11bca-087a-4a13-901d-8c7761f6a40e, newStatus=PROCESSED","logger_name":"com.example.observability.subscriber.service.OrderProcessingService","thread_name":"global-gcp-pubsub-subscriber2","level":"INFO","level_value":20000,"traceId":"7163cac002b21dbd9293d3b05ce33aa6","spanId":"3b8d1b7e45ee1126","trace_id":"7163cac002b21dbd9293d3b05ce33aa6","trace_flags":"01","orderId":"94e11bca-087a-4a13-901d-8c7761f6a40e","span_id":"3b8d1b7e45ee1126","customerId":"customer-001","eventType":"ORDER_CREATED","service":"subscriber-service"}
{"@timestamp":"2025-09-17T17:23:52.255361812-03:00","@version":"1","message":"Order event processed successfully: orderId=94e11bca-087a-4a13-901d-8c7761f6a40e","logger_name":"com.example.observability.subscriber.listener.OrderEventListener","thread_name":"global-gcp-pubsub-subscriber2","level":"INFO","level_value":20000,"traceId":"7163cac002b21dbd9293d3b05ce33aa6","spanId":"3b8d1b7e45ee1126","trace_id":"7163cac002b21dbd9293d3b05ce33aa6","trace_flags":"01","orderId":"94e11bca-087a-4a13-901d-8c7761f6a40e","span_id":"3b8d1b7e45ee1126","customerId":"customer-001","eventType":"ORDER_CREATED","service":"subscriber-service"}
{"@timestamp":"2025-09-17T17:23:52.432172467-03:00","@version":"1","message":"Processing message with distributed trace context restored","logger_name":"com.example.observability.subscriber.listener.OrderEventListener","thread_name":"global-gcp-pubsub-subscriber4","level":"INFO","level_value":20000,"traceId":"9d4f0cc9c680125a7db8038063ce4a9f","spanId":"1ee2e6e54c75f363","trace_id":"9d4f0cc9c680125a7db8038063ce4a9f","trace_flags":"01","span_id":"94c06f128813522b","service":"subscriber-service"}
{"@timestamp":"2025-09-17T17:23:52.432918585-03:00","@version":"1","message":"Processing order event: orderId=2a22e9ab-f416-4640-a427-8703bcdd23b2, eventType=ORDER_CREATED, customerId=customer-001","logger_name":"com.example.observability.subscriber.listener.OrderEventListener","thread_name":"global-gcp-pubsub-subscriber4","level":"INFO","level_value":20000,"traceId":"9d4f0cc9c680125a7db8038063ce4a9f","spanId":"1ee2e6e54c75f363","trace_id":"9d4f0cc9c680125a7db8038063ce4a9f","trace_flags":"01","orderId":"2a22e9ab-f416-4640-a427-8703bcdd23b2","span_id":"94c06f128813522b","customerId":"customer-001","eventType":"ORDER_CREATED","service":"subscriber-service"}
{"@timestamp":"2025-09-17T17:23:52.433595793-03:00","@version":"1","message":"Processing order event: orderId=2a22e9ab-f416-4640-a427-8703bcdd23b2, eventType=ORDER_CREATED, customerId=customer-001","logger_name":"com.example.observability.subscriber.service.OrderProcessingService","thread_name":"global-gcp-pubsub-subscriber4","level":"INFO","level_value":20000,"traceId":"9d4f0cc9c680125a7db8038063ce4a9f","spanId":"94c06f128813522b","trace_id":"9d4f0cc9c680125a7db8038063ce4a9f","trace_flags":"01","orderId":"2a22e9ab-f416-4640-a427-8703bcdd23b2","span_id":"94c06f128813522b","customerId":"customer-001","eventType":"ORDER_CREATED","service":"subscriber-service"}
{"@timestamp":"2025-09-17T17:23:52.903543637-03:00","@version":"1","message":"Order processed successfully: orderId=2a22e9ab-f416-4640-a427-8703bcdd23b2, newStatus=PROCESSED","logger_name":"com.example.observability.subscriber.service.OrderProcessingService","thread_name":"global-gcp-pubsub-subscriber4","level":"INFO","level_value":20000,"traceId":"9d4f0cc9c680125a7db8038063ce4a9f","spanId":"94c06f128813522b","trace_id":"9d4f0cc9c680125a7db8038063ce4a9f","trace_flags":"01","orderId":"2a22e9ab-f416-4640-a427-8703bcdd23b2","span_id":"94c06f128813522b","customerId":"customer-001","eventType":"ORDER_CREATED","service":"subscriber-service"}
{"@timestamp":"2025-09-17T17:23:52.905402534-03:00","@version":"1","message":"Order event processed successfully: orderId=2a22e9ab-f416-4640-a427-8703bcdd23b2","logger_name":"com.example.observability.subscriber.listener.OrderEventListener","thread_name":"global-gcp-pubsub-subscriber4","level":"INFO","level_value":20000,"traceId":"9d4f0cc9c680125a7db8038063ce4a9f","spanId":"94c06f128813522b","trace_id":"9d4f0cc9c680125a7db8038063ce4a9f","trace_flags":"01","orderId":"2a22e9ab-f416-4640-a427-8703bcdd23b2","span_id":"94c06f128813522b","customerId":"customer-001","eventType":"ORDER_CREATED","service":"subscriber-service"}
{"@timestamp":"2025-09-17T17:23:53.133320094-03:00","@version":"1","message":"Processing message with distributed trace context restored","logger_name":"com.example.observability.subscriber.listener.OrderEventListener","thread_name":"global-gcp-pubsub-subscriber1","level":"INFO","level_value":20000,"traceId":"cb88cb826cf5c082f8a15c9caefcf37f","spanId":"12f47c20a6e2dbef","trace_id":"cb88cb826cf5c082f8a15c9caefcf37f","trace_flags":"01","span_id":"0b443ec37749522a","service":"subscriber-service"}
{"@timestamp":"2025-09-17T17:23:53.134151648-03:00","@version":"1","message":"Processing order event: orderId=fa31f6a8-43be-47c2-8f67-d95751c48908, eventType=ORDER_CREATED, customerId=customer-001","logger_name":"com.example.observability.subscriber.listener.OrderEventListener","thread_name":"global-gcp-pubsub-subscriber1","level":"INFO","level_value":20000,"traceId":"cb88cb826cf5c082f8a15c9caefcf37f","spanId":"12f47c20a6e2dbef","trace_id":"cb88cb826cf5c082f8a15c9caefcf37f","trace_flags":"01","orderId":"fa31f6a8-43be-47c2-8f67-d95751c48908","span_id":"0b443ec37749522a","customerId":"customer-001","eventType":"ORDER_CREATED","service":"subscriber-service"}
{"@timestamp":"2025-09-17T17:23:53.134681734-03:00","@version":"1","message":"Processing order event: orderId=fa31f6a8-43be-47c2-8f67-d95751c48908, eventType=ORDER_CREATED, customerId=customer-001","logger_name":"com.example.observability.subscriber.service.OrderProcessingService","thread_name":"global-gcp-pubsub-subscriber1","level":"INFO","level_value":20000,"traceId":"cb88cb826cf5c082f8a15c9caefcf37f","spanId":"0b443ec37749522a","trace_id":"cb88cb826cf5c082f8a15c9caefcf37f","trace_flags":"01","orderId":"fa31f6a8-43be-47c2-8f67-d95751c48908","span_id":"0b443ec37749522a","customerId":"customer-001","eventType":"ORDER_CREATED","service":"subscriber-service"}
{"@timestamp":"2025-09-17T17:23:53.557534597-03:00","@version":"1","message":"Order processed successfully: orderId=fa31f6a8-43be-47c2-8f67-d95751c48908, newStatus=PROCESSED","logger_name":"com.example.observability.subscriber.service.OrderProcessingService","thread_name":"global-gcp-pubsub-subscriber1","level":"INFO","level_value":20000,"traceId":"cb88cb826cf5c082f8a15c9caefcf37f","spanId":"0b443ec37749522a","trace_id":"cb88cb826cf5c082f8a15c9caefcf37f","trace_flags":"01","orderId":"fa31f6a8-43be-47c2-8f67-d95751c48908","span_id":"0b443ec37749522a","customerId":"customer-001","eventType":"ORDER_CREATED","service":"subscriber-service"}
{"@timestamp":"2025-09-17T17:23:53.559858109-03:00","@version":"1","message":"Order event processed successfully: orderId=fa31f6a8-43be-47c2-8f67-d95751c48908","logger_name":"com.example.observability.subscriber.listener.OrderEventListener","thread_name":"global-gcp-pubsub-subscriber1","level":"INFO","level_value":20000,"traceId":"cb88cb826cf5c082f8a15c9caefcf37f","spanId":"0b443ec37749522a","trace_id":"cb88cb826cf5c082f8a15c9caefcf37f","trace_flags":"01","orderId":"fa31f6a8-43be-47c2-8f67-d95751c48908","span_id":"0b443ec37749522a","customerId":"customer-001","eventType":"ORDER_CREATED","service":"subscriber-service"}
{"@timestamp":"2025-09-17T17:23:53.784611285-03:00","@version":"1","message":"Processing message with distributed trace context restored","logger_name":"com.example.observability.subscriber.listener.OrderEventListener","thread_name":"global-gcp-pubsub-subscriber3","level":"INFO","level_value":20000,"traceId":"cad76c8c7f435050d037f2858ecde68a","spanId":"15a661b0418f3d7d","trace_id":"cad76c8c7f435050d037f2858ecde68a","trace_flags":"01","span_id":"e8889a3b81a328b4","service":"subscriber-service"}
{"@timestamp":"2025-09-17T17:23:53.785063194-03:00","@version":"1","message":"Processing order event: orderId=ae045d60-6243-4d9f-9b01-3ceb9d5e6b64, eventType=ORDER_CREATED, customerId=customer-001","logger_name":"com.example.observability.subscriber.listener.OrderEventListener","thread_name":"global-gcp-pubsub-subscriber3","level":"INFO","level_value":20000,"traceId":"cad76c8c7f435050d037f2858ecde68a","spanId":"15a661b0418f3d7d","trace_id":"cad76c8c7f435050d037f2858ecde68a","trace_flags":"01","orderId":"ae045d60-6243-4d9f-9b01-3ceb9d5e6b64","span_id":"e8889a3b81a328b4","customerId":"customer-001","eventType":"ORDER_CREATED","service":"subscriber-service"}
{"@timestamp":"2025-09-17T17:23:53.785655981-03:00","@version":"1","message":"Processing order event: orderId=ae045d60-6243-4d9f-9b01-3ceb9d5e6b64, eventType=ORDER_CREATED, customerId=customer-001","logger_name":"com.example.observability.subscriber.service.OrderProcessingService","thread_name":"global-gcp-pubsub-subscriber3","level":"INFO","level_value":20000,"traceId":"cad76c8c7f435050d037f2858ecde68a","spanId":"e8889a3b81a328b4","trace_id":"cad76c8c7f435050d037f2858ecde68a","trace_flags":"01","orderId":"ae045d60-6243-4d9f-9b01-3ceb9d5e6b64","span_id":"e8889a3b81a328b4","customerId":"customer-001","eventType":"ORDER_CREATED","service":"subscriber-service"}
{"@timestamp":"2025-09-17T17:23:54.095558959-03:00","@version":"1","message":"Order processed successfully: orderId=ae045d60-6243-4d9f-9b01-3ceb9d5e6b64, newStatus=PROCESSED","logger_name":"com.example.observability.subscriber.service.OrderProcessingService","thread_name":"global-gcp-pubsub-subscriber3","level":"INFO","level_value":20000,"traceId":"cad76c8c7f435050d037f2858ecde68a","spanId":"e8889a3b81a328b4","trace_id":"cad76c8c7f435050d037f2858ecde68a","trace_flags":"01","orderId":"ae045d60-6243-4d9f-9b01-3ceb9d5e6b64","span_id":"e8889a3b81a328b4","customerId":"customer-001","eventType":"ORDER_CREATED","service":"subscriber-service"}
{"@timestamp":"2025-09-17T17:23:54.097735915-03:00","@version":"1","message":"Order event processed successfully: orderId=ae045d60-6243-4d9f-9b01-3ceb9d5e6b64","logger_name":"com.example.observability.subscriber.listener.OrderEventListener","thread_name":"global-gcp-pubsub-subscriber3","level":"INFO","level_value":20000,"traceId":"cad76c8c7f435050d037f2858ecde68a","spanId":"e8889a3b81a328b4","trace_id":"cad76c8c7f435050d037f2858ecde68a","trace_flags":"01","orderId":"ae045d60-6243-4d9f-9b01-3ceb9d5e6b64","span_id":"e8889a3b81a328b4","customerId":"customer-001","eventType":"ORDER_CREATED","service":"subscriber-service"}
{"@timestamp":"2025-09-17T17:28:08.100913549-03:00","@version":"1","message":"Processing message with distributed trace context restored","logger_name":"com.example.observability.subscriber.listener.OrderEventListener","thread_name":"global-gcp-pubsub-subscriber2","level":"INFO","level_value":20000,"traceId":"0eeb70198beb78fb78fb96f91cee553a","spanId":"6e54802d6369ea97","trace_id":"0eeb70198beb78fb78fb96f91cee553a","trace_flags":"01","span_id":"80797bc4cb852ddd","service":"subscriber-service"}
{"@timestamp":"2025-09-17T17:28:08.101859993-03:00","@version":"1","message":"Processing order event: orderId=07be13b4-3a5b-4013-95d9-67d8567016c3, eventType=ORDER_CREATED, customerId=customer-001","logger_name":"com.example.observability.subscriber.listener.OrderEventListener","thread_name":"global-gcp-pubsub-subscriber2","level":"INFO","level_value":20000,"traceId":"0eeb70198beb78fb78fb96f91cee553a","spanId":"6e54802d6369ea97","trace_id":"0eeb70198beb78fb78fb96f91cee553a","trace_flags":"01","orderId":"07be13b4-3a5b-4013-95d9-67d8567016c3","span_id":"80797bc4cb852ddd","customerId":"customer-001","eventType":"ORDER_CREATED","service":"subscriber-service"}
{"@timestamp":"2025-09-17T17:28:08.102803648-03:00","@version":"1","message":"Processing order event: orderId=07be13b4-3a5b-4013-95d9-67d8567016c3, eventType=ORDER_CREATED, customerId=customer-001","logger_name":"com.example.observability.subscriber.service.OrderProcessingService","thread_name":"global-gcp-pubsub-subscriber2","level":"INFO","level_value":20000,"traceId":"0eeb70198beb78fb78fb96f91cee553a","spanId":"80797bc4cb852ddd","trace_id":"0eeb70198beb78fb78fb96f91cee553a","trace_flags":"01","orderId":"07be13b4-3a5b-4013-95d9-67d8567016c3","span_id":"80797bc4cb852ddd","customerId":"customer-001","eventType":"ORDER_CREATED","service":"subscriber-service"}
{"@timestamp":"2025-09-17T17:28:08.482649717-03:00","@version":"1","message":"Order processed successfully: orderId=07be13b4-3a5b-4013-95d9-67d8567016c3, newStatus=PROCESSED","logger_name":"com.example.observability.subscriber.service.OrderProcessingService","thread_name":"global-gcp-pubsub-subscriber2","level":"INFO","level_value":20000,"traceId":"0eeb70198beb78fb78fb96f91cee553a","spanId":"80797bc4cb852ddd","trace_id":"0eeb70198beb78fb78fb96f91cee553a","trace_flags":"01","orderId":"07be13b4-3a5b-4013-95d9-67d8567016c3","span_id":"80797bc4cb852ddd","customerId":"customer-001","eventType":"ORDER_CREATED","service":"subscriber-service"}
{"@timestamp":"2025-09-17T17:28:08.485197659-03:00","@version":"1","message":"Order event processed successfully: orderId=07be13b4-3a5b-4013-95d9-67d8567016c3","logger_name":"com.example.observability.subscriber.listener.OrderEventListener","thread_name":"global-gcp-pubsub-subscriber2","level":"INFO","level_value":20000,"traceId":"0eeb70198beb78fb78fb96f91cee553a","spanId":"80797bc4cb852ddd","trace_id":"0eeb70198beb78fb78fb96f91cee553a","trace_flags":"01","orderId":"07be13b4-3a5b-4013-95d9-67d8567016c3","span_id":"80797bc4cb852ddd","customerId":"customer-001","eventType":"ORDER_CREATED","service":"subscriber-service"}
{"@timestamp":"2025-09-17T17:28:08.801131519-03:00","@version":"1","message":"Processing message with distributed trace context restored","logger_name":"com.example.observability.subscriber.listener.OrderEventListener","thread_name":"global-gcp-pubsub-subscriber4","level":"INFO","level_value":20000,"traceId":"7564257a35c2cfda887e301c95bb955e","spanId":"fb9f68a32e232f6f","trace_id":"7564257a35c2cfda887e301c95bb955e","trace_flags":"01","span_id":"4eb83d79ab439547","service":"subscriber-service"}
{"@timestamp":"2025-09-17T17:28:08.801745235-03:00","@version":"1","message":"Processing order event: orderId=439a5419-2452-4c97-86bf-3dd45c2a0080, eventType=ORDER_CREATED, customerId=customer-001","logger_name":"com.example.observability.subscriber.listener.OrderEventListener","thread_name":"global-gcp-pubsub-subscriber4","level":"INFO","level_value":20000,"traceId":"7564257a35c2cfda887e301c95bb955e","spanId":"fb9f68a32e232f6f","trace_id":"7564257a35c2cfda887e301c95bb955e","trace_flags":"01","orderId":"439a5419-2452-4c97-86bf-3dd45c2a0080","span_id":"4eb83d79ab439547","customerId":"customer-001","eventType":"ORDER_CREATED","service":"subscriber-service"}
{"@timestamp":"2025-09-17T17:28:08.802521455-03:00","@version":"1","message":"Processing order event: orderId=439a5419-2452-4c97-86bf-3dd45c2a0080, eventType=ORDER_CREATED, customerId=customer-001","logger_name":"com.example.observability.subscriber.service.OrderProcessingService","thread_name":"global-gcp-pubsub-subscriber4","level":"INFO","level_value":20000,"traceId":"7564257a35c2cfda887e301c95bb955e","spanId":"4eb83d79ab439547","trace_id":"7564257a35c2cfda887e301c95bb955e","trace_flags":"01","orderId":"439a5419-2452-4c97-86bf-3dd45c2a0080","span_id":"4eb83d79ab439547","customerId":"customer-001","eventType":"ORDER_CREATED","service":"subscriber-service"}
{"@timestamp":"2025-09-17T17:28:09.181947353-03:00","@version":"1","message":"Order processed successfully: orderId=439a5419-2452-4c97-86bf-3dd45c2a0080, newStatus=PROCESSED","logger_name":"com.example.observability.subscriber.service.OrderProcessingService","thread_name":"global-gcp-pubsub-subscriber4","level":"INFO","level_value":20000,"traceId":"7564257a35c2cfda887e301c95bb955e","spanId":"4eb83d79ab439547","trace_id":"7564257a35c2cfda887e301c95bb955e","trace_flags":"01","orderId":"439a5419-2452-4c97-86bf-3dd45c2a0080","span_id":"4eb83d79ab439547","customerId":"customer-001","eventType":"ORDER_CREATED","service":"subscriber-service"}
{"@timestamp":"2025-09-17T17:28:09.184154474-03:00","@version":"1","message":"Order event processed successfully: orderId=439a5419-2452-4c97-86bf-3dd45c2a0080","logger_name":"com.example.observability.subscriber.listener.OrderEventListener","thread_name":"global-gcp-pubsub-subscriber4","level":"INFO","level_value":20000,"traceId":"7564257a35c2cfda887e301c95bb955e","spanId":"4eb83d79ab439547","trace_id":"7564257a35c2cfda887e301c95bb955e","trace_flags":"01","orderId":"439a5419-2452-4c97-86bf-3dd45c2a0080","span_id":"4eb83d79ab439547","customerId":"customer-001","eventType":"ORDER_CREATED","service":"subscriber-service"}
{"@timestamp":"2025-09-17T17:28:09.251682951-03:00","@version":"1","message":"Processing message with distributed trace context restored","logger_name":"com.example.observability.subscriber.listener.OrderEventListener","thread_name":"global-gcp-pubsub-subscriber1","level":"INFO","level_value":20000,"traceId":"b846984215da7ff922d935c235752513","spanId":"7ad5f2e2176cab95","trace_id":"b846984215da7ff922d935c235752513","trace_flags":"01","span_id":"b1ea6b474a9290e6","service":"subscriber-service"}
{"@timestamp":"2025-09-17T17:28:09.25254641-03:00","@version":"1","message":"Processing order event: orderId=cbd6fc82-a220-47e3-84a2-2d9db987d132, eventType=ORDER_CREATED, customerId=customer-001","logger_name":"com.example.observability.subscriber.listener.OrderEventListener","thread_name":"global-gcp-pubsub-subscriber1","level":"INFO","level_value":20000,"traceId":"b846984215da7ff922d935c235752513","spanId":"7ad5f2e2176cab95","trace_id":"b846984215da7ff922d935c235752513","trace_flags":"01","orderId":"cbd6fc82-a220-47e3-84a2-2d9db987d132","span_id":"b1ea6b474a9290e6","customerId":"customer-001","eventType":"ORDER_CREATED","service":"subscriber-service"}
{"@timestamp":"2025-09-17T17:28:09.253311784-03:00","@version":"1","message":"Processing order event: orderId=cbd6fc82-a220-47e3-84a2-2d9db987d132, eventType=ORDER_CREATED, customerId=customer-001","logger_name":"com.example.observability.subscriber.service.OrderProcessingService","thread_name":"global-gcp-pubsub-subscriber1","level":"INFO","level_value":20000,"traceId":"b846984215da7ff922d935c235752513","spanId":"b1ea6b474a9290e6","trace_id":"b846984215da7ff922d935c235752513","trace_flags":"01","orderId":"cbd6fc82-a220-47e3-84a2-2d9db987d132","span_id":"b1ea6b474a9290e6","customerId":"customer-001","eventType":"ORDER_CREATED","service":"subscriber-service"}
{"@timestamp":"2025-09-17T17:28:09.522350597-03:00","@version":"1","message":"Order processed successfully: orderId=cbd6fc82-a220-47e3-84a2-2d9db987d132, newStatus=PROCESSED","logger_name":"com.example.observability.subscriber.service.OrderProcessingService","thread_name":"global-gcp-pubsub-subscriber1","level":"INFO","level_value":20000,"traceId":"b846984215da7ff922d935c235752513","spanId":"b1ea6b474a9290e6","trace_id":"b846984215da7ff922d935c235752513","trace_flags":"01","orderId":"cbd6fc82-a220-47e3-84a2-2d9db987d132","span_id":"b1ea6b474a9290e6","customerId":"customer-001","eventType":"ORDER_CREATED","service":"subscriber-service"}
{"@timestamp":"2025-09-17T17:28:09.524617346-03:00","@version":"1","message":"Order event processed successfully: orderId=cbd6fc82-a220-47e3-84a2-2d9db987d132","logger_name":"com.example.observability.subscriber.listener.OrderEventListener","thread_name":"global-gcp-pubsub-subscriber1","level":"INFO","level_value":20000,"traceId":"b846984215da7ff922d935c235752513","spanId":"b1ea6b474a9290e6","trace_id":"b846984215da7ff922d935c235752513","trace_flags":"01","orderId":"cbd6fc82-a220-47e3-84a2-2d9db987d132","span_id":"b1ea6b474a9290e6","customerId":"customer-001","eventType":"ORDER_CREATED","service":"subscriber-service"}
{"@timestamp":"2025-09-17T17:28:09.803402888-03:00","@version":"1","message":"Processing message with distributed trace context restored","logger_name":"com.example.observability.subscriber.listener.OrderEventListener","thread_name":"global-gcp-pubsub-subscriber3","level":"INFO","level_value":20000,"traceId":"9f6042716955a1028c6e3048ef250c8e","spanId":"a6f1a2106285f20b","trace_id":"9f6042716955a1028c6e3048ef250c8e","trace_flags":"01","span_id":"974ac437fe79ceee","service":"subscriber-service"}
{"@timestamp":"2025-09-17T17:28:09.804005329-03:00","@version":"1","message":"Processing order event: orderId=240fe535-e112-4035-a4aa-39cb5e4464c4, eventType=ORDER_CREATED, customerId=customer-001","logger_name":"com.example.observability.subscriber.listener.OrderEventListener","thread_name":"global-gcp-pubsub-subscriber3","level":"INFO","level_value":20000,"traceId":"9f6042716955a1028c6e3048ef250c8e","spanId":"a6f1a2106285f20b","trace_id":"9f6042716955a1028c6e3048ef250c8e","trace_flags":"01","orderId":"240fe535-e112-4035-a4aa-39cb5e4464c4","span_id":"974ac437fe79ceee","customerId":"customer-001","eventType":"ORDER_CREATED","service":"subscriber-service"}
{"@timestamp":"2025-09-17T17:28:09.804892781-03:00","@version":"1","message":"Processing order event: orderId=240fe535-e112-4035-a4aa-39cb5e4464c4, eventType=ORDER_CREATED, customerId=customer-001","logger_name":"com.example.observability.subscriber.service.OrderProcessingService","thread_name":"global-gcp-pubsub-subscriber3","level":"INFO","level_value":20000,"traceId":"9f6042716955a1028c6e3048ef250c8e","spanId":"974ac437fe79ceee","trace_id":"9f6042716955a1028c6e3048ef250c8e","trace_flags":"01","orderId":"240fe535-e112-4035-a4aa-39cb5e4464c4","span_id":"974ac437fe79ceee","customerId":"customer-001","eventType":"ORDER_CREATED","service":"subscriber-service"}
{"@timestamp":"2025-09-17T17:28:10.040438555-03:00","@version":"1","message":"Order processed successfully: orderId=240fe535-e112-4035-a4aa-39cb5e4464c4, newStatus=PROCESSED","logger_name":"com.example.observability.subscriber.service.OrderProcessingService","thread_name":"global-gcp-pubsub-subscriber3","level":"INFO","level_value":20000,"traceId":"9f6042716955a1028c6e3048ef250c8e","spanId":"974ac437fe79ceee","trace_id":"9f6042716955a1028c6e3048ef250c8e","trace_flags":"01","orderId":"240fe535-e112-4035-a4aa-39cb5e4464c4","span_id":"974ac437fe79ceee","customerId":"customer-001","eventType":"ORDER_CREATED","service":"subscriber-service"}
{"@timestamp":"2025-09-17T17:28:10.042578507-03:00","@version":"1","message":"Order event processed successfully: orderId=240fe535-e112-4035-a4aa-39cb5e4464c4","logger_name":"com.example.observability.subscriber.listener.OrderEventListener","thread_name":"global-gcp-pubsub-subscriber3","level":"INFO","level_value":20000,"traceId":"9f6042716955a1028c6e3048ef250c8e","spanId":"974ac437fe79ceee","trace_id":"9f6042716955a1028c6e3048ef250c8e","trace_flags":"01","orderId":"240fe535-e112-4035-a4aa-39cb5e4464c4","span_id":"974ac437fe79ceee","customerId":"customer-001","eventType":"ORDER_CREATED","service":"subscriber-service"}
{"@timestamp":"2025-09-17T17:28:10.254340651-03:00","@version":"1","message":"Processing message with distributed trace context restored","logger_name":"com.example.observability.subscriber.listener.OrderEventListener","thread_name":"global-gcp-pubsub-subscriber2","level":"INFO","level_value":20000,"traceId":"e80093cb11c99de3874bf814b1d7e425","spanId":"85973f754210c14c","trace_id":"e80093cb11c99de3874bf814b1d7e425","trace_flags":"01","span_id":"26aa487aa498f4da","service":"subscriber-service"}
{"@timestamp":"2025-09-17T17:28:10.2548568-03:00","@version":"1","message":"Processing order event: orderId=28202b84-afd7-4be7-b367-1fc426e29ad9, eventType=ORDER_CREATED, customerId=customer-001","logger_name":"com.example.observability.subscriber.listener.OrderEventListener","thread_name":"global-gcp-pubsub-subscriber2","level":"INFO","level_value":20000,"traceId":"e80093cb11c99de3874bf814b1d7e425","spanId":"85973f754210c14c","trace_id":"e80093cb11c99de3874bf814b1d7e425","trace_flags":"01","orderId":"28202b84-afd7-4be7-b367-1fc426e29ad9","span_id":"26aa487aa498f4da","customerId":"customer-001","eventType":"ORDER_CREATED","service":"subscriber-service"}
{"@timestamp":"2025-09-17T17:28:10.255476919-03:00","@version":"1","message":"Processing order event: orderId=28202b84-afd7-4be7-b367-1fc426e29ad9, eventType=ORDER_CREATED, customerId=customer-001","logger_name":"com.example.observability.subscriber.service.OrderProcessingService","thread_name":"global-gcp-pubsub-subscriber2","level":"INFO","level_value":20000,"traceId":"e80093cb11c99de3874bf814b1d7e425","spanId":"26aa487aa498f4da","trace_id":"e80093cb11c99de3874bf814b1d7e425","trace_flags":"01","orderId":"28202b84-afd7-4be7-b367-1fc426e29ad9","span_id":"26aa487aa498f4da","customerId":"customer-001","eventType":"ORDER_CREATED","service":"subscriber-service"}
{"@timestamp":"2025-09-17T17:28:10.554864391-03:00","@version":"1","message":"Order processed successfully: orderId=28202b84-afd7-4be7-b367-1fc426e29ad9, newStatus=PROCESSED","logger_name":"com.example.observability.subscriber.service.OrderProcessingService","thread_name":"global-gcp-pubsub-subscriber2","level":"INFO","level_value":20000,"traceId":"e80093cb11c99de3874bf814b1d7e425","spanId":"26aa487aa498f4da","trace_id":"e80093cb11c99de3874bf814b1d7e425","trace_flags":"01","orderId":"28202b84-afd7-4be7-b367-1fc426e29ad9","span_id":"26aa487aa498f4da","customerId":"customer-001","eventType":"ORDER_CREATED","service":"subscriber-service"}
{"@timestamp":"2025-09-17T17:28:10.557129421-03:00","@version":"1","message":"Order event processed successfully: orderId=28202b84-afd7-4be7-b367-1fc426e29ad9","logger_name":"com.example.observability.subscriber.listener.OrderEventListener","thread_name":"global-gcp-pubsub-subscriber2","level":"INFO","level_value":20000,"traceId":"e80093cb11c99de3874bf814b1d7e425","spanId":"26aa487aa498f4da","trace_id":"e80093cb11c99de3874bf814b1d7e425","trace_flags":"01","orderId":"28202b84-afd7-4be7-b367-1fc426e29ad9","span_id":"26aa487aa498f4da","customerId":"customer-001","eventType":"ORDER_CREATED","service":"subscriber-service"}
{"@timestamp":"2025-09-17T17:28:10.755148561-03:00","@version":"1","message":"Processing message with distributed trace context restored","logger_name":"com.example.observability.subscriber.listener.OrderEventListener","thread_name":"global-gcp-pubsub-subscriber4","level":"INFO","level_value":20000,"traceId":"46d2cbb7617d595b4eb9055c0f1043d9","spanId":"f3bc0eb9952406ea","trace_id":"46d2cbb7617d595b4eb9055c0f1043d9","trace_flags":"01","span_id":"a9cfee7b37bab0e5","service":"subscriber-service"}
{"@timestamp":"2025-09-17T17:28:10.75565728-03:00","@version":"1","message":"Processing order event: orderId=16d042ac-99a9-4ff8-909d-89f0576e3f76, eventType=ORDER_CREATED, customerId=customer-001","logger_name":"com.example.observability.subscriber.listener.OrderEventListener","thread_name":"global-gcp-pubsub-subscriber4","level":"INFO","level_value":20000,"traceId":"46d2cbb7617d595b4eb9055c0f1043d9","spanId":"f3bc0eb9952406ea","trace_id":"46d2cbb7617d595b4eb9055c0f1043d9","trace_flags":"01","orderId":"16d042ac-99a9-4ff8-909d-89f0576e3f76","span_id":"a9cfee7b37bab0e5","customerId":"customer-001","eventType":"ORDER_CREATED","service":"subscriber-service"}
{"@timestamp":"2025-09-17T17:28:10.756438938-03:00","@version":"1","message":"Processing order event: orderId=16d042ac-99a9-4ff8-909d-89f0576e3f76, eventType=ORDER_CREATED, customerId=customer-001","logger_name":"com.example.observability.subscriber.service.OrderProcessingService","thread_name":"global-gcp-pubsub-subscriber4","level":"INFO","level_value":20000,"traceId":"46d2cbb7617d595b4eb9055c0f1043d9","spanId":"a9cfee7b37bab0e5","trace_id":"46d2cbb7617d595b4eb9055c0f1043d9","trace_flags":"01","orderId":"16d042ac-99a9-4ff8-909d-89f0576e3f76","span_id":"a9cfee7b37bab0e5","customerId":"customer-001","eventType":"ORDER_CREATED","service":"subscriber-service"}
{"@timestamp":"2025-09-17T17:28:10.864871536-03:00","@version":"1","message":"Order processed successfully: orderId=16d042ac-99a9-4ff8-909d-89f0576e3f76, newStatus=PROCESSED","logger_name":"com.example.observability.subscriber.service.OrderProcessingService","thread_name":"global-gcp-pubsub-subscriber4","level":"INFO","level_value":20000,"traceId":"46d2cbb7617d595b4eb9055c0f1043d9","spanId":"a9cfee7b37bab0e5","trace_id":"46d2cbb7617d595b4eb9055c0f1043d9","trace_flags":"01","orderId":"16d042ac-99a9-4ff8-909d-89f0576e3f76","span_id":"a9cfee7b37bab0e5","customerId":"customer-001","eventType":"ORDER_CREATED","service":"subscriber-service"}
{"@timestamp":"2025-09-17T17:28:10.866716902-03:00","@version":"1","message":"Order event processed successfully: orderId=16d042ac-99a9-4ff8-909d-89f0576e3f76","logger_name":"com.example.observability.subscriber.listener.OrderEventListener","thread_name":"global-gcp-pubsub-subscriber4","level":"INFO","level_value":20000,"traceId":"46d2cbb7617d595b4eb9055c0f1043d9","spanId":"a9cfee7b37bab0e5","trace_id":"46d2cbb7617d595b4eb9055c0f1043d9","trace_flags":"01","orderId":"16d042ac-99a9-4ff8-909d-89f0576e3f76","span_id":"a9cfee7b37bab0e5","customerId":"customer-001","eventType":"ORDER_CREATED","service":"subscriber-service"}
{"@timestamp":"2025-09-17T17:28:11.256246148-03:00","@version":"1","message":"Processing message with distributed trace context restored","logger_name":"com.example.observability.subscriber.listener.OrderEventListener","thread_name":"global-gcp-pubsub-subscriber1","level":"INFO","level_value":20000,"traceId":"2a47f873f2df586d60c0a629863eb7a2","spanId":"6ba9f6849cc18114","trace_id":"2a47f873f2df586d60c0a629863eb7a2","trace_flags":"01","span_id":"aea69b4b9c282bee","service":"subscriber-service"}
{"@timestamp":"2025-09-17T17:28:11.256731289-03:00","@version":"1","message":"Processing order event: orderId=eab4f4d8-f305-4cba-a119-46bfc9c75f84, eventType=ORDER_CREATED, customerId=customer-001","logger_name":"com.example.observability.subscriber.listener.OrderEventListener","thread_name":"global-gcp-pubsub-subscriber1","level":"INFO","level_value":20000,"traceId":"2a47f873f2df586d60c0a629863eb7a2","spanId":"6ba9f6849cc18114","trace_id":"2a47f873f2df586d60c0a629863eb7a2","trace_flags":"01","orderId":"eab4f4d8-f305-4cba-a119-46bfc9c75f84","span_id":"aea69b4b9c282bee","customerId":"customer-001","eventType":"ORDER_CREATED","service":"subscriber-service"}
{"@timestamp":"2025-09-17T17:28:11.257571758-03:00","@version":"1","message":"Processing order event: orderId=eab4f4d8-f305-4cba-a119-46bfc9c75f84, eventType=ORDER_CREATED, customerId=customer-001","logger_name":"com.example.observability.subscriber.service.OrderProcessingService","thread_name":"global-gcp-pubsub-subscriber1","level":"INFO","level_value":20000,"traceId":"2a47f873f2df586d60c0a629863eb7a2","spanId":"aea69b4b9c282bee","trace_id":"2a47f873f2df586d60c0a629863eb7a2","trace_flags":"01","orderId":"eab4f4d8-f305-4cba-a119-46bfc9c75f84","span_id":"aea69b4b9c282bee","customerId":"customer-001","eventType":"ORDER_CREATED","service":"subscriber-service"}
{"@timestamp":"2025-09-17T17:28:11.41556642-03:00","@version":"1","message":"Order processed successfully: orderId=eab4f4d8-f305-4cba-a119-46bfc9c75f84, newStatus=PROCESSED","logger_name":"com.example.observability.subscriber.service.OrderProcessingService","thread_name":"global-gcp-pubsub-subscriber1","level":"INFO","level_value":20000,"traceId":"2a47f873f2df586d60c0a629863eb7a2","spanId":"aea69b4b9c282bee","trace_id":"2a47f873f2df586d60c0a629863eb7a2","trace_flags":"01","orderId":"eab4f4d8-f305-4cba-a119-46bfc9c75f84","span_id":"aea69b4b9c282bee","customerId":"customer-001","eventType":"ORDER_CREATED","service":"subscriber-service"}
{"@timestamp":"2025-09-17T17:28:11.417662638-03:00","@version":"1","message":"Order event processed successfully: orderId=eab4f4d8-f305-4cba-a119-46bfc9c75f84","logger_name":"com.example.observability.subscriber.listener.OrderEventListener","thread_name":"global-gcp-pubsub-subscriber1","level":"INFO","level_value":20000,"traceId":"2a47f873f2df586d60c0a629863eb7a2","spanId":"aea69b4b9c282bee","trace_id":"2a47f873f2df586d60c0a629863eb7a2","trace_flags":"01","orderId":"eab4f4d8-f305-4cba-a119-46bfc9c75f84","span_id":"aea69b4b9c282bee","customerId":"customer-001","eventType":"ORDER_CREATED","service":"subscriber-service"}
{"@timestamp":"2025-09-17T17:28:11.708203019-03:00","@version":"1","message":"Processing message with distributed trace context restored","logger_name":"com.example.observability.subscriber.listener.OrderEventListener","thread_name":"global-gcp-pubsub-subscriber3","level":"INFO","level_value":20000,"traceId":"15c94fc16002c355d5a2775c894b781c","spanId":"2a7078c41a547ac1","trace_id":"15c94fc16002c355d5a2775c894b781c","trace_flags":"01","span_id":"bc304b3bfe263e23","service":"subscriber-service"}
{"@timestamp":"2025-09-17T17:28:11.708733965-03:00","@version":"1","message":"Processing order event: orderId=ccb8fdbb-31c8-444e-8026-eb184c6c9304, eventType=ORDER_CREATED, customerId=customer-001","logger_name":"com.example.observability.subscriber.listener.OrderEventListener","thread_name":"global-gcp-pubsub-subscriber3","level":"INFO","level_value":20000,"traceId":"15c94fc16002c355d5a2775c894b781c","spanId":"2a7078c41a547ac1","trace_id":"15c94fc16002c355d5a2775c894b781c","trace_flags":"01","orderId":"ccb8fdbb-31c8-444e-8026-eb184c6c9304","span_id":"bc304b3bfe263e23","customerId":"customer-001","eventType":"ORDER_CREATED","service":"subscriber-service"}
{"@timestamp":"2025-09-17T17:28:11.709493625-03:00","@version":"1","message":"Processing order event: orderId=ccb8fdbb-31c8-444e-8026-eb184c6c9304, eventType=ORDER_CREATED, customerId=customer-001","logger_name":"com.example.observability.subscriber.service.OrderProcessingService","thread_name":"global-gcp-pubsub-subscriber3","level":"INFO","level_value":20000,"traceId":"15c94fc16002c355d5a2775c894b781c","spanId":"bc304b3bfe263e23","trace_id":"15c94fc16002c355d5a2775c894b781c","trace_flags":"01","orderId":"ccb8fdbb-31c8-444e-8026-eb184c6c9304","span_id":"bc304b3bfe263e23","customerId":"customer-001","eventType":"ORDER_CREATED","service":"subscriber-service"}
{"@timestamp":"2025-09-17T17:28:12.097504506-03:00","@version":"1","message":"Order processed successfully: orderId=ccb8fdbb-31c8-444e-8026-eb184c6c9304, newStatus=PROCESSED","logger_name":"com.example.observability.subscriber.service.OrderProcessingService","thread_name":"global-gcp-pubsub-subscriber3","level":"INFO","level_value":20000,"traceId":"15c94fc16002c355d5a2775c894b781c","spanId":"bc304b3bfe263e23","trace_id":"15c94fc16002c355d5a2775c894b781c","trace_flags":"01","orderId":"ccb8fdbb-31c8-444e-8026-eb184c6c9304","span_id":"bc304b3bfe263e23","customerId":"customer-001","eventType":"ORDER_CREATED","service":"subscriber-service"}
{"@timestamp":"2025-09-17T17:28:12.099791391-03:00","@version":"1","message":"Order event processed successfully: orderId=ccb8fdbb-31c8-444e-8026-eb184c6c9304","logger_name":"com.example.observability.subscriber.listener.OrderEventListener","thread_name":"global-gcp-pubsub-subscriber3","level":"INFO","level_value":20000,"traceId":"15c94fc16002c355d5a2775c894b781c","spanId":"bc304b3bfe263e23","trace_id":"15c94fc16002c355d5a2775c894b781c","trace_flags":"01","orderId":"ccb8fdbb-31c8-444e-8026-eb184c6c9304","span_id":"bc304b3bfe263e23","customerId":"customer-001","eventType":"ORDER_CREATED","service":"subscriber-service"}
{"@timestamp":"2025-09-17T17:28:12.258387683-03:00","@version":"1","message":"Processing message with distributed trace context restored","logger_name":"com.example.observability.subscriber.listener.OrderEventListener","thread_name":"global-gcp-pubsub-subscriber2","level":"INFO","level_value":20000,"traceId":"ad596b9b8ac798bef3eebcfc63c2159e","spanId":"5c9a449fa2d06d19","trace_id":"ad596b9b8ac798bef3eebcfc63c2159e","trace_flags":"01","span_id":"a4fd3ceea3dc13b2","service":"subscriber-service"}
{"@timestamp":"2025-09-17T17:28:12.258808336-03:00","@version":"1","message":"Processing order event: orderId=ff9ca93e-7d65-4e0c-9522-1d2e2697e484, eventType=ORDER_CREATED, customerId=customer-001","logger_name":"com.example.observability.subscriber.listener.OrderEventListener","thread_name":"global-gcp-pubsub-subscriber2","level":"INFO","level_value":20000,"traceId":"ad596b9b8ac798bef3eebcfc63c2159e","spanId":"5c9a449fa2d06d19","trace_id":"ad596b9b8ac798bef3eebcfc63c2159e","trace_flags":"01","orderId":"ff9ca93e-7d65-4e0c-9522-1d2e2697e484","span_id":"a4fd3ceea3dc13b2","customerId":"customer-001","eventType":"ORDER_CREATED","service":"subscriber-service"}
{"@timestamp":"2025-09-17T17:28:12.259282682-03:00","@version":"1","message":"Processing order event: orderId=ff9ca93e-7d65-4e0c-9522-1d2e2697e484, eventType=ORDER_CREATED, customerId=customer-001","logger_name":"com.example.observability.subscriber.service.OrderProcessingService","thread_name":"global-gcp-pubsub-subscriber2","level":"INFO","level_value":20000,"traceId":"ad596b9b8ac798bef3eebcfc63c2159e","spanId":"a4fd3ceea3dc13b2","trace_id":"ad596b9b8ac798bef3eebcfc63c2159e","trace_flags":"01","orderId":"ff9ca93e-7d65-4e0c-9522-1d2e2697e484","span_id":"a4fd3ceea3dc13b2","customerId":"customer-001","eventType":"ORDER_CREATED","service":"subscriber-service"}
{"@timestamp":"2025-09-17T17:28:12.675618822-03:00","@version":"1","message":"Order processed successfully: orderId=ff9ca93e-7d65-4e0c-9522-1d2e2697e484, newStatus=PROCESSED","logger_name":"com.example.observability.subscriber.service.OrderProcessingService","thread_name":"global-gcp-pubsub-subscriber2","level":"INFO","level_value":20000,"traceId":"ad596b9b8ac798bef3eebcfc63c2159e","spanId":"a4fd3ceea3dc13b2","trace_id":"ad596b9b8ac798bef3eebcfc63c2159e","trace_flags":"01","orderId":"ff9ca93e-7d65-4e0c-9522-1d2e2697e484","span_id":"a4fd3ceea3dc13b2","customerId":"customer-001","eventType":"ORDER_CREATED","service":"subscriber-service"}
{"@timestamp":"2025-09-17T17:28:12.67770733-03:00","@version":"1","message":"Order event processed successfully: orderId=ff9ca93e-7d65-4e0c-9522-1d2e2697e484","logger_name":"com.example.observability.subscriber.listener.OrderEventListener","thread_name":"global-gcp-pubsub-subscriber2","level":"INFO","level_value":20000,"traceId":"ad596b9b8ac798bef3eebcfc63c2159e","spanId":"a4fd3ceea3dc13b2","trace_id":"ad596b9b8ac798bef3eebcfc63c2159e","trace_flags":"01","orderId":"ff9ca93e-7d65-4e0c-9522-1d2e2697e484","span_id":"a4fd3ceea3dc13b2","customerId":"customer-001","eventType":"ORDER_CREATED","service":"subscriber-service"}
{"@timestamp":"2025-09-17T17:28:12.70933263-03:00","@version":"1","message":"Processing message with distributed trace context restored","logger_name":"com.example.observability.subscriber.listener.OrderEventListener","thread_name":"global-gcp-pubsub-subscriber4","level":"INFO","level_value":20000,"traceId":"788f59ce6638a2ddb1972c043e21e28d","spanId":"8343e5dd103b97e9","trace_id":"788f59ce6638a2ddb1972c043e21e28d","trace_flags":"01","span_id":"6bf3df3ba7722f9c","service":"subscriber-service"}
{"@timestamp":"2025-09-17T17:28:12.709801609-03:00","@version":"1","message":"Processing order event: orderId=0cf33e06-959c-4acc-bfd9-40402f410a8f, eventType=ORDER_CREATED, customerId=customer-001","logger_name":"com.example.observability.subscriber.listener.OrderEventListener","thread_name":"global-gcp-pubsub-subscriber4","level":"INFO","level_value":20000,"traceId":"788f59ce6638a2ddb1972c043e21e28d","spanId":"8343e5dd103b97e9","trace_id":"788f59ce6638a2ddb1972c043e21e28d","trace_flags":"01","orderId":"0cf33e06-959c-4acc-bfd9-40402f410a8f","span_id":"6bf3df3ba7722f9c","customerId":"customer-001","eventType":"ORDER_CREATED","service":"subscriber-service"}
{"@timestamp":"2025-09-17T17:28:12.71035503-03:00","@version":"1","message":"Processing order event: orderId=0cf33e06-959c-4acc-bfd9-40402f410a8f, eventType=ORDER_CREATED, customerId=customer-001","logger_name":"com.example.observability.subscriber.service.OrderProcessingService","thread_name":"global-gcp-pubsub-subscriber4","level":"INFO","level_value":20000,"traceId":"788f59ce6638a2ddb1972c043e21e28d","spanId":"6bf3df3ba7722f9c","trace_id":"788f59ce6638a2ddb1972c043e21e28d","trace_flags":"01","orderId":"0cf33e06-959c-4acc-bfd9-40402f410a8f","span_id":"6bf3df3ba7722f9c","customerId":"customer-001","eventType":"ORDER_CREATED","service":"subscriber-service"}
{"@timestamp":"2025-09-17T17:28:12.90542058-03:00","@version":"1","message":"Order processed successfully: orderId=0cf33e06-959c-4acc-bfd9-40402f410a8f, newStatus=PROCESSED","logger_name":"com.example.observability.subscriber.service.OrderProcessingService","thread_name":"global-gcp-pubsub-subscriber4","level":"INFO","level_value":20000,"traceId":"788f59ce6638a2ddb1972c043e21e28d","spanId":"6bf3df3ba7722f9c","trace_id":"788f59ce6638a2ddb1972c043e21e28d","trace_flags":"01","orderId":"0cf33e06-959c-4acc-bfd9-40402f410a8f","span_id":"6bf3df3ba7722f9c","customerId":"customer-001","eventType":"ORDER_CREATED","service":"subscriber-service"}
{"@timestamp":"2025-09-17T17:28:12.907136719-03:00","@version":"1","message":"Order event processed successfully: orderId=0cf33e06-959c-4acc-bfd9-40402f410a8f","logger_name":"com.example.observability.subscriber.listener.OrderEventListener","thread_name":"global-gcp-pubsub-subscriber4","level":"INFO","level_value":20000,"traceId":"788f59ce6638a2ddb1972c043e21e28d","spanId":"6bf3df3ba7722f9c","trace_id":"788f59ce6638a2ddb1972c043e21e28d","trace_flags":"01","orderId":"0cf33e06-959c-4acc-bfd9-40402f410a8f","span_id":"6bf3df3ba7722f9c","customerId":"customer-001","eventType":"ORDER_CREATED","service":"subscriber-service"}
{"@timestamp":"2025-09-17T17:28:13.21103197-03:00","@version":"1","message":"Processing message with distributed trace context restored","logger_name":"com.example.observability.subscriber.listener.OrderEventListener","thread_name":"global-gcp-pubsub-subscriber1","level":"INFO","level_value":20000,"traceId":"d2b6dcfbdfeaaf4f821c2d310b8b20d8","spanId":"b9bfbb7824e8fa88","trace_id":"d2b6dcfbdfeaaf4f821c2d310b8b20d8","trace_flags":"01","span_id":"23c2b87b0c6818e9","service":"subscriber-service"}
{"@timestamp":"2025-09-17T17:28:13.211558583-03:00","@version":"1","message":"Processing order event: orderId=41701238-2278-4b1d-a590-c95b641a0997, eventType=ORDER_CREATED, customerId=customer-001","logger_name":"com.example.observability.subscriber.listener.OrderEventListener","thread_name":"global-gcp-pubsub-subscriber1","level":"INFO","level_value":20000,"traceId":"d2b6dcfbdfeaaf4f821c2d310b8b20d8","spanId":"b9bfbb7824e8fa88","trace_id":"d2b6dcfbdfeaaf4f821c2d310b8b20d8","trace_flags":"01","orderId":"41701238-2278-4b1d-a590-c95b641a0997","span_id":"23c2b87b0c6818e9","customerId":"customer-001","eventType":"ORDER_CREATED","service":"subscriber-service"}
{"@timestamp":"2025-09-17T17:28:13.212111974-03:00","@version":"1","message":"Processing order event: orderId=41701238-2278-4b1d-a590-c95b641a0997, eventType=ORDER_CREATED, customerId=customer-001","logger_name":"com.example.observability.subscriber.service.OrderProcessingService","thread_name":"global-gcp-pubsub-subscriber1","level":"INFO","level_value":20000,"traceId":"d2b6dcfbdfeaaf4f821c2d310b8b20d8","spanId":"23c2b87b0c6818e9","trace_id":"d2b6dcfbdfeaaf4f821c2d310b8b20d8","trace_flags":"01","orderId":"41701238-2278-4b1d-a590-c95b641a0997","span_id":"23c2b87b0c6818e9","customerId":"customer-001","eventType":"ORDER_CREATED","service":"subscriber-service"}
{"@timestamp":"2025-09-17T17:28:13.627621144-03:00","@version":"1","message":"Order processed successfully: orderId=41701238-2278-4b1d-a590-c95b641a0997, newStatus=PROCESSED","logger_name":"com.example.observability.subscriber.service.OrderProcessingService","thread_name":"global-gcp-pubsub-subscriber1","level":"INFO","level_value":20000,"traceId":"d2b6dcfbdfeaaf4f821c2d310b8b20d8","spanId":"23c2b87b0c6818e9","trace_id":"d2b6dcfbdfeaaf4f821c2d310b8b20d8","trace_flags":"01","orderId":"41701238-2278-4b1d-a590-c95b641a0997","span_id":"23c2b87b0c6818e9","customerId":"customer-001","eventType":"ORDER_CREATED","service":"subscriber-service"}
{"@timestamp":"2025-09-17T17:28:13.629825954-03:00","@version":"1","message":"Order event processed successfully: orderId=41701238-2278-4b1d-a590-c95b641a0997","logger_name":"com.example.observability.subscriber.listener.OrderEventListener","thread_name":"global-gcp-pubsub-subscriber1","level":"INFO","level_value":20000,"traceId":"d2b6dcfbdfeaaf4f821c2d310b8b20d8","spanId":"23c2b87b0c6818e9","trace_id":"d2b6dcfbdfeaaf4f821c2d310b8b20d8","trace_flags":"01","orderId":"41701238-2278-4b1d-a590-c95b641a0997","span_id":"23c2b87b0c6818e9","customerId":"customer-001","eventType":"ORDER_CREATED","service":"subscriber-service"}
{"@timestamp":"2025-09-17T17:28:13.661667725-03:00","@version":"1","message":"Processing message with distributed trace context restored","logger_name":"com.example.observability.subscriber.listener.OrderEventListener","thread_name":"global-gcp-pubsub-subscriber3","level":"INFO","level_value":20000,"traceId":"dfe34b3e1f243ce6460572bb94a96af7","spanId":"d46a51fe8e7b0792","trace_id":"dfe34b3e1f243ce6460572bb94a96af7","trace_flags":"01","span_id":"7b1e9245eded13e0","service":"subscriber-service"}
{"@timestamp":"2025-09-17T17:28:13.662254443-03:00","@version":"1","message":"Processing order event: orderId=0412bd28-d787-4829-b611-9db36d353eb5, eventType=ORDER_CREATED, customerId=customer-001","logger_name":"com.example.observability.subscriber.listener.OrderEventListener","thread_name":"global-gcp-pubsub-subscriber3","level":"INFO","level_value":20000,"traceId":"dfe34b3e1f243ce6460572bb94a96af7","spanId":"d46a51fe8e7b0792","trace_id":"dfe34b3e1f243ce6460572bb94a96af7","trace_flags":"01","orderId":"0412bd28-d787-4829-b611-9db36d353eb5","span_id":"7b1e9245eded13e0","customerId":"customer-001","eventType":"ORDER_CREATED","service":"subscriber-service"}
{"@timestamp":"2025-09-17T17:28:13.662737456-03:00","@version":"1","message":"Processing order event: orderId=0412bd28-d787-4829-b611-9db36d353eb5, eventType=ORDER_CREATED, customerId=customer-001","logger_name":"com.example.observability.subscriber.service.OrderProcessingService","thread_name":"global-gcp-pubsub-subscriber3","level":"INFO","level_value":20000,"traceId":"dfe34b3e1f243ce6460572bb94a96af7","spanId":"7b1e9245eded13e0","trace_id":"dfe34b3e1f243ce6460572bb94a96af7","trace_flags":"01","orderId":"0412bd28-d787-4829-b611-9db36d353eb5","span_id":"7b1e9245eded13e0","customerId":"customer-001","eventType":"ORDER_CREATED","service":"subscriber-service"}
{"@timestamp":"2025-09-17T17:28:13.918700339-03:00","@version":"1","message":"Order processed successfully: orderId=0412bd28-d787-4829-b611-9db36d353eb5, newStatus=PROCESSED","logger_name":"com.example.observability.subscriber.service.OrderProcessingService","thread_name":"global-gcp-pubsub-subscriber3","level":"INFO","level_value":20000,"traceId":"dfe34b3e1f243ce6460572bb94a96af7","spanId":"7b1e9245eded13e0","trace_id":"dfe34b3e1f243ce6460572bb94a96af7","trace_flags":"01","orderId":"0412bd28-d787-4829-b611-9db36d353eb5","span_id":"7b1e9245eded13e0","customerId":"customer-001","eventType":"ORDER_CREATED","service":"subscriber-service"}
{"@timestamp":"2025-09-17T17:28:13.920668661-03:00","@version":"1","message":"Order event processed successfully: orderId=0412bd28-d787-4829-b611-9db36d353eb5","logger_name":"com.example.observability.subscriber.listener.OrderEventListener","thread_name":"global-gcp-pubsub-subscriber3","level":"INFO","level_value":20000,"traceId":"dfe34b3e1f243ce6460572bb94a96af7","spanId":"7b1e9245eded13e0","trace_id":"dfe34b3e1f243ce6460572bb94a96af7","trace_flags":"01","orderId":"0412bd28-d787-4829-b611-9db36d353eb5","span_id":"7b1e9245eded13e0","customerId":"customer-001","eventType":"ORDER_CREATED","service":"subscriber-service"}
{"@timestamp":"2025-09-17T17:28:14.163699145-03:00","@version":"1","message":"Processing message with distributed trace context restored","logger_name":"com.example.observability.subscriber.listener.OrderEventListener","thread_name":"global-gcp-pubsub-subscriber2","level":"INFO","level_value":20000,"traceId":"fb1571497d1ceaaf583168bbfffa6245","spanId":"b4abed45d6d16ca7","trace_id":"fb1571497d1ceaaf583168bbfffa6245","trace_flags":"01","span_id":"dfe7aaf5f1a7e897","service":"subscriber-service"}
{"@timestamp":"2025-09-17T17:28:14.16654639-03:00","@version":"1","message":"Processing order event: orderId=7a26d277-2089-4818-b48e-44eebce52598, eventType=ORDER_CREATED, customerId=customer-001","logger_name":"com.example.observability.subscriber.listener.OrderEventListener","thread_name":"global-gcp-pubsub-subscriber2","level":"INFO","level_value":20000,"traceId":"fb1571497d1ceaaf583168bbfffa6245","spanId":"b4abed45d6d16ca7","trace_id":"fb1571497d1ceaaf583168bbfffa6245","trace_flags":"01","orderId":"7a26d277-2089-4818-b48e-44eebce52598","span_id":"dfe7aaf5f1a7e897","customerId":"customer-001","eventType":"ORDER_CREATED","service":"subscriber-service"}
{"@timestamp":"2025-09-17T17:28:14.16752634-03:00","@version":"1","message":"Processing order event: orderId=7a26d277-2089-4818-b48e-44eebce52598, eventType=ORDER_CREATED, customerId=customer-001","logger_name":"com.example.observability.subscriber.service.OrderProcessingService","thread_name":"global-gcp-pubsub-subscriber2","level":"INFO","level_value":20000,"traceId":"fb1571497d1ceaaf583168bbfffa6245","spanId":"dfe7aaf5f1a7e897","trace_id":"fb1571497d1ceaaf583168bbfffa6245","trace_flags":"01","orderId":"7a26d277-2089-4818-b48e-44eebce52598","span_id":"dfe7aaf5f1a7e897","customerId":"customer-001","eventType":"ORDER_CREATED","service":"subscriber-service"}
{"@timestamp":"2025-09-17T17:28:14.34400224-03:00","@version":"1","message":"Order processed successfully: orderId=7a26d277-2089-4818-b48e-44eebce52598, newStatus=PROCESSED","logger_name":"com.example.observability.subscriber.service.OrderProcessingService","thread_name":"global-gcp-pubsub-subscriber2","level":"INFO","level_value":20000,"traceId":"fb1571497d1ceaaf583168bbfffa6245","spanId":"dfe7aaf5f1a7e897","trace_id":"fb1571497d1ceaaf583168bbfffa6245","trace_flags":"01","orderId":"7a26d277-2089-4818-b48e-44eebce52598","span_id":"dfe7aaf5f1a7e897","customerId":"customer-001","eventType":"ORDER_CREATED","service":"subscriber-service"}
{"@timestamp":"2025-09-17T17:28:14.345628126-03:00","@version":"1","message":"Order event processed successfully: orderId=7a26d277-2089-4818-b48e-44eebce52598","logger_name":"com.example.observability.subscriber.listener.OrderEventListener","thread_name":"global-gcp-pubsub-subscriber2","level":"INFO","level_value":20000,"traceId":"fb1571497d1ceaaf583168bbfffa6245","spanId":"dfe7aaf5f1a7e897","trace_id":"fb1571497d1ceaaf583168bbfffa6245","trace_flags":"01","orderId":"7a26d277-2089-4818-b48e-44eebce52598","span_id":"dfe7aaf5f1a7e897","customerId":"customer-001","eventType":"ORDER_CREATED","service":"subscriber-service"}
{"@timestamp":"2025-09-17T17:28:14.613952047-03:00","@version":"1","message":"Processing message with distributed trace context restored","logger_name":"com.example.observability.subscriber.listener.OrderEventListener","thread_name":"global-gcp-pubsub-subscriber4","level":"INFO","level_value":20000,"traceId":"4da76f87173b2a6d0f64f407b46c6d4c","spanId":"d7f2b4f2dc45614f","trace_id":"4da76f87173b2a6d0f64f407b46c6d4c","trace_flags":"01","span_id":"9d272ae1b47541e0","service":"subscriber-service"}
{"@timestamp":"2025-09-17T17:28:14.614448348-03:00","@version":"1","message":"Processing order event: orderId=1b51bccf-5676-4bef-9cf5-03f12dc8394f, eventType=ORDER_CREATED, customerId=customer-001","logger_name":"com.example.observability.subscriber.listener.OrderEventListener","thread_name":"global-gcp-pubsub-subscriber4","level":"INFO","level_value":20000,"traceId":"4da76f87173b2a6d0f64f407b46c6d4c","spanId":"d7f2b4f2dc45614f","trace_id":"4da76f87173b2a6d0f64f407b46c6d4c","trace_flags":"01","orderId":"1b51bccf-5676-4bef-9cf5-03f12dc8394f","span_id":"9d272ae1b47541e0","customerId":"customer-001","eventType":"ORDER_CREATED","service":"subscriber-service"}
{"@timestamp":"2025-09-17T17:28:14.61496964-03:00","@version":"1","message":"Processing order event: orderId=1b51bccf-5676-4bef-9cf5-03f12dc8394f, eventType=ORDER_CREATED, customerId=customer-001","logger_name":"com.example.observability.subscriber.service.OrderProcessingService","thread_name":"global-gcp-pubsub-subscriber4","level":"INFO","level_value":20000,"traceId":"4da76f87173b2a6d0f64f407b46c6d4c","spanId":"9d272ae1b47541e0","trace_id":"4da76f87173b2a6d0f64f407b46c6d4c","trace_flags":"01","orderId":"1b51bccf-5676-4bef-9cf5-03f12dc8394f","span_id":"9d272ae1b47541e0","customerId":"customer-001","eventType":"ORDER_CREATED","service":"subscriber-service"}
{"@timestamp":"2025-09-17T17:28:14.952243849-03:00","@version":"1","message":"Order processed successfully: orderId=1b51bccf-5676-4bef-9cf5-03f12dc8394f, newStatus=PROCESSED","logger_name":"com.example.observability.subscriber.service.OrderProcessingService","thread_name":"global-gcp-pubsub-subscriber4","level":"INFO","level_value":20000,"traceId":"4da76f87173b2a6d0f64f407b46c6d4c","spanId":"9d272ae1b47541e0","trace_id":"4da76f87173b2a6d0f64f407b46c6d4c","trace_flags":"01","orderId":"1b51bccf-5676-4bef-9cf5-03f12dc8394f","span_id":"9d272ae1b47541e0","customerId":"customer-001","eventType":"ORDER_CREATED","service":"subscriber-service"}
{"@timestamp":"2025-09-17T17:28:14.954144207-03:00","@version":"1","message":"Order event processed successfully: orderId=1b51bccf-5676-4bef-9cf5-03f12dc8394f","logger_name":"com.example.observability.subscriber.listener.OrderEventListener","thread_name":"global-gcp-pubsub-subscriber4","level":"INFO","level_value":20000,"traceId":"4da76f87173b2a6d0f64f407b46c6d4c","spanId":"9d272ae1b47541e0","trace_id":"4da76f87173b2a6d0f64f407b46c6d4c","trace_flags":"01","orderId":"1b51bccf-5676-4bef-9cf5-03f12dc8394f","span_id":"9d272ae1b47541e0","customerId":"customer-001","eventType":"ORDER_CREATED","service":"subscriber-service"}
{"@timestamp":"2025-09-17T17:28:29.190684935-03:00","@version":"1","message":"Processing message with distributed trace context restored","logger_name":"com.example.observability.subscriber.listener.OrderEventListener","thread_name":"global-gcp-pubsub-subscriber1","level":"INFO","level_value":20000,"traceId":"397cd16fa0541319b2bb07ded00a7e04","spanId":"94502abf11a336e2","trace_id":"397cd16fa0541319b2bb07ded00a7e04","trace_flags":"01","span_id":"be6c043ea1175c9d","service":"subscriber-service"}
{"@timestamp":"2025-09-17T17:28:29.19221495-03:00","@version":"1","message":"Processing order event: orderId=3dbdd9d1-cbc6-4b41-9a13-232dbd008f26, eventType=ORDER_CREATED, customerId=customer-001","logger_name":"com.example.observability.subscriber.listener.OrderEventListener","thread_name":"global-gcp-pubsub-subscriber1","level":"INFO","level_value":20000,"traceId":"397cd16fa0541319b2bb07ded00a7e04","spanId":"94502abf11a336e2","trace_id":"397cd16fa0541319b2bb07ded00a7e04","trace_flags":"01","orderId":"3dbdd9d1-cbc6-4b41-9a13-232dbd008f26","span_id":"be6c043ea1175c9d","customerId":"customer-001","eventType":"ORDER_CREATED","service":"subscriber-service"}
{"@timestamp":"2025-09-17T17:28:29.193527067-03:00","@version":"1","message":"Processing order event: orderId=3dbdd9d1-cbc6-4b41-9a13-232dbd008f26, eventType=ORDER_CREATED, customerId=customer-001","logger_name":"com.example.observability.subscriber.service.OrderProcessingService","thread_name":"global-gcp-pubsub-subscriber1","level":"INFO","level_value":20000,"traceId":"397cd16fa0541319b2bb07ded00a7e04","spanId":"be6c043ea1175c9d","trace_id":"397cd16fa0541319b2bb07ded00a7e04","trace_flags":"01","orderId":"3dbdd9d1-cbc6-4b41-9a13-232dbd008f26","span_id":"be6c043ea1175c9d","customerId":"customer-001","eventType":"ORDER_CREATED","service":"subscriber-service"}
{"@timestamp":"2025-09-17T17:28:29.383156157-03:00","@version":"1","message":"Order processed successfully: orderId=3dbdd9d1-cbc6-4b41-9a13-232dbd008f26, newStatus=PROCESSED","logger_name":"com.example.observability.subscriber.service.OrderProcessingService","thread_name":"global-gcp-pubsub-subscriber1","level":"INFO","level_value":20000,"traceId":"397cd16fa0541319b2bb07ded00a7e04","spanId":"be6c043ea1175c9d","trace_id":"397cd16fa0541319b2bb07ded00a7e04","trace_flags":"01","orderId":"3dbdd9d1-cbc6-4b41-9a13-232dbd008f26","span_id":"be6c043ea1175c9d","customerId":"customer-001","eventType":"ORDER_CREATED","service":"subscriber-service"}
{"@timestamp":"2025-09-17T17:28:29.384861966-03:00","@version":"1","message":"Order event processed successfully: orderId=3dbdd9d1-cbc6-4b41-9a13-232dbd008f26","logger_name":"com.example.observability.subscriber.listener.OrderEventListener","thread_name":"global-gcp-pubsub-subscriber1","level":"INFO","level_value":20000,"traceId":"397cd16fa0541319b2bb07ded00a7e04","spanId":"be6c043ea1175c9d","trace_id":"397cd16fa0541319b2bb07ded00a7e04","trace_flags":"01","orderId":"3dbdd9d1-cbc6-4b41-9a13-232dbd008f26","span_id":"be6c043ea1175c9d","customerId":"customer-001","eventType":"ORDER_CREATED","service":"subscriber-service"}
{"@timestamp":"2025-09-17T17:28:29.839184306-03:00","@version":"1","message":"Processing message with distributed trace context restored","logger_name":"com.example.observability.subscriber.listener.OrderEventListener","thread_name":"global-gcp-pubsub-subscriber3","level":"INFO","level_value":20000,"traceId":"a4286212f73677c3ca409cea03c6801c","spanId":"19acac677a6fd0e7","trace_id":"a4286212f73677c3ca409cea03c6801c","trace_flags":"01","span_id":"fd2980778d740a4f","service":"subscriber-service"}
{"@timestamp":"2025-09-17T17:28:29.840005445-03:00","@version":"1","message":"Processing order event: orderId=35b51ef8-684b-4453-9fc6-3358144d5157, eventType=ORDER_CREATED, customerId=customer-001","logger_name":"com.example.observability.subscriber.listener.OrderEventListener","thread_name":"global-gcp-pubsub-subscriber3","level":"INFO","level_value":20000,"traceId":"a4286212f73677c3ca409cea03c6801c","spanId":"19acac677a6fd0e7","trace_id":"a4286212f73677c3ca409cea03c6801c","trace_flags":"01","orderId":"35b51ef8-684b-4453-9fc6-3358144d5157","span_id":"fd2980778d740a4f","customerId":"customer-001","eventType":"ORDER_CREATED","service":"subscriber-service"}
{"@timestamp":"2025-09-17T17:28:29.840645974-03:00","@version":"1","message":"Processing order event: orderId=35b51ef8-684b-4453-9fc6-3358144d5157, eventType=ORDER_CREATED, customerId=customer-001","logger_name":"com.example.observability.subscriber.service.OrderProcessingService","thread_name":"global-gcp-pubsub-subscriber3","level":"INFO","level_value":20000,"traceId":"a4286212f73677c3ca409cea03c6801c","spanId":"fd2980778d740a4f","trace_id":"a4286212f73677c3ca409cea03c6801c","trace_flags":"01","orderId":"35b51ef8-684b-4453-9fc6-3358144d5157","span_id":"fd2980778d740a4f","customerId":"customer-001","eventType":"ORDER_CREATED","service":"subscriber-service"}
{"@timestamp":"2025-09-17T17:28:30.110962455-03:00","@version":"1","message":"Order processed successfully: orderId=35b51ef8-684b-4453-9fc6-3358144d5157, newStatus=PROCESSED","logger_name":"com.example.observability.subscriber.service.OrderProcessingService","thread_name":"global-gcp-pubsub-subscriber3","level":"INFO","level_value":20000,"traceId":"a4286212f73677c3ca409cea03c6801c","spanId":"fd2980778d740a4f","trace_id":"a4286212f73677c3ca409cea03c6801c","trace_flags":"01","orderId":"35b51ef8-684b-4453-9fc6-3358144d5157","span_id":"fd2980778d740a4f","customerId":"customer-001","eventType":"ORDER_CREATED","service":"subscriber-service"}
{"@timestamp":"2025-09-17T17:28:30.113065171-03:00","@version":"1","message":"Order event processed successfully: orderId=35b51ef8-684b-4453-9fc6-3358144d5157","logger_name":"com.example.observability.subscriber.listener.OrderEventListener","thread_name":"global-gcp-pubsub-subscriber3","level":"INFO","level_value":20000,"traceId":"a4286212f73677c3ca409cea03c6801c","spanId":"fd2980778d740a4f","trace_id":"a4286212f73677c3ca409cea03c6801c","trace_flags":"01","orderId":"35b51ef8-684b-4453-9fc6-3358144d5157","span_id":"fd2980778d740a4f","customerId":"customer-001","eventType":"ORDER_CREATED","service":"subscriber-service"}
{"@timestamp":"2025-09-17T17:28:30.340079323-03:00","@version":"1","message":"Processing message with distributed trace context restored","logger_name":"com.example.observability.subscriber.listener.OrderEventListener","thread_name":"global-gcp-pubsub-subscriber2","level":"INFO","level_value":20000,"traceId":"dafdb7636829d56371e98170abcd4723","spanId":"7443800643d4c9b3","trace_id":"dafdb7636829d56371e98170abcd4723","trace_flags":"01","span_id":"fb02e81b3c3afbe9","service":"subscriber-service"}
{"@timestamp":"2025-09-17T17:28:30.340551457-03:00","@version":"1","message":"Processing order event: orderId=51f1d5e5-b45d-455c-9533-7adff3ef066a, eventType=ORDER_CREATED, customerId=customer-001","logger_name":"com.example.observability.subscriber.listener.OrderEventListener","thread_name":"global-gcp-pubsub-subscriber2","level":"INFO","level_value":20000,"traceId":"dafdb7636829d56371e98170abcd4723","spanId":"7443800643d4c9b3","trace_id":"dafdb7636829d56371e98170abcd4723","trace_flags":"01","orderId":"51f1d5e5-b45d-455c-9533-7adff3ef066a","span_id":"fb02e81b3c3afbe9","customerId":"customer-001","eventType":"ORDER_CREATED","service":"subscriber-service"}
{"@timestamp":"2025-09-17T17:28:30.341211567-03:00","@version":"1","message":"Processing order event: orderId=51f1d5e5-b45d-455c-9533-7adff3ef066a, eventType=ORDER_CREATED, customerId=customer-001","logger_name":"com.example.observability.subscriber.service.OrderProcessingService","thread_name":"global-gcp-pubsub-subscriber2","level":"INFO","level_value":20000,"traceId":"dafdb7636829d56371e98170abcd4723","spanId":"fb02e81b3c3afbe9","trace_id":"dafdb7636829d56371e98170abcd4723","trace_flags":"01","orderId":"51f1d5e5-b45d-455c-9533-7adff3ef066a","span_id":"fb02e81b3c3afbe9","customerId":"customer-001","eventType":"ORDER_CREATED","service":"subscriber-service"}
{"@timestamp":"2025-09-17T17:28:30.554834741-03:00","@version":"1","message":"Order processed successfully: orderId=51f1d5e5-b45d-455c-9533-7adff3ef066a, newStatus=PROCESSED","logger_name":"com.example.observability.subscriber.service.OrderProcessingService","thread_name":"global-gcp-pubsub-subscriber2","level":"INFO","level_value":20000,"traceId":"dafdb7636829d56371e98170abcd4723","spanId":"fb02e81b3c3afbe9","trace_id":"dafdb7636829d56371e98170abcd4723","trace_flags":"01","orderId":"51f1d5e5-b45d-455c-9533-7adff3ef066a","span_id":"fb02e81b3c3afbe9","customerId":"customer-001","eventType":"ORDER_CREATED","service":"subscriber-service"}
{"@timestamp":"2025-09-17T17:28:30.55678628-03:00","@version":"1","message":"Order event processed successfully: orderId=51f1d5e5-b45d-455c-9533-7adff3ef066a","logger_name":"com.example.observability.subscriber.listener.OrderEventListener","thread_name":"global-gcp-pubsub-subscriber2","level":"INFO","level_value":20000,"traceId":"dafdb7636829d56371e98170abcd4723","spanId":"fb02e81b3c3afbe9","trace_id":"dafdb7636829d56371e98170abcd4723","trace_flags":"01","orderId":"51f1d5e5-b45d-455c-9533-7adff3ef066a","span_id":"fb02e81b3c3afbe9","customerId":"customer-001","eventType":"ORDER_CREATED","service":"subscriber-service"}
{"@timestamp":"2025-09-17T17:28:30.89089135-03:00","@version":"1","message":"Processing message with distributed trace context restored","logger_name":"com.example.observability.subscriber.listener.OrderEventListener","thread_name":"global-gcp-pubsub-subscriber4","level":"INFO","level_value":20000,"traceId":"95087a3c0635ffb4931feec4c2c4c38f","spanId":"a2059eb106d7153b","trace_id":"95087a3c0635ffb4931feec4c2c4c38f","trace_flags":"01","span_id":"d4f90b23b7a330c2","service":"subscriber-service"}
{"@timestamp":"2025-09-17T17:28:30.891454902-03:00","@version":"1","message":"Processing order event: orderId=cced39da-36f5-4088-90ac-59b27c951fad, eventType=ORDER_CREATED, customerId=customer-001","logger_name":"com.example.observability.subscriber.listener.OrderEventListener","thread_name":"global-gcp-pubsub-subscriber4","level":"INFO","level_value":20000,"traceId":"95087a3c0635ffb4931feec4c2c4c38f","spanId":"a2059eb106d7153b","trace_id":"95087a3c0635ffb4931feec4c2c4c38f","trace_flags":"01","orderId":"cced39da-36f5-4088-90ac-59b27c951fad","span_id":"d4f90b23b7a330c2","customerId":"customer-001","eventType":"ORDER_CREATED","service":"subscriber-service"}
{"@timestamp":"2025-09-17T17:28:30.891970409-03:00","@version":"1","message":"Processing order event: orderId=cced39da-36f5-4088-90ac-59b27c951fad, eventType=ORDER_CREATED, customerId=customer-001","logger_name":"com.example.observability.subscriber.service.OrderProcessingService","thread_name":"global-gcp-pubsub-subscriber4","level":"INFO","level_value":20000,"traceId":"95087a3c0635ffb4931feec4c2c4c38f","spanId":"d4f90b23b7a330c2","trace_id":"95087a3c0635ffb4931feec4c2c4c38f","trace_flags":"01","orderId":"cced39da-36f5-4088-90ac-59b27c951fad","span_id":"d4f90b23b7a330c2","customerId":"customer-001","eventType":"ORDER_CREATED","service":"subscriber-service"}
{"@timestamp":"2025-09-17T17:28:31.235538399-03:00","@version":"1","message":"Order processed successfully: orderId=cced39da-36f5-4088-90ac-59b27c951fad, newStatus=PROCESSED","logger_name":"com.example.observability.subscriber.service.OrderProcessingService","thread_name":"global-gcp-pubsub-subscriber4","level":"INFO","level_value":20000,"traceId":"95087a3c0635ffb4931feec4c2c4c38f","spanId":"d4f90b23b7a330c2","trace_id":"95087a3c0635ffb4931feec4c2c4c38f","trace_flags":"01","orderId":"cced39da-36f5-4088-90ac-59b27c951fad","span_id":"d4f90b23b7a330c2","customerId":"customer-001","eventType":"ORDER_CREATED","service":"subscriber-service"}
{"@timestamp":"2025-09-17T17:28:31.237602732-03:00","@version":"1","message":"Order event processed successfully: orderId=cced39da-36f5-4088-90ac-59b27c951fad","logger_name":"com.example.observability.subscriber.listener.OrderEventListener","thread_name":"global-gcp-pubsub-subscriber4","level":"INFO","level_value":20000,"traceId":"95087a3c0635ffb4931feec4c2c4c38f","spanId":"d4f90b23b7a330c2","trace_id":"95087a3c0635ffb4931feec4c2c4c38f","trace_flags":"01","orderId":"cced39da-36f5-4088-90ac-59b27c951fad","span_id":"d4f90b23b7a330c2","customerId":"customer-001","eventType":"ORDER_CREATED","service":"subscriber-service"}
{"@timestamp":"2025-09-17T17:28:31.492137868-03:00","@version":"1","message":"Processing message with distributed trace context restored","logger_name":"com.example.observability.subscriber.listener.OrderEventListener","thread_name":"global-gcp-pubsub-subscriber1","level":"INFO","level_value":20000,"traceId":"4c1168c0d21c3f5e667afaf56ffe3aba","spanId":"30b0742286d50a48","trace_id":"4c1168c0d21c3f5e667afaf56ffe3aba","trace_flags":"01","span_id":"a430d9787cfa7dd1","service":"subscriber-service"}
{"@timestamp":"2025-09-17T17:28:31.492642569-03:00","@version":"1","message":"Processing order event: orderId=883d2f15-ac8a-4aab-93ce-39767d9ae92e, eventType=ORDER_CREATED, customerId=customer-001","logger_name":"com.example.observability.subscriber.listener.OrderEventListener","thread_name":"global-gcp-pubsub-subscriber1","level":"INFO","level_value":20000,"traceId":"4c1168c0d21c3f5e667afaf56ffe3aba","spanId":"30b0742286d50a48","trace_id":"4c1168c0d21c3f5e667afaf56ffe3aba","trace_flags":"01","orderId":"883d2f15-ac8a-4aab-93ce-39767d9ae92e","span_id":"a430d9787cfa7dd1","customerId":"customer-001","eventType":"ORDER_CREATED","service":"subscriber-service"}
{"@timestamp":"2025-09-17T17:28:31.493217648-03:00","@version":"1","message":"Processing order event: orderId=883d2f15-ac8a-4aab-93ce-39767d9ae92e, eventType=ORDER_CREATED, customerId=customer-001","logger_name":"com.example.observability.subscriber.service.OrderProcessingService","thread_name":"global-gcp-pubsub-subscriber1","level":"INFO","level_value":20000,"traceId":"4c1168c0d21c3f5e667afaf56ffe3aba","spanId":"a430d9787cfa7dd1","trace_id":"4c1168c0d21c3f5e667afaf56ffe3aba","trace_flags":"01","orderId":"883d2f15-ac8a-4aab-93ce-39767d9ae92e","span_id":"a430d9787cfa7dd1","customerId":"customer-001","eventType":"ORDER_CREATED","service":"subscriber-service"}
{"@timestamp":"2025-09-17T17:28:31.855811873-03:00","@version":"1","message":"Order processed successfully: orderId=883d2f15-ac8a-4aab-93ce-39767d9ae92e, newStatus=PROCESSED","logger_name":"com.example.observability.subscriber.service.OrderProcessingService","thread_name":"global-gcp-pubsub-subscriber1","level":"INFO","level_value":20000,"traceId":"4c1168c0d21c3f5e667afaf56ffe3aba","spanId":"a430d9787cfa7dd1","trace_id":"4c1168c0d21c3f5e667afaf56ffe3aba","trace_flags":"01","orderId":"883d2f15-ac8a-4aab-93ce-39767d9ae92e","span_id":"a430d9787cfa7dd1","customerId":"customer-001","eventType":"ORDER_CREATED","service":"subscriber-service"}
{"@timestamp":"2025-09-17T17:28:31.857815008-03:00","@version":"1","message":"Order event processed successfully: orderId=883d2f15-ac8a-4aab-93ce-39767d9ae92e","logger_name":"com.example.observability.subscriber.listener.OrderEventListener","thread_name":"global-gcp-pubsub-subscriber1","level":"INFO","level_value":20000,"traceId":"4c1168c0d21c3f5e667afaf56ffe3aba","spanId":"a430d9787cfa7dd1","trace_id":"4c1168c0d21c3f5e667afaf56ffe3aba","trace_flags":"01","orderId":"883d2f15-ac8a-4aab-93ce-39767d9ae92e","span_id":"a430d9787cfa7dd1","customerId":"customer-001","eventType":"ORDER_CREATED","service":"subscriber-service"}
{"@timestamp":"2025-09-17T17:28:31.943246202-03:00","@version":"1","message":"Processing message with distributed trace context restored","logger_name":"com.example.observability.subscriber.listener.OrderEventListener","thread_name":"global-gcp-pubsub-subscriber3","level":"INFO","level_value":20000,"traceId":"1d76249b7de9a83f5c6fc814663a4259","spanId":"3acbacfb07798dad","trace_id":"1d76249b7de9a83f5c6fc814663a4259","trace_flags":"01","span_id":"0d271bbf44212b29","service":"subscriber-service"}
{"@timestamp":"2025-09-17T17:28:31.943954073-03:00","@version":"1","message":"Processing order event: orderId=158c298e-c245-4374-ac8a-ed3ef925481e, eventType=ORDER_CREATED, customerId=customer-001","logger_name":"com.example.observability.subscriber.listener.OrderEventListener","thread_name":"global-gcp-pubsub-subscriber3","level":"INFO","level_value":20000,"traceId":"1d76249b7de9a83f5c6fc814663a4259","spanId":"3acbacfb07798dad","trace_id":"1d76249b7de9a83f5c6fc814663a4259","trace_flags":"01","orderId":"158c298e-c245-4374-ac8a-ed3ef925481e","span_id":"0d271bbf44212b29","customerId":"customer-001","eventType":"ORDER_CREATED","service":"subscriber-service"}
{"@timestamp":"2025-09-17T17:28:31.944732164-03:00","@version":"1","message":"Processing order event: orderId=158c298e-c245-4374-ac8a-ed3ef925481e, eventType=ORDER_CREATED, customerId=customer-001","logger_name":"com.example.observability.subscriber.service.OrderProcessingService","thread_name":"global-gcp-pubsub-subscriber3","level":"INFO","level_value":20000,"traceId":"1d76249b7de9a83f5c6fc814663a4259","spanId":"0d271bbf44212b29","trace_id":"1d76249b7de9a83f5c6fc814663a4259","trace_flags":"01","orderId":"158c298e-c245-4374-ac8a-ed3ef925481e","span_id":"0d271bbf44212b29","customerId":"customer-001","eventType":"ORDER_CREATED","service":"subscriber-service"}
{"@timestamp":"2025-09-17T17:28:32.191986667-03:00","@version":"1","message":"Order processed successfully: orderId=158c298e-c245-4374-ac8a-ed3ef925481e, newStatus=PROCESSED","logger_name":"com.example.observability.subscriber.service.OrderProcessingService","thread_name":"global-gcp-pubsub-subscriber3","level":"INFO","level_value":20000,"traceId":"1d76249b7de9a83f5c6fc814663a4259","spanId":"0d271bbf44212b29","trace_id":"1d76249b7de9a83f5c6fc814663a4259","trace_flags":"01","orderId":"158c298e-c245-4374-ac8a-ed3ef925481e","span_id":"0d271bbf44212b29","customerId":"customer-001","eventType":"ORDER_CREATED","service":"subscriber-service"}
{"@timestamp":"2025-09-17T17:28:32.193983008-03:00","@version":"1","message":"Order event processed successfully: orderId=158c298e-c245-4374-ac8a-ed3ef925481e","logger_name":"com.example.observability.subscriber.listener.OrderEventListener","thread_name":"global-gcp-pubsub-subscriber3","level":"INFO","level_value":20000,"traceId":"1d76249b7de9a83f5c6fc814663a4259","spanId":"0d271bbf44212b29","trace_id":"1d76249b7de9a83f5c6fc814663a4259","trace_flags":"01","orderId":"158c298e-c245-4374-ac8a-ed3ef925481e","span_id":"0d271bbf44212b29","customerId":"customer-001","eventType":"ORDER_CREATED","service":"subscriber-service"}
{"@timestamp":"2025-09-17T17:28:32.444196513-03:00","@version":"1","message":"Processing message with distributed trace context restored","logger_name":"com.example.observability.subscriber.listener.OrderEventListener","thread_name":"global-gcp-pubsub-subscriber2","level":"INFO","level_value":20000,"traceId":"2c3aa3b53053ccda4a1af2d784f172a6","spanId":"e50eeec48f290a10","trace_id":"2c3aa3b53053ccda4a1af2d784f172a6","trace_flags":"01","span_id":"bf813c770e9b5ae4","service":"subscriber-service"}
{"@timestamp":"2025-09-17T17:28:32.444728446-03:00","@version":"1","message":"Processing order event: orderId=dd1fbbcd-f3f1-443a-942f-5286383baf1a, eventType=ORDER_CREATED, customerId=customer-001","logger_name":"com.example.observability.subscriber.listener.OrderEventListener","thread_name":"global-gcp-pubsub-subscriber2","level":"INFO","level_value":20000,"traceId":"2c3aa3b53053ccda4a1af2d784f172a6","spanId":"e50eeec48f290a10","trace_id":"2c3aa3b53053ccda4a1af2d784f172a6","trace_flags":"01","orderId":"dd1fbbcd-f3f1-443a-942f-5286383baf1a","span_id":"bf813c770e9b5ae4","customerId":"customer-001","eventType":"ORDER_CREATED","service":"subscriber-service"}
{"@timestamp":"2025-09-17T17:28:32.445224165-03:00","@version":"1","message":"Processing order event: orderId=dd1fbbcd-f3f1-443a-942f-5286383baf1a, eventType=ORDER_CREATED, customerId=customer-001","logger_name":"com.example.observability.subscriber.service.OrderProcessingService","thread_name":"global-gcp-pubsub-subscriber2","level":"INFO","level_value":20000,"traceId":"2c3aa3b53053ccda4a1af2d784f172a6","spanId":"bf813c770e9b5ae4","trace_id":"2c3aa3b53053ccda4a1af2d784f172a6","trace_flags":"01","orderId":"dd1fbbcd-f3f1-443a-942f-5286383baf1a","span_id":"bf813c770e9b5ae4","customerId":"customer-001","eventType":"ORDER_CREATED","service":"subscriber-service"}
{"@timestamp":"2025-09-17T17:28:32.586532306-03:00","@version":"1","message":"Order processed successfully: orderId=dd1fbbcd-f3f1-443a-942f-5286383baf1a, newStatus=PROCESSED","logger_name":"com.example.observability.subscriber.service.OrderProcessingService","thread_name":"global-gcp-pubsub-subscriber2","level":"INFO","level_value":20000,"traceId":"2c3aa3b53053ccda4a1af2d784f172a6","spanId":"bf813c770e9b5ae4","trace_id":"2c3aa3b53053ccda4a1af2d784f172a6","trace_flags":"01","orderId":"dd1fbbcd-f3f1-443a-942f-5286383baf1a","span_id":"bf813c770e9b5ae4","customerId":"customer-001","eventType":"ORDER_CREATED","service":"subscriber-service"}
{"@timestamp":"2025-09-17T17:28:32.588263987-03:00","@version":"1","message":"Order event processed successfully: orderId=dd1fbbcd-f3f1-443a-942f-5286383baf1a","logger_name":"com.example.observability.subscriber.listener.OrderEventListener","thread_name":"global-gcp-pubsub-subscriber2","level":"INFO","level_value":20000,"traceId":"2c3aa3b53053ccda4a1af2d784f172a6","spanId":"bf813c770e9b5ae4","trace_id":"2c3aa3b53053ccda4a1af2d784f172a6","trace_flags":"01","orderId":"dd1fbbcd-f3f1-443a-942f-5286383baf1a","span_id":"bf813c770e9b5ae4","customerId":"customer-001","eventType":"ORDER_CREATED","service":"subscriber-service"}
{"@timestamp":"2025-09-17T17:28:32.895226204-03:00","@version":"1","message":"Processing message with distributed trace context restored","logger_name":"com.example.observability.subscriber.listener.OrderEventListener","thread_name":"global-gcp-pubsub-subscriber4","level":"INFO","level_value":20000,"traceId":"b58caf3add19f14127ab3162858c923f","spanId":"0a055d0a3ac0bd52","trace_id":"b58caf3add19f14127ab3162858c923f","trace_flags":"01","span_id":"8c511261330f10e0","service":"subscriber-service"}
{"@timestamp":"2025-09-17T17:28:32.895784384-03:00","@version":"1","message":"Processing order event: orderId=3818baf3-8bd4-4b23-ae96-190f59191c63, eventType=ORDER_CREATED, customerId=customer-001","logger_name":"com.example.observability.subscriber.listener.OrderEventListener","thread_name":"global-gcp-pubsub-subscriber4","level":"INFO","level_value":20000,"traceId":"b58caf3add19f14127ab3162858c923f","spanId":"0a055d0a3ac0bd52","trace_id":"b58caf3add19f14127ab3162858c923f","trace_flags":"01","orderId":"3818baf3-8bd4-4b23-ae96-190f59191c63","span_id":"8c511261330f10e0","customerId":"customer-001","eventType":"ORDER_CREATED","service":"subscriber-service"}
{"@timestamp":"2025-09-17T17:28:32.896524949-03:00","@version":"1","message":"Processing order event: orderId=3818baf3-8bd4-4b23-ae96-190f59191c63, eventType=ORDER_CREATED, customerId=customer-001","logger_name":"com.example.observability.subscriber.service.OrderProcessingService","thread_name":"global-gcp-pubsub-subscriber4","level":"INFO","level_value":20000,"traceId":"b58caf3add19f14127ab3162858c923f","spanId":"8c511261330f10e0","trace_id":"b58caf3add19f14127ab3162858c923f","trace_flags":"01","orderId":"3818baf3-8bd4-4b23-ae96-190f59191c63","span_id":"8c511261330f10e0","customerId":"customer-001","eventType":"ORDER_CREATED","service":"subscriber-service"}
{"@timestamp":"2025-09-17T17:28:33.013716418-03:00","@version":"1","message":"Order processed successfully: orderId=3818baf3-8bd4-4b23-ae96-190f59191c63, newStatus=PROCESSED","logger_name":"com.example.observability.subscriber.service.OrderProcessingService","thread_name":"global-gcp-pubsub-subscriber4","level":"INFO","level_value":20000,"traceId":"b58caf3add19f14127ab3162858c923f","spanId":"8c511261330f10e0","trace_id":"b58caf3add19f14127ab3162858c923f","trace_flags":"01","orderId":"3818baf3-8bd4-4b23-ae96-190f59191c63","span_id":"8c511261330f10e0","customerId":"customer-001","eventType":"ORDER_CREATED","service":"subscriber-service"}
{"@timestamp":"2025-09-17T17:28:33.015393313-03:00","@version":"1","message":"Order event processed successfully: orderId=3818baf3-8bd4-4b23-ae96-190f59191c63","logger_name":"com.example.observability.subscriber.listener.OrderEventListener","thread_name":"global-gcp-pubsub-subscriber4","level":"INFO","level_value":20000,"traceId":"b58caf3add19f14127ab3162858c923f","spanId":"8c511261330f10e0","trace_id":"b58caf3add19f14127ab3162858c923f","trace_flags":"01","orderId":"3818baf3-8bd4-4b23-ae96-190f59191c63","span_id":"8c511261330f10e0","customerId":"customer-001","eventType":"ORDER_CREATED","service":"subscriber-service"}
{"@timestamp":"2025-09-17T17:28:33.346574891-03:00","@version":"1","message":"Processing message with distributed trace context restored","logger_name":"com.example.observability.subscriber.listener.OrderEventListener","thread_name":"global-gcp-pubsub-subscriber1","level":"INFO","level_value":20000,"traceId":"769f32470491e826ffb7288b350d7beb","spanId":"75ba088373d22e78","trace_id":"769f32470491e826ffb7288b350d7beb","trace_flags":"01","span_id":"a5df66ae65a09440","service":"subscriber-service"}
{"@timestamp":"2025-09-17T17:28:33.347076909-03:00","@version":"1","message":"Processing order event: orderId=8a0430df-0bae-498f-8e9d-3cca51dd1b0d, eventType=ORDER_CREATED, customerId=customer-001","logger_name":"com.example.observability.subscriber.listener.OrderEventListener","thread_name":"global-gcp-pubsub-subscriber1","level":"INFO","level_value":20000,"traceId":"769f32470491e826ffb7288b350d7beb","spanId":"75ba088373d22e78","trace_id":"769f32470491e826ffb7288b350d7beb","trace_flags":"01","orderId":"8a0430df-0bae-498f-8e9d-3cca51dd1b0d","span_id":"a5df66ae65a09440","customerId":"customer-001","eventType":"ORDER_CREATED","service":"subscriber-service"}
{"@timestamp":"2025-09-17T17:28:33.347829079-03:00","@version":"1","message":"Processing order event: orderId=8a0430df-0bae-498f-8e9d-3cca51dd1b0d, eventType=ORDER_CREATED, customerId=customer-001","logger_name":"com.example.observability.subscriber.service.OrderProcessingService","thread_name":"global-gcp-pubsub-subscriber1","level":"INFO","level_value":20000,"traceId":"769f32470491e826ffb7288b350d7beb","spanId":"a5df66ae65a09440","trace_id":"769f32470491e826ffb7288b350d7beb","trace_flags":"01","orderId":"8a0430df-0bae-498f-8e9d-3cca51dd1b0d","span_id":"a5df66ae65a09440","customerId":"customer-001","eventType":"ORDER_CREATED","service":"subscriber-service"}
{"@timestamp":"2025-09-17T17:28:33.512760639-03:00","@version":"1","message":"Order processed successfully: orderId=8a0430df-0bae-498f-8e9d-3cca51dd1b0d, newStatus=PROCESSED","logger_name":"com.example.observability.subscriber.service.OrderProcessingService","thread_name":"global-gcp-pubsub-subscriber1","level":"INFO","level_value":20000,"traceId":"769f32470491e826ffb7288b350d7beb","spanId":"a5df66ae65a09440","trace_id":"769f32470491e826ffb7288b350d7beb","trace_flags":"01","orderId":"8a0430df-0bae-498f-8e9d-3cca51dd1b0d","span_id":"a5df66ae65a09440","customerId":"customer-001","eventType":"ORDER_CREATED","service":"subscriber-service"}
{"@timestamp":"2025-09-17T17:28:33.515119634-03:00","@version":"1","message":"Order event processed successfully: orderId=8a0430df-0bae-498f-8e9d-3cca51dd1b0d","logger_name":"com.example.observability.subscriber.listener.OrderEventListener","thread_name":"global-gcp-pubsub-subscriber1","level":"INFO","level_value":20000,"traceId":"769f32470491e826ffb7288b350d7beb","spanId":"a5df66ae65a09440","trace_id":"769f32470491e826ffb7288b350d7beb","trace_flags":"01","orderId":"8a0430df-0bae-498f-8e9d-3cca51dd1b0d","span_id":"a5df66ae65a09440","customerId":"customer-001","eventType":"ORDER_CREATED","service":"subscriber-service"}
{"@timestamp":"2025-09-17T17:28:33.797533257-03:00","@version":"1","message":"Processing message with distributed trace context restored","logger_name":"com.example.observability.subscriber.listener.OrderEventListener","thread_name":"global-gcp-pubsub-subscriber3","level":"INFO","level_value":20000,"traceId":"b4b1ad470abb6f7aa572067308b7c682","spanId":"4961d81c580895d2","trace_id":"b4b1ad470abb6f7aa572067308b7c682","trace_flags":"01","span_id":"f9aea51b5c6a0030","service":"subscriber-service"}
{"@timestamp":"2025-09-17T17:28:33.797917107-03:00","@version":"1","message":"Processing order event: orderId=9b8b742b-d10b-433a-ba12-758536d748d8, eventType=ORDER_CREATED, customerId=customer-001","logger_name":"com.example.observability.subscriber.listener.OrderEventListener","thread_name":"global-gcp-pubsub-subscriber3","level":"INFO","level_value":20000,"traceId":"b4b1ad470abb6f7aa572067308b7c682","spanId":"4961d81c580895d2","trace_id":"b4b1ad470abb6f7aa572067308b7c682","trace_flags":"01","orderId":"9b8b742b-d10b-433a-ba12-758536d748d8","span_id":"f9aea51b5c6a0030","customerId":"customer-001","eventType":"ORDER_CREATED","service":"subscriber-service"}
{"@timestamp":"2025-09-17T17:28:33.798363625-03:00","@version":"1","message":"Processing order event: orderId=9b8b742b-d10b-433a-ba12-758536d748d8, eventType=ORDER_CREATED, customerId=customer-001","logger_name":"com.example.observability.subscriber.service.OrderProcessingService","thread_name":"global-gcp-pubsub-subscriber3","level":"INFO","level_value":20000,"traceId":"b4b1ad470abb6f7aa572067308b7c682","spanId":"f9aea51b5c6a0030","trace_id":"b4b1ad470abb6f7aa572067308b7c682","trace_flags":"01","orderId":"9b8b742b-d10b-433a-ba12-758536d748d8","span_id":"f9aea51b5c6a0030","customerId":"customer-001","eventType":"ORDER_CREATED","service":"subscriber-service"}
{"@timestamp":"2025-09-17T17:28:34.248757039-03:00","@version":"1","message":"Processing message with distributed trace context restored","logger_name":"com.example.observability.subscriber.listener.OrderEventListener","thread_name":"global-gcp-pubsub-subscriber2","level":"INFO","level_value":20000,"traceId":"12ccec51afa16f6483a9b4560553327a","spanId":"915c112b6c54e90c","trace_id":"12ccec51afa16f6483a9b4560553327a","trace_flags":"01","span_id":"d63cd8402b1d0d4d","service":"subscriber-service"}
{"@timestamp":"2025-09-17T17:28:34.249158203-03:00","@version":"1","message":"Processing order event: orderId=055a45b1-d183-4a29-a4c3-38044679c4b4, eventType=ORDER_CREATED, customerId=customer-001","logger_name":"com.example.observability.subscriber.listener.OrderEventListener","thread_name":"global-gcp-pubsub-subscriber2","level":"INFO","level_value":20000,"traceId":"12ccec51afa16f6483a9b4560553327a","spanId":"915c112b6c54e90c","trace_id":"12ccec51afa16f6483a9b4560553327a","trace_flags":"01","orderId":"055a45b1-d183-4a29-a4c3-38044679c4b4","span_id":"d63cd8402b1d0d4d","customerId":"customer-001","eventType":"ORDER_CREATED","service":"subscriber-service"}
{"@timestamp":"2025-09-17T17:28:34.24971164-03:00","@version":"1","message":"Processing order event: orderId=055a45b1-d183-4a29-a4c3-38044679c4b4, eventType=ORDER_CREATED, customerId=customer-001","logger_name":"com.example.observability.subscriber.service.OrderProcessingService","thread_name":"global-gcp-pubsub-subscriber2","level":"INFO","level_value":20000,"traceId":"12ccec51afa16f6483a9b4560553327a","spanId":"d63cd8402b1d0d4d","trace_id":"12ccec51afa16f6483a9b4560553327a","trace_flags":"01","orderId":"055a45b1-d183-4a29-a4c3-38044679c4b4","span_id":"d63cd8402b1d0d4d","customerId":"customer-001","eventType":"ORDER_CREATED","service":"subscriber-service"}
{"@timestamp":"2025-09-17T17:28:34.276975967-03:00","@version":"1","message":"Order processed successfully: orderId=9b8b742b-d10b-433a-ba12-758536d748d8, newStatus=PROCESSED","logger_name":"com.example.observability.subscriber.service.OrderProcessingService","thread_name":"global-gcp-pubsub-subscriber3","level":"INFO","level_value":20000,"traceId":"b4b1ad470abb6f7aa572067308b7c682","spanId":"f9aea51b5c6a0030","trace_id":"b4b1ad470abb6f7aa572067308b7c682","trace_flags":"01","orderId":"9b8b742b-d10b-433a-ba12-758536d748d8","span_id":"f9aea51b5c6a0030","customerId":"customer-001","eventType":"ORDER_CREATED","service":"subscriber-service"}
{"@timestamp":"2025-09-17T17:28:34.278803311-03:00","@version":"1","message":"Order event processed successfully: orderId=9b8b742b-d10b-433a-ba12-758536d748d8","logger_name":"com.example.observability.subscriber.listener.OrderEventListener","thread_name":"global-gcp-pubsub-subscriber3","level":"INFO","level_value":20000,"traceId":"b4b1ad470abb6f7aa572067308b7c682","spanId":"f9aea51b5c6a0030","trace_id":"b4b1ad470abb6f7aa572067308b7c682","trace_flags":"01","orderId":"9b8b742b-d10b-433a-ba12-758536d748d8","span_id":"f9aea51b5c6a0030","customerId":"customer-001","eventType":"ORDER_CREATED","service":"subscriber-service"}
{"@timestamp":"2025-09-17T17:28:34.576453218-03:00","@version":"1","message":"Order processed successfully: orderId=055a45b1-d183-4a29-a4c3-38044679c4b4, newStatus=PROCESSED","logger_name":"com.example.observability.subscriber.service.OrderProcessingService","thread_name":"global-gcp-pubsub-subscriber2","level":"INFO","level_value":20000,"traceId":"12ccec51afa16f6483a9b4560553327a","spanId":"d63cd8402b1d0d4d","trace_id":"12ccec51afa16f6483a9b4560553327a","trace_flags":"01","orderId":"055a45b1-d183-4a29-a4c3-38044679c4b4","span_id":"d63cd8402b1d0d4d","customerId":"customer-001","eventType":"ORDER_CREATED","service":"subscriber-service"}
{"@timestamp":"2025-09-17T17:28:34.578885041-03:00","@version":"1","message":"Order event processed successfully: orderId=055a45b1-d183-4a29-a4c3-38044679c4b4","logger_name":"com.example.observability.subscriber.listener.OrderEventListener","thread_name":"global-gcp-pubsub-subscriber2","level":"INFO","level_value":20000,"traceId":"12ccec51afa16f6483a9b4560553327a","spanId":"d63cd8402b1d0d4d","trace_id":"12ccec51afa16f6483a9b4560553327a","trace_flags":"01","orderId":"055a45b1-d183-4a29-a4c3-38044679c4b4","span_id":"d63cd8402b1d0d4d","customerId":"customer-001","eventType":"ORDER_CREATED","service":"subscriber-service"}
